Analysis & Synthesis report for VGA_Subsystem
Mon May 11 23:13:26 2026
Quartus Prime Version 22.1std.0 Build 915 10/25/2022 SC Standard Edition


---------------------
; Table of Contents ;
---------------------
  1. Legal Notice
  2. Analysis & Synthesis Summary
  3. Analysis & Synthesis Settings
  4. Parallel Compilation
  5. Analysis & Synthesis Source Files Read
  6. Analysis & Synthesis Resource Usage Summary
  7. Analysis & Synthesis Resource Utilization by Entity
  8. Analysis & Synthesis RAM Summary
  9. Analysis & Synthesis IP Cores Summary
 10. State Machine - |top|vga_subsystem_top:inst_vga_subsystem|state
 11. State Machine - |top|vga_subsystem_top:inst_vga_subsystem|sdram:sdram_ctrl|SdrRoutine
 12. Registers Protected by Synthesis
 13. Registers Removed During Synthesis
 14. General Register Statistics
 15. Inverted Register Statistics
 16. Physical Synthesis Netlist Optimizations
 17. Multiplexer Restructuring Statistics (No Restructuring Performed)
 18. Source assignments for vga_subsystem_top:inst_vga_subsystem|vga_fifo:pixel_fifo|dcfifo:dcfifo_component
 19. Source assignments for vga_subsystem_top:inst_vga_subsystem|vga_fifo:pixel_fifo|dcfifo:dcfifo_component|dcfifo_eok1:auto_generated
 20. Source assignments for vga_subsystem_top:inst_vga_subsystem|vga_fifo:pixel_fifo|dcfifo:dcfifo_component|dcfifo_eok1:auto_generated|a_graycounter_t57:rdptr_g1p
 21. Source assignments for vga_subsystem_top:inst_vga_subsystem|vga_fifo:pixel_fifo|dcfifo:dcfifo_component|dcfifo_eok1:auto_generated|a_graycounter_pjc:wrptr_g1p
 22. Source assignments for vga_subsystem_top:inst_vga_subsystem|vga_fifo:pixel_fifo|dcfifo:dcfifo_component|dcfifo_eok1:auto_generated|altsyncram_7o41:fifo_ram
 23. Source assignments for vga_subsystem_top:inst_vga_subsystem|vga_fifo:pixel_fifo|dcfifo:dcfifo_component|dcfifo_eok1:auto_generated|dffpipe_3dc:rdaclr
 24. Source assignments for vga_subsystem_top:inst_vga_subsystem|vga_fifo:pixel_fifo|dcfifo:dcfifo_component|dcfifo_eok1:auto_generated|alt_synch_pipe_0ol:rs_dgwp
 25. Source assignments for vga_subsystem_top:inst_vga_subsystem|vga_fifo:pixel_fifo|dcfifo:dcfifo_component|dcfifo_eok1:auto_generated|alt_synch_pipe_0ol:rs_dgwp|dffpipe_hd9:dffpipe14
 26. Source assignments for vga_subsystem_top:inst_vga_subsystem|vga_fifo:pixel_fifo|dcfifo:dcfifo_component|dcfifo_eok1:auto_generated|dffpipe_3dc:wraclr
 27. Source assignments for vga_subsystem_top:inst_vga_subsystem|vga_fifo:pixel_fifo|dcfifo:dcfifo_component|dcfifo_eok1:auto_generated|dffpipe_gd9:ws_brp
 28. Source assignments for vga_subsystem_top:inst_vga_subsystem|vga_fifo:pixel_fifo|dcfifo:dcfifo_component|dcfifo_eok1:auto_generated|dffpipe_gd9:ws_bwp
 29. Source assignments for vga_subsystem_top:inst_vga_subsystem|vga_fifo:pixel_fifo|dcfifo:dcfifo_component|dcfifo_eok1:auto_generated|alt_synch_pipe_1ol:ws_dgrp
 30. Source assignments for vga_subsystem_top:inst_vga_subsystem|vga_fifo:pixel_fifo|dcfifo:dcfifo_component|dcfifo_eok1:auto_generated|alt_synch_pipe_1ol:ws_dgrp|dffpipe_id9:dffpipe18
 31. Source assignments for vga_subsystem_top:inst_vga_subsystem|ram2:read_buffer|altsyncram:altsyncram_component|altsyncram_mno3:auto_generated
 32. Source assignments for DCLK_BUF:u_dram_clk_gen|altddio_out:ALTDDIO_OUT_component
 33. Source assignments for DCLK_BUF:u_dram_clk_gen|altddio_out:ALTDDIO_OUT_component|ddio_out_p9j:auto_generated
 34. Parameter Settings for User Entity Instance: pll_vga:inst_pll_vga|altpll:altpll_component
 35. Parameter Settings for User Entity Instance: vga_subsystem_top:inst_vga_subsystem|vga_fifo:pixel_fifo|dcfifo:dcfifo_component
 36. Parameter Settings for User Entity Instance: vga_subsystem_top:inst_vga_subsystem|sdram:sdram_ctrl
 37. Parameter Settings for User Entity Instance: vga_subsystem_top:inst_vga_subsystem|ram2:read_buffer|altsyncram:altsyncram_component
 38. Parameter Settings for User Entity Instance: vga_subsystem_top:inst_vga_subsystem|vgaout:vga_engine
 39. Parameter Settings for User Entity Instance: DCLK_BUF:u_dram_clk_gen|altddio_out:ALTDDIO_OUT_component
 40. altpll Parameter Settings by Entity Instance
 41. dcfifo Parameter Settings by Entity Instance
 42. altsyncram Parameter Settings by Entity Instance
 43. Port Connectivity Checks: "DCLK_BUF:u_dram_clk_gen"
 44. Port Connectivity Checks: "vga_subsystem_top:inst_vga_subsystem|vgaout:vga_engine"
 45. Port Connectivity Checks: "vga_subsystem_top:inst_vga_subsystem|vga_fifo:pixel_fifo"
 46. Port Connectivity Checks: "vga_subsystem_top:inst_vga_subsystem"
 47. Post-Synthesis Netlist Statistics for Top Partition
 48. Elapsed Time Per Partition
 49. Analysis & Synthesis Messages



----------------
; Legal Notice ;
----------------
Copyright (C) 2022  Intel Corporation. All rights reserved.
Your use of Intel Corporation's design tools, logic functions 
and other software and tools, and any partner logic 
functions, and any output files from any of the foregoing 
(including device programming or simulation files), and any 
associated documentation or information are expressly subject 
to the terms and conditions of the Intel Program License 
Subscription Agreement, the Intel Quartus Prime License Agreement,
the Intel FPGA IP License Agreement, or other applicable license
agreement, including, without limitation, that your use is for
the sole purpose of programming logic devices manufactured by
Intel and sold by Intel or its authorized distributors.  Please
refer to the applicable agreement for further details, at
https://fpgasoftware.intel.com/eula.



+-----------------------------------------------------------------------------------------+
; Analysis & Synthesis Summary                                                            ;
+------------------------------------+----------------------------------------------------+
; Analysis & Synthesis Status        ; Successful - Mon May 11 23:13:26 2026              ;
; Quartus Prime Version              ; 22.1std.0 Build 915 10/25/2022 SC Standard Edition ;
; Revision Name                      ; VGA_Subsystem                                      ;
; Top-level Entity Name              ; top                                                ;
; Family                             ; Cyclone IV E                                       ;
; Total logic elements               ; 689                                                ;
;     Total combinational functions  ; 451                                                ;
;     Dedicated logic registers      ; 446                                                ;
; Total registers                    ; 448                                                ;
; Total pins                         ; 92                                                 ;
; Total virtual pins                 ; 0                                                  ;
; Total memory bits                  ; 26,624                                             ;
; Embedded Multiplier 9-bit elements ; 0                                                  ;
; Total PLLs                         ; 1                                                  ;
+------------------------------------+----------------------------------------------------+


+------------------------------------------------------------------------------------------------------------+
; Analysis & Synthesis Settings                                                                              ;
+------------------------------------------------------------------+--------------------+--------------------+
; Option                                                           ; Setting            ; Default Value      ;
+------------------------------------------------------------------+--------------------+--------------------+
; Device                                                           ; EP4CE22F17C6       ;                    ;
; Top-level entity name                                            ; top                ; VGA_Subsystem      ;
; Family name                                                      ; Cyclone IV E       ; Cyclone V          ;
; Maximum processors allowed for parallel compilation              ; 4                  ;                    ;
; Restructure Multiplexers                                         ; Off                ; Auto               ;
; VHDL Show LMF Mapping Messages                                   ; Off                ;                    ;
; VHDL Version                                                     ; VHDL_2008          ; VHDL_1993          ;
; Use smart compilation                                            ; Off                ; Off                ;
; Enable parallel Assembler and Timing Analyzer during compilation ; On                 ; On                 ;
; Enable compact report table                                      ; Off                ; Off                ;
; Create Debugging Nodes for IP Cores                              ; Off                ; Off                ;
; Preserve fewer node names                                        ; On                 ; On                 ;
; Intel FPGA IP Evaluation Mode                                    ; Enable             ; Enable             ;
; Verilog Version                                                  ; Verilog_2001       ; Verilog_2001       ;
; State Machine Processing                                         ; Auto               ; Auto               ;
; Safe State Machine                                               ; Off                ; Off                ;
; Extract Verilog State Machines                                   ; On                 ; On                 ;
; Extract VHDL State Machines                                      ; On                 ; On                 ;
; Ignore Verilog initial constructs                                ; Off                ; Off                ;
; Iteration limit for constant Verilog loops                       ; 5000               ; 5000               ;
; Iteration limit for non-constant Verilog loops                   ; 250                ; 250                ;
; Add Pass-Through Logic to Inferred RAMs                          ; On                 ; On                 ;
; Infer RAMs from Raw Logic                                        ; On                 ; On                 ;
; Parallel Synthesis                                               ; On                 ; On                 ;
; DSP Block Balancing                                              ; Auto               ; Auto               ;
; NOT Gate Push-Back                                               ; On                 ; On                 ;
; Power-Up Don't Care                                              ; On                 ; On                 ;
; Remove Redundant Logic Cells                                     ; Off                ; Off                ;
; Remove Duplicate Registers                                       ; On                 ; On                 ;
; Ignore CARRY Buffers                                             ; Off                ; Off                ;
; Ignore CASCADE Buffers                                           ; Off                ; Off                ;
; Ignore GLOBAL Buffers                                            ; Off                ; Off                ;
; Ignore ROW GLOBAL Buffers                                        ; Off                ; Off                ;
; Ignore LCELL Buffers                                             ; Off                ; Off                ;
; Ignore SOFT Buffers                                              ; On                 ; On                 ;
; Limit AHDL Integers to 32 Bits                                   ; Off                ; Off                ;
; Optimization Technique                                           ; Balanced           ; Balanced           ;
; Carry Chain Length                                               ; 70                 ; 70                 ;
; Auto Carry Chains                                                ; On                 ; On                 ;
; Auto Open-Drain Pins                                             ; On                 ; On                 ;
; Perform WYSIWYG Primitive Resynthesis                            ; Off                ; Off                ;
; Auto ROM Replacement                                             ; On                 ; On                 ;
; Auto RAM Replacement                                             ; On                 ; On                 ;
; Auto DSP Block Replacement                                       ; On                 ; On                 ;
; Auto Shift Register Replacement                                  ; Auto               ; Auto               ;
; Allow Shift Register Merging across Hierarchies                  ; Auto               ; Auto               ;
; Auto Clock Enable Replacement                                    ; On                 ; On                 ;
; Strict RAM Replacement                                           ; Off                ; Off                ;
; Allow Synchronous Control Signals                                ; On                 ; On                 ;
; Force Use of Synchronous Clear Signals                           ; Off                ; Off                ;
; Auto RAM Block Balancing                                         ; On                 ; On                 ;
; Auto RAM to Logic Cell Conversion                                ; Off                ; Off                ;
; Auto Resource Sharing                                            ; Off                ; Off                ;
; Allow Any RAM Size For Recognition                               ; Off                ; Off                ;
; Allow Any ROM Size For Recognition                               ; Off                ; Off                ;
; Allow Any Shift Register Size For Recognition                    ; Off                ; Off                ;
; Use LogicLock Constraints during Resource Balancing              ; On                 ; On                 ;
; Ignore translate_off and synthesis_off directives                ; Off                ; Off                ;
; Timing-Driven Synthesis                                          ; On                 ; On                 ;
; Report Parameter Settings                                        ; On                 ; On                 ;
; Report Source Assignments                                        ; On                 ; On                 ;
; Report Connectivity Checks                                       ; On                 ; On                 ;
; Ignore Maximum Fan-Out Assignments                               ; Off                ; Off                ;
; Synchronization Register Chain Length                            ; 2                  ; 2                  ;
; Power Optimization During Synthesis                              ; Normal compilation ; Normal compilation ;
; HDL message level                                                ; Level2             ; Level2             ;
; Suppress Register Optimization Related Messages                  ; Off                ; Off                ;
; Number of Removed Registers Reported in Synthesis Report         ; 5000               ; 5000               ;
; Number of Swept Nodes Reported in Synthesis Report               ; 5000               ; 5000               ;
; Number of Inverted Registers Reported in Synthesis Report        ; 100                ; 100                ;
; Clock MUX Protection                                             ; On                 ; On                 ;
; Auto Gated Clock Conversion                                      ; Off                ; Off                ;
; Block Design Naming                                              ; Auto               ; Auto               ;
; SDC constraint protection                                        ; Off                ; Off                ;
; Synthesis Effort                                                 ; Auto               ; Auto               ;
; Shift Register Replacement - Allow Asynchronous Clear Signal     ; On                 ; On                 ;
; Pre-Mapping Resynthesis Optimization                             ; Off                ; Off                ;
; Analysis & Synthesis Message Level                               ; Medium             ; Medium             ;
; Disable Register Merging Across Hierarchies                      ; Auto               ; Auto               ;
; Resource Aware Inference For Block RAM                           ; On                 ; On                 ;
+------------------------------------------------------------------+--------------------+--------------------+


+------------------------------------------+
; Parallel Compilation                     ;
+----------------------------+-------------+
; Processors                 ; Number      ;
+----------------------------+-------------+
; Number detected on machine ; 8           ;
; Maximum allowed            ; 4           ;
;                            ;             ;
; Average used               ; 1.00        ;
; Maximum used               ; 4           ;
;                            ;             ;
; Usage by Processor         ; % Time Used ;
;     Processor 1            ; 100.0%      ;
;     Processor 2            ;   0.0%      ;
;     Processors 3-4         ;   0.0%      ;
+----------------------------+-------------+


+--------------------------------------------------------------------------------------------------------------------------------------------------------------------------+
; Analysis & Synthesis Source Files Read                                                                                                                                   ;
+----------------------------------+-----------------+------------------------------+----------------------------------------------------------------------------+---------+
; File Name with User-Entered Path ; Used in Netlist ; File Type                    ; File Name with Absolute Path                                               ; Library ;
+----------------------------------+-----------------+------------------------------+----------------------------------------------------------------------------+---------+
; src/VGA/DCLK_BUF.vhd             ; yes             ; User Wizard-Generated File   ; D:/LAVORI/VGA_SUBSYSTEM_V3/src/VGA/DCLK_BUF.vhd                            ;         ;
; src/VGA/vgaout.vhd               ; yes             ; User VHDL File               ; D:/LAVORI/VGA_SUBSYSTEM_V3/src/VGA/vgaout.vhd                              ;         ;
; src/VGA/sdram.vhd                ; yes             ; User VHDL File               ; D:/LAVORI/VGA_SUBSYSTEM_V3/src/VGA/sdram.vhd                               ;         ;
; src/VGA/ram2.vhd                 ; yes             ; User Wizard-Generated File   ; D:/LAVORI/VGA_SUBSYSTEM_V3/src/VGA/ram2.vhd                                ;         ;
; src/VGA/vga_fifo.vhd             ; yes             ; User Wizard-Generated File   ; D:/LAVORI/VGA_SUBSYSTEM_V3/src/VGA/vga_fifo.vhd                            ;         ;
; src/top.vhd                      ; yes             ; User VHDL File               ; D:/LAVORI/VGA_SUBSYSTEM_V3/src/top.vhd                                     ;         ;
; src/VGA/vga_subsystem_top.vhd    ; yes             ; User VHDL File               ; D:/LAVORI/VGA_SUBSYSTEM_V3/src/VGA/vga_subsystem_top.vhd                   ;         ;
; src/pll/pll_vga.vhd              ; yes             ; User Wizard-Generated File   ; D:/LAVORI/VGA_SUBSYSTEM_V3/src/pll/pll_vga.vhd                             ;         ;
; altpll.tdf                       ; yes             ; Megafunction                 ; c:/intelfpga/22.1std/quartus/libraries/megafunctions/altpll.tdf            ;         ;
; aglobal221.inc                   ; yes             ; Megafunction                 ; c:/intelfpga/22.1std/quartus/libraries/megafunctions/aglobal221.inc        ;         ;
; stratix_pll.inc                  ; yes             ; Megafunction                 ; c:/intelfpga/22.1std/quartus/libraries/megafunctions/stratix_pll.inc       ;         ;
; stratixii_pll.inc                ; yes             ; Megafunction                 ; c:/intelfpga/22.1std/quartus/libraries/megafunctions/stratixii_pll.inc     ;         ;
; cycloneii_pll.inc                ; yes             ; Megafunction                 ; c:/intelfpga/22.1std/quartus/libraries/megafunctions/cycloneii_pll.inc     ;         ;
; db/pll_vga_altpll.v              ; yes             ; Auto-Generated Megafunction  ; D:/LAVORI/VGA_SUBSYSTEM_V3/db/pll_vga_altpll.v                             ;         ;
; dcfifo.tdf                       ; yes             ; Megafunction                 ; c:/intelfpga/22.1std/quartus/libraries/megafunctions/dcfifo.tdf            ;         ;
; lpm_counter.inc                  ; yes             ; Megafunction                 ; c:/intelfpga/22.1std/quartus/libraries/megafunctions/lpm_counter.inc       ;         ;
; lpm_add_sub.inc                  ; yes             ; Megafunction                 ; c:/intelfpga/22.1std/quartus/libraries/megafunctions/lpm_add_sub.inc       ;         ;
; altdpram.inc                     ; yes             ; Megafunction                 ; c:/intelfpga/22.1std/quartus/libraries/megafunctions/altdpram.inc          ;         ;
; a_graycounter.inc                ; yes             ; Megafunction                 ; c:/intelfpga/22.1std/quartus/libraries/megafunctions/a_graycounter.inc     ;         ;
; a_fefifo.inc                     ; yes             ; Megafunction                 ; c:/intelfpga/22.1std/quartus/libraries/megafunctions/a_fefifo.inc          ;         ;
; a_gray2bin.inc                   ; yes             ; Megafunction                 ; c:/intelfpga/22.1std/quartus/libraries/megafunctions/a_gray2bin.inc        ;         ;
; dffpipe.inc                      ; yes             ; Megafunction                 ; c:/intelfpga/22.1std/quartus/libraries/megafunctions/dffpipe.inc           ;         ;
; alt_sync_fifo.inc                ; yes             ; Megafunction                 ; c:/intelfpga/22.1std/quartus/libraries/megafunctions/alt_sync_fifo.inc     ;         ;
; lpm_compare.inc                  ; yes             ; Megafunction                 ; c:/intelfpga/22.1std/quartus/libraries/megafunctions/lpm_compare.inc       ;         ;
; altsyncram_fifo.inc              ; yes             ; Megafunction                 ; c:/intelfpga/22.1std/quartus/libraries/megafunctions/altsyncram_fifo.inc   ;         ;
; db/dcfifo_eok1.tdf               ; yes             ; Auto-Generated Megafunction  ; D:/LAVORI/VGA_SUBSYSTEM_V3/db/dcfifo_eok1.tdf                              ;         ;
; db/a_gray2bin_ugb.tdf            ; yes             ; Auto-Generated Megafunction  ; D:/LAVORI/VGA_SUBSYSTEM_V3/db/a_gray2bin_ugb.tdf                           ;         ;
; db/a_graycounter_t57.tdf         ; yes             ; Auto-Generated Megafunction  ; D:/LAVORI/VGA_SUBSYSTEM_V3/db/a_graycounter_t57.tdf                        ;         ;
; db/a_graycounter_pjc.tdf         ; yes             ; Auto-Generated Megafunction  ; D:/LAVORI/VGA_SUBSYSTEM_V3/db/a_graycounter_pjc.tdf                        ;         ;
; db/altsyncram_7o41.tdf           ; yes             ; Auto-Generated Megafunction  ; D:/LAVORI/VGA_SUBSYSTEM_V3/db/altsyncram_7o41.tdf                          ;         ;
; db/dffpipe_3dc.tdf               ; yes             ; Auto-Generated Megafunction  ; D:/LAVORI/VGA_SUBSYSTEM_V3/db/dffpipe_3dc.tdf                              ;         ;
; db/alt_synch_pipe_0ol.tdf        ; yes             ; Auto-Generated Megafunction  ; D:/LAVORI/VGA_SUBSYSTEM_V3/db/alt_synch_pipe_0ol.tdf                       ;         ;
; db/dffpipe_hd9.tdf               ; yes             ; Auto-Generated Megafunction  ; D:/LAVORI/VGA_SUBSYSTEM_V3/db/dffpipe_hd9.tdf                              ;         ;
; db/dffpipe_gd9.tdf               ; yes             ; Auto-Generated Megafunction  ; D:/LAVORI/VGA_SUBSYSTEM_V3/db/dffpipe_gd9.tdf                              ;         ;
; db/alt_synch_pipe_1ol.tdf        ; yes             ; Auto-Generated Megafunction  ; D:/LAVORI/VGA_SUBSYSTEM_V3/db/alt_synch_pipe_1ol.tdf                       ;         ;
; db/dffpipe_id9.tdf               ; yes             ; Auto-Generated Megafunction  ; D:/LAVORI/VGA_SUBSYSTEM_V3/db/dffpipe_id9.tdf                              ;         ;
; db/cmpr_b66.tdf                  ; yes             ; Auto-Generated Megafunction  ; D:/LAVORI/VGA_SUBSYSTEM_V3/db/cmpr_b66.tdf                                 ;         ;
; db/cmpr_a66.tdf                  ; yes             ; Auto-Generated Megafunction  ; D:/LAVORI/VGA_SUBSYSTEM_V3/db/cmpr_a66.tdf                                 ;         ;
; db/mux_j28.tdf                   ; yes             ; Auto-Generated Megafunction  ; D:/LAVORI/VGA_SUBSYSTEM_V3/db/mux_j28.tdf                                  ;         ;
; altsyncram.tdf                   ; yes             ; Megafunction                 ; c:/intelfpga/22.1std/quartus/libraries/megafunctions/altsyncram.tdf        ;         ;
; stratix_ram_block.inc            ; yes             ; Megafunction                 ; c:/intelfpga/22.1std/quartus/libraries/megafunctions/stratix_ram_block.inc ;         ;
; lpm_mux.inc                      ; yes             ; Megafunction                 ; c:/intelfpga/22.1std/quartus/libraries/megafunctions/lpm_mux.inc           ;         ;
; lpm_decode.inc                   ; yes             ; Megafunction                 ; c:/intelfpga/22.1std/quartus/libraries/megafunctions/lpm_decode.inc        ;         ;
; a_rdenreg.inc                    ; yes             ; Megafunction                 ; c:/intelfpga/22.1std/quartus/libraries/megafunctions/a_rdenreg.inc         ;         ;
; altrom.inc                       ; yes             ; Megafunction                 ; c:/intelfpga/22.1std/quartus/libraries/megafunctions/altrom.inc            ;         ;
; altram.inc                       ; yes             ; Megafunction                 ; c:/intelfpga/22.1std/quartus/libraries/megafunctions/altram.inc            ;         ;
; db/altsyncram_mno3.tdf           ; yes             ; Auto-Generated Megafunction  ; D:/LAVORI/VGA_SUBSYSTEM_V3/db/altsyncram_mno3.tdf                          ;         ;
; altddio_out.tdf                  ; yes             ; Megafunction                 ; c:/intelfpga/22.1std/quartus/libraries/megafunctions/altddio_out.tdf       ;         ;
; stratix_ddio.inc                 ; yes             ; Megafunction                 ; c:/intelfpga/22.1std/quartus/libraries/megafunctions/stratix_ddio.inc      ;         ;
; cyclone_ddio.inc                 ; yes             ; Megafunction                 ; c:/intelfpga/22.1std/quartus/libraries/megafunctions/cyclone_ddio.inc      ;         ;
; stratix_lcell.inc                ; yes             ; Megafunction                 ; c:/intelfpga/22.1std/quartus/libraries/megafunctions/stratix_lcell.inc     ;         ;
; db/ddio_out_p9j.tdf              ; yes             ; Auto-Generated Megafunction  ; D:/LAVORI/VGA_SUBSYSTEM_V3/db/ddio_out_p9j.tdf                             ;         ;
+----------------------------------+-----------------+------------------------------+----------------------------------------------------------------------------+---------+


+-------------------------------------------------------------------------------------------------------------------------------------------+
; Analysis & Synthesis Resource Usage Summary                                                                                               ;
+---------------------------------------------+---------------------------------------------------------------------------------------------+
; Resource                                    ; Usage                                                                                       ;
+---------------------------------------------+---------------------------------------------------------------------------------------------+
; Estimated Total logic elements              ; 689                                                                                         ;
;                                             ;                                                                                             ;
; Total combinational functions               ; 451                                                                                         ;
; Logic element usage by number of LUT inputs ;                                                                                             ;
;     -- 4 input functions                    ; 241                                                                                         ;
;     -- 3 input functions                    ; 108                                                                                         ;
;     -- <=2 input functions                  ; 102                                                                                         ;
;                                             ;                                                                                             ;
; Logic elements by mode                      ;                                                                                             ;
;     -- normal mode                          ; 402                                                                                         ;
;     -- arithmetic mode                      ; 49                                                                                          ;
;                                             ;                                                                                             ;
; Total registers                             ; 448                                                                                         ;
;     -- Dedicated logic registers            ; 446                                                                                         ;
;     -- I/O registers                        ; 4                                                                                           ;
;                                             ;                                                                                             ;
; I/O pins                                    ; 92                                                                                          ;
; Total memory bits                           ; 26624                                                                                       ;
;                                             ;                                                                                             ;
; Embedded Multiplier 9-bit elements          ; 0                                                                                           ;
;                                             ;                                                                                             ;
; Total PLLs                                  ; 1                                                                                           ;
;     -- PLLs                                 ; 1                                                                                           ;
;                                             ;                                                                                             ;
; Maximum fan-out node                        ; pll_vga:inst_pll_vga|altpll:altpll_component|pll_vga_altpll:auto_generated|wire_pll1_clk[0] ;
; Maximum fan-out                             ; 505                                                                                         ;
; Total fan-out                               ; 4177                                                                                        ;
; Average fan-out                             ; 3.62                                                                                        ;
+---------------------------------------------+---------------------------------------------------------------------------------------------+


+------------------------------------------------------------------------------------------------------------------------------------------------------------------------------------------------------------------------------------------------------------------------------------------------------------------------------------------------------------------------------------+
; Analysis & Synthesis Resource Utilization by Entity                                                                                                                                                                                                                                                                                                                                ;
+-------------------------------------------------+---------------------+---------------------------+-------------+--------------+---------+-----------+------+--------------+-------------------------------------------------------------------------------------------------------------------------------------------------------------------+--------------------+--------------+
; Compilation Hierarchy Node                      ; Combinational ALUTs ; Dedicated Logic Registers ; Memory Bits ; DSP Elements ; DSP 9x9 ; DSP 18x18 ; Pins ; Virtual Pins ; Full Hierarchy Name                                                                                                                                               ; Entity Name        ; Library Name ;
+-------------------------------------------------+---------------------+---------------------------+-------------+--------------+---------+-----------+------+--------------+-------------------------------------------------------------------------------------------------------------------------------------------------------------------+--------------------+--------------+
; |top                                            ; 451 (1)             ; 446 (0)                   ; 26624       ; 0            ; 0       ; 0         ; 92   ; 0            ; |top                                                                                                                                                              ; top                ; work         ;
;    |DCLK_BUF:u_dram_clk_gen|                    ; 0 (0)               ; 0 (0)                     ; 0           ; 0            ; 0       ; 0         ; 0    ; 0            ; |top|DCLK_BUF:u_dram_clk_gen                                                                                                                                      ; DCLK_BUF           ; work         ;
;       |altddio_out:ALTDDIO_OUT_component|       ; 0 (0)               ; 0 (0)                     ; 0           ; 0            ; 0       ; 0         ; 0    ; 0            ; |top|DCLK_BUF:u_dram_clk_gen|altddio_out:ALTDDIO_OUT_component                                                                                                    ; altddio_out        ; work         ;
;          |ddio_out_p9j:auto_generated|          ; 0 (0)               ; 0 (0)                     ; 0           ; 0            ; 0       ; 0         ; 0    ; 0            ; |top|DCLK_BUF:u_dram_clk_gen|altddio_out:ALTDDIO_OUT_component|ddio_out_p9j:auto_generated                                                                        ; ddio_out_p9j       ; work         ;
;    |pll_vga:inst_pll_vga|                       ; 0 (0)               ; 0 (0)                     ; 0           ; 0            ; 0       ; 0         ; 0    ; 0            ; |top|pll_vga:inst_pll_vga                                                                                                                                         ; pll_vga            ; work         ;
;       |altpll:altpll_component|                 ; 0 (0)               ; 0 (0)                     ; 0           ; 0            ; 0       ; 0         ; 0    ; 0            ; |top|pll_vga:inst_pll_vga|altpll:altpll_component                                                                                                                 ; altpll             ; work         ;
;          |pll_vga_altpll:auto_generated|        ; 0 (0)               ; 0 (0)                     ; 0           ; 0            ; 0       ; 0         ; 0    ; 0            ; |top|pll_vga:inst_pll_vga|altpll:altpll_component|pll_vga_altpll:auto_generated                                                                                   ; pll_vga_altpll     ; work         ;
;    |vga_subsystem_top:inst_vga_subsystem|       ; 450 (105)           ; 446 (142)                 ; 26624       ; 0            ; 0       ; 0         ; 0    ; 0            ; |top|vga_subsystem_top:inst_vga_subsystem                                                                                                                         ; vga_subsystem_top  ; work         ;
;       |ram2:read_buffer|                        ; 0 (0)               ; 0 (0)                     ; 16384       ; 0            ; 0       ; 0         ; 0    ; 0            ; |top|vga_subsystem_top:inst_vga_subsystem|ram2:read_buffer                                                                                                        ; ram2               ; work         ;
;          |altsyncram:altsyncram_component|      ; 0 (0)               ; 0 (0)                     ; 16384       ; 0            ; 0       ; 0         ; 0    ; 0            ; |top|vga_subsystem_top:inst_vga_subsystem|ram2:read_buffer|altsyncram:altsyncram_component                                                                        ; altsyncram         ; work         ;
;             |altsyncram_mno3:auto_generated|    ; 0 (0)               ; 0 (0)                     ; 16384       ; 0            ; 0       ; 0         ; 0    ; 0            ; |top|vga_subsystem_top:inst_vga_subsystem|ram2:read_buffer|altsyncram:altsyncram_component|altsyncram_mno3:auto_generated                                         ; altsyncram_mno3    ; work         ;
;       |sdram:sdram_ctrl|                        ; 188 (188)           ; 142 (142)                 ; 0           ; 0            ; 0       ; 0         ; 0    ; 0            ; |top|vga_subsystem_top:inst_vga_subsystem|sdram:sdram_ctrl                                                                                                        ; sdram              ; work         ;
;       |vga_fifo:pixel_fifo|                     ; 66 (0)              ; 97 (0)                    ; 10240       ; 0            ; 0       ; 0         ; 0    ; 0            ; |top|vga_subsystem_top:inst_vga_subsystem|vga_fifo:pixel_fifo                                                                                                     ; vga_fifo           ; work         ;
;          |dcfifo:dcfifo_component|              ; 66 (0)              ; 97 (0)                    ; 10240       ; 0            ; 0       ; 0         ; 0    ; 0            ; |top|vga_subsystem_top:inst_vga_subsystem|vga_fifo:pixel_fifo|dcfifo:dcfifo_component                                                                             ; dcfifo             ; work         ;
;             |dcfifo_eok1:auto_generated|        ; 66 (7)              ; 97 (31)                   ; 10240       ; 0            ; 0       ; 0         ; 0    ; 0            ; |top|vga_subsystem_top:inst_vga_subsystem|vga_fifo:pixel_fifo|dcfifo:dcfifo_component|dcfifo_eok1:auto_generated                                                  ; dcfifo_eok1        ; work         ;
;                |a_graycounter_pjc:wrptr_g1p|    ; 16 (16)             ; 13 (13)                   ; 0           ; 0            ; 0       ; 0         ; 0    ; 0            ; |top|vga_subsystem_top:inst_vga_subsystem|vga_fifo:pixel_fifo|dcfifo:dcfifo_component|dcfifo_eok1:auto_generated|a_graycounter_pjc:wrptr_g1p                      ; a_graycounter_pjc  ; work         ;
;                |a_graycounter_t57:rdptr_g1p|    ; 17 (17)             ; 13 (13)                   ; 0           ; 0            ; 0       ; 0         ; 0    ; 0            ; |top|vga_subsystem_top:inst_vga_subsystem|vga_fifo:pixel_fifo|dcfifo:dcfifo_component|dcfifo_eok1:auto_generated|a_graycounter_t57:rdptr_g1p                      ; a_graycounter_t57  ; work         ;
;                |alt_synch_pipe_0ol:rs_dgwp|     ; 0 (0)               ; 18 (0)                    ; 0           ; 0            ; 0       ; 0         ; 0    ; 0            ; |top|vga_subsystem_top:inst_vga_subsystem|vga_fifo:pixel_fifo|dcfifo:dcfifo_component|dcfifo_eok1:auto_generated|alt_synch_pipe_0ol:rs_dgwp                       ; alt_synch_pipe_0ol ; work         ;
;                   |dffpipe_hd9:dffpipe14|       ; 0 (0)               ; 18 (18)                   ; 0           ; 0            ; 0       ; 0         ; 0    ; 0            ; |top|vga_subsystem_top:inst_vga_subsystem|vga_fifo:pixel_fifo|dcfifo:dcfifo_component|dcfifo_eok1:auto_generated|alt_synch_pipe_0ol:rs_dgwp|dffpipe_hd9:dffpipe14 ; dffpipe_hd9        ; work         ;
;                |alt_synch_pipe_1ol:ws_dgrp|     ; 0 (0)               ; 18 (0)                    ; 0           ; 0            ; 0       ; 0         ; 0    ; 0            ; |top|vga_subsystem_top:inst_vga_subsystem|vga_fifo:pixel_fifo|dcfifo:dcfifo_component|dcfifo_eok1:auto_generated|alt_synch_pipe_1ol:ws_dgrp                       ; alt_synch_pipe_1ol ; work         ;
;                   |dffpipe_id9:dffpipe18|       ; 0 (0)               ; 18 (18)                   ; 0           ; 0            ; 0       ; 0         ; 0    ; 0            ; |top|vga_subsystem_top:inst_vga_subsystem|vga_fifo:pixel_fifo|dcfifo:dcfifo_component|dcfifo_eok1:auto_generated|alt_synch_pipe_1ol:ws_dgrp|dffpipe_id9:dffpipe18 ; dffpipe_id9        ; work         ;
;                |altsyncram_7o41:fifo_ram|       ; 0 (0)               ; 0 (0)                     ; 10240       ; 0            ; 0       ; 0         ; 0    ; 0            ; |top|vga_subsystem_top:inst_vga_subsystem|vga_fifo:pixel_fifo|dcfifo:dcfifo_component|dcfifo_eok1:auto_generated|altsyncram_7o41:fifo_ram                         ; altsyncram_7o41    ; work         ;
;                |dffpipe_3dc:rdaclr|             ; 0 (0)               ; 2 (2)                     ; 0           ; 0            ; 0       ; 0         ; 0    ; 0            ; |top|vga_subsystem_top:inst_vga_subsystem|vga_fifo:pixel_fifo|dcfifo:dcfifo_component|dcfifo_eok1:auto_generated|dffpipe_3dc:rdaclr                               ; dffpipe_3dc        ; work         ;
;                |dffpipe_3dc:wraclr|             ; 0 (0)               ; 2 (2)                     ; 0           ; 0            ; 0       ; 0         ; 0    ; 0            ; |top|vga_subsystem_top:inst_vga_subsystem|vga_fifo:pixel_fifo|dcfifo:dcfifo_component|dcfifo_eok1:auto_generated|dffpipe_3dc:wraclr                               ; dffpipe_3dc        ; work         ;
;                |mux_j28:rdemp_eq_comp_lsb_mux|  ; 7 (7)               ; 0 (0)                     ; 0           ; 0            ; 0       ; 0         ; 0    ; 0            ; |top|vga_subsystem_top:inst_vga_subsystem|vga_fifo:pixel_fifo|dcfifo:dcfifo_component|dcfifo_eok1:auto_generated|mux_j28:rdemp_eq_comp_lsb_mux                    ; mux_j28            ; work         ;
;                |mux_j28:rdemp_eq_comp_msb_mux|  ; 6 (6)               ; 0 (0)                     ; 0           ; 0            ; 0       ; 0         ; 0    ; 0            ; |top|vga_subsystem_top:inst_vga_subsystem|vga_fifo:pixel_fifo|dcfifo:dcfifo_component|dcfifo_eok1:auto_generated|mux_j28:rdemp_eq_comp_msb_mux                    ; mux_j28            ; work         ;
;                |mux_j28:wrfull_eq_comp_lsb_mux| ; 7 (7)               ; 0 (0)                     ; 0           ; 0            ; 0       ; 0         ; 0    ; 0            ; |top|vga_subsystem_top:inst_vga_subsystem|vga_fifo:pixel_fifo|dcfifo:dcfifo_component|dcfifo_eok1:auto_generated|mux_j28:wrfull_eq_comp_lsb_mux                   ; mux_j28            ; work         ;
;                |mux_j28:wrfull_eq_comp_msb_mux| ; 6 (6)               ; 0 (0)                     ; 0           ; 0            ; 0       ; 0         ; 0    ; 0            ; |top|vga_subsystem_top:inst_vga_subsystem|vga_fifo:pixel_fifo|dcfifo:dcfifo_component|dcfifo_eok1:auto_generated|mux_j28:wrfull_eq_comp_msb_mux                   ; mux_j28            ; work         ;
;       |vgaout:vga_engine|                       ; 91 (91)             ; 65 (65)                   ; 0           ; 0            ; 0       ; 0         ; 0    ; 0            ; |top|vga_subsystem_top:inst_vga_subsystem|vgaout:vga_engine                                                                                                       ; vgaout             ; work         ;
+-------------------------------------------------+---------------------+---------------------------+-------------+--------------+---------+-----------+------+--------------+-------------------------------------------------------------------------------------------------------------------------------------------------------------------+--------------------+--------------+
Note: For table entries with two numbers listed, the numbers in parentheses indicate the number of resources of the given type used by the specific entity alone. The numbers listed outside of parentheses indicate the total resources of the given type used by the specific entity and all of its sub-entities in the hierarchy.


+------------------------------------------------------------------------------------------------------------------------------------------------------------------------------------------------------------------------------------------------------+
; Analysis & Synthesis RAM Summary                                                                                                                                                                                                                     ;
+-------------------------------------------------------------------------------------------------------------------------------------------------+------+------------------+--------------+--------------+--------------+--------------+-------+------+
; Name                                                                                                                                            ; Type ; Mode             ; Port A Depth ; Port A Width ; Port B Depth ; Port B Width ; Size  ; MIF  ;
+-------------------------------------------------------------------------------------------------------------------------------------------------+------+------------------+--------------+--------------+--------------+--------------+-------+------+
; vga_subsystem_top:inst_vga_subsystem|ram2:read_buffer|altsyncram:altsyncram_component|altsyncram_mno3:auto_generated|ALTSYNCRAM                 ; AUTO ; Simple Dual Port ; 1024         ; 16           ; 1024         ; 16           ; 16384 ; None ;
; vga_subsystem_top:inst_vga_subsystem|vga_fifo:pixel_fifo|dcfifo:dcfifo_component|dcfifo_eok1:auto_generated|altsyncram_7o41:fifo_ram|ALTSYNCRAM ; AUTO ; Simple Dual Port ; 256          ; 40           ; 256          ; 40           ; 10240 ; None ;
+-------------------------------------------------------------------------------------------------------------------------------------------------+------+------------------+--------------+--------------+--------------+--------------+-------+------+


+---------------------------------------------------------------------------------------------------------------------+
; Analysis & Synthesis IP Cores Summary                                                                               ;
+--------+--------------+---------+--------------+--------------+------------------------------+----------------------+
; Vendor ; IP Core Name ; Version ; Release Date ; License Type ; Entity Instance              ; IP Include File      ;
+--------+--------------+---------+--------------+--------------+------------------------------+----------------------+
; Altera ; ALTPLL       ; 22.1    ; N/A          ; N/A          ; |top|pll_vga:inst_pll_vga    ; src/pll/pll_vga.vhd  ;
; Altera ; ALTDDIO_OUT  ; 22.1    ; N/A          ; N/A          ; |top|DCLK_BUF:u_dram_clk_gen ; src/VGA/DCLK_BUF.vhd ;
+--------+--------------+---------+--------------+--------------+------------------------------+----------------------+


Encoding Type:  One-Hot
+-------------------------------------------------------------------+
; State Machine - |top|vga_subsystem_top:inst_vga_subsystem|state   ;
+-------------+-------------+-------------+------------+------------+
; Name        ; state.LATCH ; state.SHIFT ; state.LOAD ; state.IDLE ;
+-------------+-------------+-------------+------------+------------+
; state.IDLE  ; 0           ; 0           ; 0          ; 0          ;
; state.LOAD  ; 0           ; 0           ; 1          ; 1          ;
; state.SHIFT ; 0           ; 1           ; 0          ; 1          ;
; state.LATCH ; 1           ; 0           ; 0          ; 1          ;
+-------------+-------------+-------------+------------+------------+


Encoding Type:  One-Hot
+-----------------------------------------------------------------------------------------------------------------------------------------------------------------+
; State Machine - |top|vga_subsystem_top:inst_vga_subsystem|sdram:sdram_ctrl|SdrRoutine                                                                           ;
+-----------------------------------+-----------------------------------+-------------------------------+----------------------------+----------------------------+
; Name                              ; SdrRoutine.SdrRoutine_DirectWrite ; SdrRoutine.SdrRoutine_LoadRow ; SdrRoutine.SdrRoutine_Idle ; SdrRoutine.SdrRoutine_Init ;
+-----------------------------------+-----------------------------------+-------------------------------+----------------------------+----------------------------+
; SdrRoutine.SdrRoutine_Init        ; 0                                 ; 0                             ; 0                          ; 0                          ;
; SdrRoutine.SdrRoutine_Idle        ; 0                                 ; 0                             ; 1                          ; 1                          ;
; SdrRoutine.SdrRoutine_LoadRow     ; 0                                 ; 1                             ; 0                          ; 1                          ;
; SdrRoutine.SdrRoutine_DirectWrite ; 1                                 ; 0                             ; 0                          ; 1                          ;
+-----------------------------------+-----------------------------------+-------------------------------+----------------------------+----------------------------+


+-----------------------------------------------------------------------------------------------------------------------------------------------------------------------------------------------------------------------------------------------------------------------------------------+
; Registers Protected by Synthesis                                                                                                                                                                                                                                                        ;
+-------------------------------------------------------------------------------------------------------------------------------------------------------------------------+------------------------------------------------------------------+--------------------------------------------+
; Register Name                                                                                                                                                           ; Protected by Synthesis Attribute or Preserve Register Assignment ; Not to be Touched by Netlist Optimizations ;
+-------------------------------------------------------------------------------------------------------------------------------------------------------------------------+------------------------------------------------------------------+--------------------------------------------+
; vga_subsystem_top:inst_vga_subsystem|vga_fifo:pixel_fifo|dcfifo:dcfifo_component|dcfifo_eok1:auto_generated|wrfull_eq_comp_lsb_mux_reg                                  ; yes                                                              ; yes                                        ;
; vga_subsystem_top:inst_vga_subsystem|vga_fifo:pixel_fifo|dcfifo:dcfifo_component|dcfifo_eok1:auto_generated|wrfull_eq_comp_msb_mux_reg                                  ; yes                                                              ; yes                                        ;
; vga_subsystem_top:inst_vga_subsystem|vga_fifo:pixel_fifo|dcfifo:dcfifo_component|dcfifo_eok1:auto_generated|alt_synch_pipe_1ol:ws_dgrp|dffpipe_id9:dffpipe18|dffe20a[4] ; yes                                                              ; yes                                        ;
; vga_subsystem_top:inst_vga_subsystem|vga_fifo:pixel_fifo|dcfifo:dcfifo_component|dcfifo_eok1:auto_generated|alt_synch_pipe_1ol:ws_dgrp|dffpipe_id9:dffpipe18|dffe20a[2] ; yes                                                              ; yes                                        ;
; vga_subsystem_top:inst_vga_subsystem|vga_fifo:pixel_fifo|dcfifo:dcfifo_component|dcfifo_eok1:auto_generated|alt_synch_pipe_1ol:ws_dgrp|dffpipe_id9:dffpipe18|dffe20a[3] ; yes                                                              ; yes                                        ;
; vga_subsystem_top:inst_vga_subsystem|vga_fifo:pixel_fifo|dcfifo:dcfifo_component|dcfifo_eok1:auto_generated|alt_synch_pipe_1ol:ws_dgrp|dffpipe_id9:dffpipe18|dffe20a[0] ; yes                                                              ; yes                                        ;
; vga_subsystem_top:inst_vga_subsystem|vga_fifo:pixel_fifo|dcfifo:dcfifo_component|dcfifo_eok1:auto_generated|alt_synch_pipe_1ol:ws_dgrp|dffpipe_id9:dffpipe18|dffe20a[1] ; yes                                                              ; yes                                        ;
; vga_subsystem_top:inst_vga_subsystem|vga_fifo:pixel_fifo|dcfifo:dcfifo_component|dcfifo_eok1:auto_generated|alt_synch_pipe_1ol:ws_dgrp|dffpipe_id9:dffpipe18|dffe20a[7] ; yes                                                              ; yes                                        ;
; vga_subsystem_top:inst_vga_subsystem|vga_fifo:pixel_fifo|dcfifo:dcfifo_component|dcfifo_eok1:auto_generated|alt_synch_pipe_1ol:ws_dgrp|dffpipe_id9:dffpipe18|dffe20a[8] ; yes                                                              ; yes                                        ;
; vga_subsystem_top:inst_vga_subsystem|vga_fifo:pixel_fifo|dcfifo:dcfifo_component|dcfifo_eok1:auto_generated|alt_synch_pipe_1ol:ws_dgrp|dffpipe_id9:dffpipe18|dffe20a[5] ; yes                                                              ; yes                                        ;
; vga_subsystem_top:inst_vga_subsystem|vga_fifo:pixel_fifo|dcfifo:dcfifo_component|dcfifo_eok1:auto_generated|alt_synch_pipe_1ol:ws_dgrp|dffpipe_id9:dffpipe18|dffe20a[6] ; yes                                                              ; yes                                        ;
; vga_subsystem_top:inst_vga_subsystem|vga_fifo:pixel_fifo|dcfifo:dcfifo_component|dcfifo_eok1:auto_generated|alt_synch_pipe_1ol:ws_dgrp|dffpipe_id9:dffpipe18|dffe19a[4] ; yes                                                              ; yes                                        ;
; vga_subsystem_top:inst_vga_subsystem|vga_fifo:pixel_fifo|dcfifo:dcfifo_component|dcfifo_eok1:auto_generated|alt_synch_pipe_1ol:ws_dgrp|dffpipe_id9:dffpipe18|dffe19a[2] ; yes                                                              ; yes                                        ;
; vga_subsystem_top:inst_vga_subsystem|vga_fifo:pixel_fifo|dcfifo:dcfifo_component|dcfifo_eok1:auto_generated|alt_synch_pipe_1ol:ws_dgrp|dffpipe_id9:dffpipe18|dffe19a[3] ; yes                                                              ; yes                                        ;
; vga_subsystem_top:inst_vga_subsystem|vga_fifo:pixel_fifo|dcfifo:dcfifo_component|dcfifo_eok1:auto_generated|alt_synch_pipe_1ol:ws_dgrp|dffpipe_id9:dffpipe18|dffe19a[0] ; yes                                                              ; yes                                        ;
; vga_subsystem_top:inst_vga_subsystem|vga_fifo:pixel_fifo|dcfifo:dcfifo_component|dcfifo_eok1:auto_generated|alt_synch_pipe_1ol:ws_dgrp|dffpipe_id9:dffpipe18|dffe19a[1] ; yes                                                              ; yes                                        ;
; vga_subsystem_top:inst_vga_subsystem|vga_fifo:pixel_fifo|dcfifo:dcfifo_component|dcfifo_eok1:auto_generated|alt_synch_pipe_1ol:ws_dgrp|dffpipe_id9:dffpipe18|dffe19a[7] ; yes                                                              ; yes                                        ;
; vga_subsystem_top:inst_vga_subsystem|vga_fifo:pixel_fifo|dcfifo:dcfifo_component|dcfifo_eok1:auto_generated|alt_synch_pipe_1ol:ws_dgrp|dffpipe_id9:dffpipe18|dffe19a[8] ; yes                                                              ; yes                                        ;
; vga_subsystem_top:inst_vga_subsystem|vga_fifo:pixel_fifo|dcfifo:dcfifo_component|dcfifo_eok1:auto_generated|alt_synch_pipe_1ol:ws_dgrp|dffpipe_id9:dffpipe18|dffe19a[5] ; yes                                                              ; yes                                        ;
; vga_subsystem_top:inst_vga_subsystem|vga_fifo:pixel_fifo|dcfifo:dcfifo_component|dcfifo_eok1:auto_generated|alt_synch_pipe_1ol:ws_dgrp|dffpipe_id9:dffpipe18|dffe19a[6] ; yes                                                              ; yes                                        ;
; vga_subsystem_top:inst_vga_subsystem|vga_fifo:pixel_fifo|dcfifo:dcfifo_component|dcfifo_eok1:auto_generated|rdemp_eq_comp_lsb_aeb                                       ; yes                                                              ; yes                                        ;
; vga_subsystem_top:inst_vga_subsystem|vga_fifo:pixel_fifo|dcfifo:dcfifo_component|dcfifo_eok1:auto_generated|rdemp_eq_comp_msb_aeb                                       ; yes                                                              ; yes                                        ;
; vga_subsystem_top:inst_vga_subsystem|vga_fifo:pixel_fifo|dcfifo:dcfifo_component|dcfifo_eok1:auto_generated|alt_synch_pipe_0ol:rs_dgwp|dffpipe_hd9:dffpipe14|dffe16a[4] ; yes                                                              ; yes                                        ;
; vga_subsystem_top:inst_vga_subsystem|vga_fifo:pixel_fifo|dcfifo:dcfifo_component|dcfifo_eok1:auto_generated|alt_synch_pipe_0ol:rs_dgwp|dffpipe_hd9:dffpipe14|dffe16a[2] ; yes                                                              ; yes                                        ;
; vga_subsystem_top:inst_vga_subsystem|vga_fifo:pixel_fifo|dcfifo:dcfifo_component|dcfifo_eok1:auto_generated|alt_synch_pipe_0ol:rs_dgwp|dffpipe_hd9:dffpipe14|dffe16a[3] ; yes                                                              ; yes                                        ;
; vga_subsystem_top:inst_vga_subsystem|vga_fifo:pixel_fifo|dcfifo:dcfifo_component|dcfifo_eok1:auto_generated|alt_synch_pipe_0ol:rs_dgwp|dffpipe_hd9:dffpipe14|dffe16a[0] ; yes                                                              ; yes                                        ;
; vga_subsystem_top:inst_vga_subsystem|vga_fifo:pixel_fifo|dcfifo:dcfifo_component|dcfifo_eok1:auto_generated|alt_synch_pipe_0ol:rs_dgwp|dffpipe_hd9:dffpipe14|dffe16a[1] ; yes                                                              ; yes                                        ;
; vga_subsystem_top:inst_vga_subsystem|vga_fifo:pixel_fifo|dcfifo:dcfifo_component|dcfifo_eok1:auto_generated|alt_synch_pipe_0ol:rs_dgwp|dffpipe_hd9:dffpipe14|dffe16a[7] ; yes                                                              ; yes                                        ;
; vga_subsystem_top:inst_vga_subsystem|vga_fifo:pixel_fifo|dcfifo:dcfifo_component|dcfifo_eok1:auto_generated|alt_synch_pipe_0ol:rs_dgwp|dffpipe_hd9:dffpipe14|dffe16a[8] ; yes                                                              ; yes                                        ;
; vga_subsystem_top:inst_vga_subsystem|vga_fifo:pixel_fifo|dcfifo:dcfifo_component|dcfifo_eok1:auto_generated|alt_synch_pipe_0ol:rs_dgwp|dffpipe_hd9:dffpipe14|dffe16a[5] ; yes                                                              ; yes                                        ;
; vga_subsystem_top:inst_vga_subsystem|vga_fifo:pixel_fifo|dcfifo:dcfifo_component|dcfifo_eok1:auto_generated|alt_synch_pipe_0ol:rs_dgwp|dffpipe_hd9:dffpipe14|dffe16a[6] ; yes                                                              ; yes                                        ;
; vga_subsystem_top:inst_vga_subsystem|vga_fifo:pixel_fifo|dcfifo:dcfifo_component|dcfifo_eok1:auto_generated|alt_synch_pipe_0ol:rs_dgwp|dffpipe_hd9:dffpipe14|dffe15a[4] ; yes                                                              ; yes                                        ;
; vga_subsystem_top:inst_vga_subsystem|vga_fifo:pixel_fifo|dcfifo:dcfifo_component|dcfifo_eok1:auto_generated|alt_synch_pipe_0ol:rs_dgwp|dffpipe_hd9:dffpipe14|dffe15a[2] ; yes                                                              ; yes                                        ;
; vga_subsystem_top:inst_vga_subsystem|vga_fifo:pixel_fifo|dcfifo:dcfifo_component|dcfifo_eok1:auto_generated|alt_synch_pipe_0ol:rs_dgwp|dffpipe_hd9:dffpipe14|dffe15a[3] ; yes                                                              ; yes                                        ;
; vga_subsystem_top:inst_vga_subsystem|vga_fifo:pixel_fifo|dcfifo:dcfifo_component|dcfifo_eok1:auto_generated|alt_synch_pipe_0ol:rs_dgwp|dffpipe_hd9:dffpipe14|dffe15a[0] ; yes                                                              ; yes                                        ;
; vga_subsystem_top:inst_vga_subsystem|vga_fifo:pixel_fifo|dcfifo:dcfifo_component|dcfifo_eok1:auto_generated|alt_synch_pipe_0ol:rs_dgwp|dffpipe_hd9:dffpipe14|dffe15a[1] ; yes                                                              ; yes                                        ;
; vga_subsystem_top:inst_vga_subsystem|vga_fifo:pixel_fifo|dcfifo:dcfifo_component|dcfifo_eok1:auto_generated|alt_synch_pipe_0ol:rs_dgwp|dffpipe_hd9:dffpipe14|dffe15a[7] ; yes                                                              ; yes                                        ;
; vga_subsystem_top:inst_vga_subsystem|vga_fifo:pixel_fifo|dcfifo:dcfifo_component|dcfifo_eok1:auto_generated|alt_synch_pipe_0ol:rs_dgwp|dffpipe_hd9:dffpipe14|dffe15a[8] ; yes                                                              ; yes                                        ;
; vga_subsystem_top:inst_vga_subsystem|vga_fifo:pixel_fifo|dcfifo:dcfifo_component|dcfifo_eok1:auto_generated|alt_synch_pipe_0ol:rs_dgwp|dffpipe_hd9:dffpipe14|dffe15a[5] ; yes                                                              ; yes                                        ;
; vga_subsystem_top:inst_vga_subsystem|vga_fifo:pixel_fifo|dcfifo:dcfifo_component|dcfifo_eok1:auto_generated|alt_synch_pipe_0ol:rs_dgwp|dffpipe_hd9:dffpipe14|dffe15a[6] ; yes                                                              ; yes                                        ;
; Total number of protected registers is 40                                                                                                                               ;                                                                  ;                                            ;
+-------------------------------------------------------------------------------------------------------------------------------------------------------------------------+------------------------------------------------------------------+--------------------------------------------+


+----------------------------------------------------------------------------------------------------------+
; Registers Removed During Synthesis                                                                       ;
+-----------------------------------------------------------------+----------------------------------------+
; Register name                                                   ; Reason for Removal                     ;
+-----------------------------------------------------------------+----------------------------------------+
; vga_subsystem_top:inst_vga_subsystem|sdram:sdram_ctrl|SdrCmd[3] ; Stuck at GND due to stuck port data_in ;
; vga_subsystem_top:inst_vga_subsystem|clk_div[2]                 ; Stuck at GND due to stuck port data_in ;
; Total Number of Removed Registers = 2                           ;                                        ;
+-----------------------------------------------------------------+----------------------------------------+


+------------------------------------------------------+
; General Register Statistics                          ;
+----------------------------------------------+-------+
; Statistic                                    ; Value ;
+----------------------------------------------+-------+
; Total registers                              ; 446   ;
; Number of registers using Synchronous Clear  ; 52    ;
; Number of registers using Synchronous Load   ; 10    ;
; Number of registers using Asynchronous Clear ; 134   ;
; Number of registers using Asynchronous Load  ; 0     ;
; Number of registers using Clock Enable       ; 209   ;
; Number of registers using Preset             ; 0     ;
+----------------------------------------------+-------+


+--------------------------------------------------------------------------------------------------------------------------------------------------------------+
; Inverted Register Statistics                                                                                                                                 ;
+----------------------------------------------------------------------------------------------------------------------------------------------------+---------+
; Inverted Register                                                                                                                                  ; Fan out ;
+----------------------------------------------------------------------------------------------------------------------------------------------------+---------+
; vga_subsystem_top:inst_vga_subsystem|audio_cs_n                                                                                                    ; 2       ;
; vga_subsystem_top:inst_vga_subsystem|vga_fifo:pixel_fifo|dcfifo:dcfifo_component|dcfifo_eok1:auto_generated|a_graycounter_pjc:wrptr_g1p|counter8a0 ; 7       ;
; vga_subsystem_top:inst_vga_subsystem|vgaout:vga_engine|hsync_reg                                                                                   ; 1       ;
; vga_subsystem_top:inst_vga_subsystem|vgaout:vga_engine|vsync_reg                                                                                   ; 1       ;
; vga_subsystem_top:inst_vga_subsystem|vga_fifo:pixel_fifo|dcfifo:dcfifo_component|dcfifo_eok1:auto_generated|a_graycounter_pjc:wrptr_g1p|parity9    ; 4       ;
; vga_subsystem_top:inst_vga_subsystem|bit_cnt[3]                                                                                                    ; 3       ;
; vga_subsystem_top:inst_vga_subsystem|bit_cnt[2]                                                                                                    ; 4       ;
; vga_subsystem_top:inst_vga_subsystem|bit_cnt[0]                                                                                                    ; 5       ;
; vga_subsystem_top:inst_vga_subsystem|bit_cnt[1]                                                                                                    ; 4       ;
; vga_subsystem_top:inst_vga_subsystem|vga_fifo:pixel_fifo|dcfifo:dcfifo_component|dcfifo_eok1:auto_generated|rdemp_eq_comp_lsb_aeb                  ; 3       ;
; vga_subsystem_top:inst_vga_subsystem|vga_fifo:pixel_fifo|dcfifo:dcfifo_component|dcfifo_eok1:auto_generated|rdemp_eq_comp_msb_aeb                  ; 3       ;
; vga_subsystem_top:inst_vga_subsystem|vga_fifo:pixel_fifo|dcfifo:dcfifo_component|dcfifo_eok1:auto_generated|a_graycounter_t57:rdptr_g1p|counter5a0 ; 8       ;
; vga_subsystem_top:inst_vga_subsystem|vga_fifo:pixel_fifo|dcfifo:dcfifo_component|dcfifo_eok1:auto_generated|a_graycounter_t57:rdptr_g1p|parity6    ; 4       ;
; Total number of inverted registers = 13                                                                                                            ;         ;
+----------------------------------------------------------------------------------------------------------------------------------------------------+---------+


+---------------------------------------------------------------------------------------------------------------------------------------+
; Physical Synthesis Netlist Optimizations                                                                                              ;
+----------------------------------------------------------------------------------------------+------------------+---------------------+
; Node                                                                                         ; Action           ; Reason              ;
+----------------------------------------------------------------------------------------------+------------------+---------------------+
; vga_subsystem_top:inst_vga_subsystem|Add1~1                                                  ; Modified         ; Timing optimization ;
; vga_subsystem_top:inst_vga_subsystem|Add1~2                                                  ; Modified         ; Timing optimization ;
; vga_subsystem_top:inst_vga_subsystem|sdram:sdram_ctrl|Equal0~0                               ; Modified         ; Timing optimization ;
; vga_subsystem_top:inst_vga_subsystem|sdram:sdram_ctrl|Equal0~0_OTERM89                       ; Retimed Register ; Timing optimization ;
; vga_subsystem_top:inst_vga_subsystem|sdram:sdram_ctrl|Equal2~0_OTERM63                       ; Retimed Register ; Timing optimization ;
; vga_subsystem_top:inst_vga_subsystem|sdram:sdram_ctrl|Equal2~1                               ; Modified         ; Timing optimization ;
; vga_subsystem_top:inst_vga_subsystem|sdram:sdram_ctrl|Equal3~0                               ; Deleted          ; Timing optimization ;
; vga_subsystem_top:inst_vga_subsystem|sdram:sdram_ctrl|Equal3~0_OTERM117                      ; Retimed Register ; Timing optimization ;
; vga_subsystem_top:inst_vga_subsystem|sdram:sdram_ctrl|Equal3~0_RTM0119                       ; Modified         ; Timing optimization ;
; vga_subsystem_top:inst_vga_subsystem|sdram:sdram_ctrl|Equal3~0_RTM0119                       ; Retimed Register ; Timing optimization ;
; vga_subsystem_top:inst_vga_subsystem|sdram:sdram_ctrl|Equal3~1                               ; Modified         ; Timing optimization ;
; vga_subsystem_top:inst_vga_subsystem|sdram:sdram_ctrl|Equal3~1_RTM0118                       ; Modified         ; Timing optimization ;
; vga_subsystem_top:inst_vga_subsystem|sdram:sdram_ctrl|Equal5~0                               ; Deleted          ; Timing optimization ;
; vga_subsystem_top:inst_vga_subsystem|sdram:sdram_ctrl|Equal5~0_OTERM47                       ; Retimed Register ; Timing optimization ;
; vga_subsystem_top:inst_vga_subsystem|sdram:sdram_ctrl|Equal5~0_RTM049                        ; Modified         ; Timing optimization ;
; vga_subsystem_top:inst_vga_subsystem|sdram:sdram_ctrl|Equal5~0_RTM049                        ; Retimed Register ; Timing optimization ;
; vga_subsystem_top:inst_vga_subsystem|sdram:sdram_ctrl|Equal5~1                               ; Deleted          ; Timing optimization ;
; vga_subsystem_top:inst_vga_subsystem|sdram:sdram_ctrl|Equal5~1_OTERM31                       ; Retimed Register ; Timing optimization ;
; vga_subsystem_top:inst_vga_subsystem|sdram:sdram_ctrl|Equal5~1_RTM033                        ; Modified         ; Timing optimization ;
; vga_subsystem_top:inst_vga_subsystem|sdram:sdram_ctrl|Equal5~1_RTM033                        ; Retimed Register ; Timing optimization ;
; vga_subsystem_top:inst_vga_subsystem|sdram:sdram_ctrl|Equal5~2                               ; Deleted          ; Timing optimization ;
; vga_subsystem_top:inst_vga_subsystem|sdram:sdram_ctrl|Equal5~2_OTERM17                       ; Retimed Register ; Timing optimization ;
; vga_subsystem_top:inst_vga_subsystem|sdram:sdram_ctrl|Equal5~2_RTM019                        ; Modified         ; Timing optimization ;
; vga_subsystem_top:inst_vga_subsystem|sdram:sdram_ctrl|Equal5~2_RTM019                        ; Retimed Register ; Timing optimization ;
; vga_subsystem_top:inst_vga_subsystem|sdram:sdram_ctrl|Equal5~3                               ; Deleted          ; Timing optimization ;
; vga_subsystem_top:inst_vga_subsystem|sdram:sdram_ctrl|Equal5~3_OTERM59                       ; Retimed Register ; Timing optimization ;
; vga_subsystem_top:inst_vga_subsystem|sdram:sdram_ctrl|Equal5~3_RTM018                        ; Modified         ; Timing optimization ;
; vga_subsystem_top:inst_vga_subsystem|sdram:sdram_ctrl|Equal5~3_RTM032                        ; Modified         ; Timing optimization ;
; vga_subsystem_top:inst_vga_subsystem|sdram:sdram_ctrl|Equal5~3_RTM048                        ; Modified         ; Timing optimization ;
; vga_subsystem_top:inst_vga_subsystem|sdram:sdram_ctrl|Equal5~3_RTM061                        ; Modified         ; Timing optimization ;
; vga_subsystem_top:inst_vga_subsystem|sdram:sdram_ctrl|Equal5~3_RTM061                        ; Retimed Register ; Timing optimization ;
; vga_subsystem_top:inst_vga_subsystem|sdram:sdram_ctrl|Equal8~0                               ; Modified         ; Timing optimization ;
; vga_subsystem_top:inst_vga_subsystem|sdram:sdram_ctrl|Equal9~0_OTERM53                       ; Retimed Register ; Timing optimization ;
; vga_subsystem_top:inst_vga_subsystem|sdram:sdram_ctrl|Equal9~1                               ; Modified         ; Timing optimization ;
; vga_subsystem_top:inst_vga_subsystem|sdram:sdram_ctrl|Equal9~1_RTM070                        ; Modified         ; Timing optimization ;
; vga_subsystem_top:inst_vga_subsystem|sdram:sdram_ctrl|Equal10~6                              ; Modified         ; Timing optimization ;
; vga_subsystem_top:inst_vga_subsystem|sdram:sdram_ctrl|Equal10~6_OTERM77                      ; Retimed Register ; Timing optimization ;
; vga_subsystem_top:inst_vga_subsystem|sdram:sdram_ctrl|Equal10~6_RTM022                       ; Modified         ; Timing optimization ;
; vga_subsystem_top:inst_vga_subsystem|sdram:sdram_ctrl|Equal10~6_RTM044                       ; Modified         ; Timing optimization ;
; vga_subsystem_top:inst_vga_subsystem|sdram:sdram_ctrl|Equal10~7                              ; Deleted          ; Timing optimization ;
; vga_subsystem_top:inst_vga_subsystem|sdram:sdram_ctrl|Equal10~7_OTERM35                      ; Retimed Register ; Timing optimization ;
; vga_subsystem_top:inst_vga_subsystem|sdram:sdram_ctrl|Equal10~7_RTM037                       ; Modified         ; Timing optimization ;
; vga_subsystem_top:inst_vga_subsystem|sdram:sdram_ctrl|Equal10~7_RTM037                       ; Retimed Register ; Timing optimization ;
; vga_subsystem_top:inst_vga_subsystem|sdram:sdram_ctrl|Equal10~8                              ; Modified         ; Timing optimization ;
; vga_subsystem_top:inst_vga_subsystem|sdram:sdram_ctrl|Equal10~8_RTM036                       ; Modified         ; Timing optimization ;
; vga_subsystem_top:inst_vga_subsystem|sdram:sdram_ctrl|Equal10~9                              ; Deleted          ; Timing optimization ;
; vga_subsystem_top:inst_vga_subsystem|sdram:sdram_ctrl|Equal10~9_OTERM69                      ; Retimed Register ; Timing optimization ;
; vga_subsystem_top:inst_vga_subsystem|sdram:sdram_ctrl|Equal10~9_RTM071                       ; Modified         ; Timing optimization ;
; vga_subsystem_top:inst_vga_subsystem|sdram:sdram_ctrl|Equal10~9_RTM071                       ; Retimed Register ; Timing optimization ;
; vga_subsystem_top:inst_vga_subsystem|sdram:sdram_ctrl|Equal11~4_OTERM11                      ; Retimed Register ; Timing optimization ;
; vga_subsystem_top:inst_vga_subsystem|sdram:sdram_ctrl|Equal11~5                              ; Modified         ; Timing optimization ;
; vga_subsystem_top:inst_vga_subsystem|sdram:sdram_ctrl|Equal11~5_OTERM79                      ; Retimed Register ; Timing optimization ;
; vga_subsystem_top:inst_vga_subsystem|sdram:sdram_ctrl|Equal12~0                              ; Deleted          ; Timing optimization ;
; vga_subsystem_top:inst_vga_subsystem|sdram:sdram_ctrl|Equal12~0_OTERM85                      ; Retimed Register ; Timing optimization ;
; vga_subsystem_top:inst_vga_subsystem|sdram:sdram_ctrl|Equal12~0_RTM087                       ; Modified         ; Timing optimization ;
; vga_subsystem_top:inst_vga_subsystem|sdram:sdram_ctrl|Equal12~0_RTM087                       ; Retimed Register ; Timing optimization ;
; vga_subsystem_top:inst_vga_subsystem|sdram:sdram_ctrl|Equal13~0_OTERM51                      ; Retimed Register ; Timing optimization ;
; vga_subsystem_top:inst_vga_subsystem|sdram:sdram_ctrl|Equal13~1                              ; Modified         ; Timing optimization ;
; vga_subsystem_top:inst_vga_subsystem|sdram:sdram_ctrl|Equal13~1_OTERM83                      ; Retimed Register ; Timing optimization ;
; vga_subsystem_top:inst_vga_subsystem|sdram:sdram_ctrl|Equal14~1                              ; Modified         ; Timing optimization ;
; vga_subsystem_top:inst_vga_subsystem|sdram:sdram_ctrl|LessThan0~0                            ; Deleted          ; Timing optimization ;
; vga_subsystem_top:inst_vga_subsystem|sdram:sdram_ctrl|LessThan0~0_OTERM21                    ; Retimed Register ; Timing optimization ;
; vga_subsystem_top:inst_vga_subsystem|sdram:sdram_ctrl|LessThan0~0_RTM023                     ; Modified         ; Timing optimization ;
; vga_subsystem_top:inst_vga_subsystem|sdram:sdram_ctrl|LessThan0~0_RTM023                     ; Retimed Register ; Timing optimization ;
; vga_subsystem_top:inst_vga_subsystem|sdram:sdram_ctrl|LessThan0~1                            ; Deleted          ; Timing optimization ;
; vga_subsystem_top:inst_vga_subsystem|sdram:sdram_ctrl|LessThan0~1_OTERM39                    ; Retimed Register ; Timing optimization ;
; vga_subsystem_top:inst_vga_subsystem|sdram:sdram_ctrl|LessThan0~1_RTM041                     ; Modified         ; Timing optimization ;
; vga_subsystem_top:inst_vga_subsystem|sdram:sdram_ctrl|LessThan0~1_RTM041                     ; Retimed Register ; Timing optimization ;
; vga_subsystem_top:inst_vga_subsystem|sdram:sdram_ctrl|LessThan0~2                            ; Deleted          ; Timing optimization ;
; vga_subsystem_top:inst_vga_subsystem|sdram:sdram_ctrl|LessThan0~2_OTERM13                    ; Retimed Register ; Timing optimization ;
; vga_subsystem_top:inst_vga_subsystem|sdram:sdram_ctrl|LessThan0~2_RTM015                     ; Modified         ; Timing optimization ;
; vga_subsystem_top:inst_vga_subsystem|sdram:sdram_ctrl|LessThan0~2_RTM015                     ; Retimed Register ; Timing optimization ;
; vga_subsystem_top:inst_vga_subsystem|sdram:sdram_ctrl|SdrCmd~1                               ; Modified         ; Timing optimization ;
; vga_subsystem_top:inst_vga_subsystem|sdram:sdram_ctrl|SdrCmd~1_RTM0126                       ; Modified         ; Timing optimization ;
; vga_subsystem_top:inst_vga_subsystem|sdram:sdram_ctrl|SdrCmd~2                               ; Modified         ; Timing optimization ;
; vga_subsystem_top:inst_vga_subsystem|sdram:sdram_ctrl|SdrRoutineSeq[0]~12                    ; Modified         ; Timing optimization ;
; vga_subsystem_top:inst_vga_subsystem|sdram:sdram_ctrl|SdrRoutineSeq[0]~12_NEW_REG112_RTM0114 ; Modified         ; Timing optimization ;
; vga_subsystem_top:inst_vga_subsystem|sdram:sdram_ctrl|SdrRoutineSeq[0]~12_NEW_REG112_RTM0114 ; Retimed Register ; Timing optimization ;
; vga_subsystem_top:inst_vga_subsystem|sdram:sdram_ctrl|SdrRoutineSeq[0]~12_OTERM113           ; Retimed Register ; Timing optimization ;
; vga_subsystem_top:inst_vga_subsystem|sdram:sdram_ctrl|SdrRoutineSeq[0]~12_RTM0115            ; Modified         ; Timing optimization ;
; vga_subsystem_top:inst_vga_subsystem|sdram:sdram_ctrl|SdrRoutineSeq[0]~12_RTM0115            ; Retimed Register ; Timing optimization ;
; vga_subsystem_top:inst_vga_subsystem|sdram:sdram_ctrl|SdrRoutineSeq[0]~13                    ; Modified         ; Timing optimization ;
; vga_subsystem_top:inst_vga_subsystem|sdram:sdram_ctrl|SdrRoutineSeq[1]~14_OTERM111           ; Retimed Register ; Timing optimization ;
; vga_subsystem_top:inst_vga_subsystem|sdram:sdram_ctrl|SdrRoutineSeq[2]~16_OTERM109           ; Retimed Register ; Timing optimization ;
; vga_subsystem_top:inst_vga_subsystem|sdram:sdram_ctrl|SdrRoutineSeq[3]~18_OTERM107           ; Retimed Register ; Timing optimization ;
; vga_subsystem_top:inst_vga_subsystem|sdram:sdram_ctrl|SdrRoutineSeq[4]~20_OTERM105           ; Retimed Register ; Timing optimization ;
; vga_subsystem_top:inst_vga_subsystem|sdram:sdram_ctrl|SdrRoutineSeq[5]~22_OTERM103           ; Retimed Register ; Timing optimization ;
; vga_subsystem_top:inst_vga_subsystem|sdram:sdram_ctrl|SdrRoutineSeq[6]~24_OTERM101           ; Retimed Register ; Timing optimization ;
; vga_subsystem_top:inst_vga_subsystem|sdram:sdram_ctrl|SdrRoutineSeq[7]~26_OTERM99            ; Retimed Register ; Timing optimization ;
; vga_subsystem_top:inst_vga_subsystem|sdram:sdram_ctrl|SdrRoutineSeq[8]~28_OTERM97            ; Retimed Register ; Timing optimization ;
; vga_subsystem_top:inst_vga_subsystem|sdram:sdram_ctrl|SdrRoutineSeq[9]~30_OTERM95            ; Retimed Register ; Timing optimization ;
; vga_subsystem_top:inst_vga_subsystem|sdram:sdram_ctrl|SdrRoutineSeq[10]~32_OTERM93           ; Retimed Register ; Timing optimization ;
; vga_subsystem_top:inst_vga_subsystem|sdram:sdram_ctrl|SdrRoutineSeq[11]~34_OTERM91           ; Retimed Register ; Timing optimization ;
; vga_subsystem_top:inst_vga_subsystem|sdram:sdram_ctrl|SdrRoutine~11                          ; Modified         ; Timing optimization ;
; vga_subsystem_top:inst_vga_subsystem|sdram:sdram_ctrl|Selector0~0                            ; Modified         ; Timing optimization ;
; vga_subsystem_top:inst_vga_subsystem|sdram:sdram_ctrl|Selector0~0_RTM060                     ; Modified         ; Timing optimization ;
; vga_subsystem_top:inst_vga_subsystem|sdram:sdram_ctrl|Selector1~1                            ; Modified         ; Timing optimization ;
; vga_subsystem_top:inst_vga_subsystem|sdram:sdram_ctrl|Selector1~1_RTM086                     ; Modified         ; Timing optimization ;
; vga_subsystem_top:inst_vga_subsystem|sdram:sdram_ctrl|Selector5~0                            ; Modified         ; Timing optimization ;
; vga_subsystem_top:inst_vga_subsystem|sdram:sdram_ctrl|Selector5~1                            ; Modified         ; Timing optimization ;
; vga_subsystem_top:inst_vga_subsystem|sdram:sdram_ctrl|Selector5~6                            ; Modified         ; Timing optimization ;
; vga_subsystem_top:inst_vga_subsystem|sdram:sdram_ctrl|Selector6~0                            ; Modified         ; Timing optimization ;
; vga_subsystem_top:inst_vga_subsystem|sdram:sdram_ctrl|Selector14~0                           ; Modified         ; Timing optimization ;
; vga_subsystem_top:inst_vga_subsystem|sdram:sdram_ctrl|Selector17~7                           ; Modified         ; Timing optimization ;
; vga_subsystem_top:inst_vga_subsystem|sdram:sdram_ctrl|colLoadNr~12                           ; Modified         ; Timing optimization ;
; vga_subsystem_top:inst_vga_subsystem|sdram:sdram_ctrl|colLoadNr~16                           ; Modified         ; Timing optimization ;
; vga_subsystem_top:inst_vga_subsystem|sdram:sdram_ctrl|colLoadNr~36                           ; Modified         ; Timing optimization ;
; vga_subsystem_top:inst_vga_subsystem|sdram:sdram_ctrl|colLoadNr~36_OTERM121                  ; Retimed Register ; Timing optimization ;
; vga_subsystem_top:inst_vga_subsystem|sdram:sdram_ctrl|directAck~0                            ; Modified         ; Timing optimization ;
; vga_subsystem_top:inst_vga_subsystem|sdram:sdram_ctrl|pixelOut[6]~0                          ; Modified         ; Timing optimization ;
; vga_subsystem_top:inst_vga_subsystem|sdram:sdram_ctrl|process_0~4_OTERM25                    ; Retimed Register ; Timing optimization ;
; vga_subsystem_top:inst_vga_subsystem|sdram:sdram_ctrl|process_0~5                            ; Deleted          ; Timing optimization ;
; vga_subsystem_top:inst_vga_subsystem|sdram:sdram_ctrl|process_0~5_OTERM43                    ; Retimed Register ; Timing optimization ;
; vga_subsystem_top:inst_vga_subsystem|sdram:sdram_ctrl|process_0~5_RTM045                     ; Modified         ; Timing optimization ;
; vga_subsystem_top:inst_vga_subsystem|sdram:sdram_ctrl|process_0~5_RTM045                     ; Retimed Register ; Timing optimization ;
; vga_subsystem_top:inst_vga_subsystem|sdram:sdram_ctrl|process_0~6                            ; Deleted          ; Timing optimization ;
; vga_subsystem_top:inst_vga_subsystem|sdram:sdram_ctrl|process_0~6_OTERM27                    ; Retimed Register ; Timing optimization ;
; vga_subsystem_top:inst_vga_subsystem|sdram:sdram_ctrl|process_0~6_RTM029                     ; Modified         ; Timing optimization ;
; vga_subsystem_top:inst_vga_subsystem|sdram:sdram_ctrl|process_0~6_RTM029                     ; Retimed Register ; Timing optimization ;
; vga_subsystem_top:inst_vga_subsystem|sdram:sdram_ctrl|process_0~7                            ; Deleted          ; Timing optimization ;
; vga_subsystem_top:inst_vga_subsystem|sdram:sdram_ctrl|process_0~7_OTERM73                    ; Retimed Register ; Timing optimization ;
; vga_subsystem_top:inst_vga_subsystem|sdram:sdram_ctrl|process_0~7_RTM014                     ; Modified         ; Timing optimization ;
; vga_subsystem_top:inst_vga_subsystem|sdram:sdram_ctrl|process_0~7_RTM028                     ; Modified         ; Timing optimization ;
; vga_subsystem_top:inst_vga_subsystem|sdram:sdram_ctrl|process_0~7_RTM040                     ; Modified         ; Timing optimization ;
; vga_subsystem_top:inst_vga_subsystem|sdram:sdram_ctrl|process_0~7_RTM075                     ; Modified         ; Timing optimization ;
; vga_subsystem_top:inst_vga_subsystem|sdram:sdram_ctrl|process_0~7_RTM075                     ; Retimed Register ; Timing optimization ;
; vga_subsystem_top:inst_vga_subsystem|sdram:sdram_ctrl|process_0~8_OTERM65                    ; Retimed Register ; Timing optimization ;
; vga_subsystem_top:inst_vga_subsystem|sdram:sdram_ctrl|process_0~9                            ; Deleted          ; Timing optimization ;
; vga_subsystem_top:inst_vga_subsystem|sdram:sdram_ctrl|process_0~9_OTERM125                   ; Retimed Register ; Timing optimization ;
; vga_subsystem_top:inst_vga_subsystem|sdram:sdram_ctrl|process_0~9_RTM074                     ; Modified         ; Timing optimization ;
; vga_subsystem_top:inst_vga_subsystem|sdram:sdram_ctrl|process_0~9_RTM0127                    ; Modified         ; Timing optimization ;
; vga_subsystem_top:inst_vga_subsystem|sdram:sdram_ctrl|process_0~9_RTM0127                    ; Retimed Register ; Timing optimization ;
; vga_subsystem_top:inst_vga_subsystem|sdram:sdram_ctrl|process_0~10                           ; Modified         ; Timing optimization ;
; vga_subsystem_top:inst_vga_subsystem|sdram:sdram_ctrl|process_0~10_OTERM123                  ; Retimed Register ; Timing optimization ;
; vga_subsystem_top:inst_vga_subsystem|sdram:sdram_ctrl|process_0~10_RTM056                    ; Modified         ; Timing optimization ;
; vga_subsystem_top:inst_vga_subsystem|sdram:sdram_ctrl|process_0~11                           ; Modified         ; Timing optimization ;
; vga_subsystem_top:inst_vga_subsystem|sdram:sdram_ctrl|process_0~12_OTERM67                   ; Retimed Register ; Timing optimization ;
; vga_subsystem_top:inst_vga_subsystem|sdram:sdram_ctrl|process_0~13                           ; Deleted          ; Timing optimization ;
; vga_subsystem_top:inst_vga_subsystem|sdram:sdram_ctrl|process_0~13_OTERM55                   ; Retimed Register ; Timing optimization ;
; vga_subsystem_top:inst_vga_subsystem|sdram:sdram_ctrl|process_0~13_RTM057                    ; Modified         ; Timing optimization ;
; vga_subsystem_top:inst_vga_subsystem|sdram:sdram_ctrl|process_0~13_RTM057                    ; Retimed Register ; Timing optimization ;
; vga_subsystem_top:inst_vga_subsystem|vgaout:vga_engine|Add0~1                                ; Modified         ; Timing optimization ;
; vga_subsystem_top:inst_vga_subsystem|vgaout:vga_engine|Add1~0                                ; Modified         ; Timing optimization ;
; vga_subsystem_top:inst_vga_subsystem|vgaout:vga_engine|Equal0~0                              ; Deleted          ; Timing optimization ;
; vga_subsystem_top:inst_vga_subsystem|vgaout:vga_engine|Equal0~0_OTERM1                       ; Retimed Register ; Timing optimization ;
; vga_subsystem_top:inst_vga_subsystem|vgaout:vga_engine|Equal0~0_RTM03                        ; Modified         ; Timing optimization ;
; vga_subsystem_top:inst_vga_subsystem|vgaout:vga_engine|Equal0~0_RTM03                        ; Retimed Register ; Timing optimization ;
; vga_subsystem_top:inst_vga_subsystem|vgaout:vga_engine|Equal0~1                              ; Modified         ; Timing optimization ;
; vga_subsystem_top:inst_vga_subsystem|vgaout:vga_engine|Equal0~1_OTERM9                       ; Retimed Register ; Timing optimization ;
; vga_subsystem_top:inst_vga_subsystem|vgaout:vga_engine|Equal0~1_RTM02                        ; Modified         ; Timing optimization ;
; vga_subsystem_top:inst_vga_subsystem|vgaout:vga_engine|LessThan5~0                           ; Deleted          ; Timing optimization ;
; vga_subsystem_top:inst_vga_subsystem|vgaout:vga_engine|LessThan5~0_OTERM5                    ; Retimed Register ; Timing optimization ;
; vga_subsystem_top:inst_vga_subsystem|vgaout:vga_engine|LessThan5~0_RTM07                     ; Modified         ; Timing optimization ;
; vga_subsystem_top:inst_vga_subsystem|vgaout:vga_engine|LessThan5~0_RTM07                     ; Retimed Register ; Timing optimization ;
; vga_subsystem_top:inst_vga_subsystem|vgaout:vga_engine|LessThan5~1                           ; Modified         ; Timing optimization ;
; vga_subsystem_top:inst_vga_subsystem|vgaout:vga_engine|LessThan5~1_RTM06                     ; Modified         ; Timing optimization ;
; vga_subsystem_top:inst_vga_subsystem|vgaout:vga_engine|col_number~35                         ; Modified         ; Timing optimization ;
; vga_subsystem_top:inst_vga_subsystem|vgaout:vga_engine|col_number~36                         ; Modified         ; Timing optimization ;
; vga_subsystem_top:inst_vga_subsystem|vgaout:vga_engine|process_1~0                           ; Modified         ; Timing optimization ;
; vga_subsystem_top:inst_vga_subsystem|vgaout:vga_engine|vcount~3                              ; Modified         ; Timing optimization ;
+----------------------------------------------------------------------------------------------+------------------+---------------------+


+-----------------------------------------------------------------------------------------------------------------------------------------------------------------------------------------+
; Multiplexer Restructuring Statistics (No Restructuring Performed)                                                                                                                       ;
+--------------------+-----------+---------------+----------------------+------------------------+------------+---------------------------------------------------------------------------+
; Multiplexer Inputs ; Bus Width ; Baseline Area ; Area if Restructured ; Saving if Restructured ; Registered ; Example Multiplexer Output                                                ;
+--------------------+-----------+---------------+----------------------+------------------------+------------+---------------------------------------------------------------------------+
; 3:1                ; 10 bits   ; 20 LEs        ; 10 LEs               ; 10 LEs                 ; Yes        ; |top|vga_subsystem_top:inst_vga_subsystem|sdram:sdram_ctrl|colLoadNr[7]   ;
; 3:1                ; 9 bits    ; 18 LEs        ; 18 LEs               ; 0 LEs                  ; Yes        ; |top|vga_subsystem_top:inst_vga_subsystem|vgaout:vga_engine|col_number[0] ;
; 5:1                ; 10 bits   ; 30 LEs        ; 20 LEs               ; 10 LEs                 ; Yes        ; |top|vga_subsystem_top:inst_vga_subsystem|reg_x[1]                        ;
; 5:1                ; 15 bits   ; 45 LEs        ; 15 LEs               ; 30 LEs                 ; Yes        ; |top|vga_subsystem_top:inst_vga_subsystem|shift_reg[6]                    ;
; 11:1               ; 3 bits    ; 21 LEs        ; 6 LEs                ; 15 LEs                 ; Yes        ; |top|vga_subsystem_top:inst_vga_subsystem|sdram:sdram_ctrl|SdrAdr_s[9]    ;
; 12:1               ; 9 bits    ; 72 LEs        ; 27 LEs               ; 45 LEs                 ; Yes        ; |top|vga_subsystem_top:inst_vga_subsystem|sdram:sdram_ctrl|SdrAdr_s[0]    ;
; 5:1                ; 4 bits    ; 12 LEs        ; 4 LEs                ; 8 LEs                  ; Yes        ; |top|vga_subsystem_top:inst_vga_subsystem|bit_cnt[0]                      ;
; 6:1                ; 2 bits    ; 8 LEs         ; 4 LEs                ; 4 LEs                  ; No         ; |top|vga_subsystem_top:inst_vga_subsystem|Selector22                      ;
; 9:1                ; 4 bits    ; 24 LEs        ; 8 LEs                ; 16 LEs                 ; No         ; |top|vga_subsystem_top:inst_vga_subsystem|sdram:sdram_ctrl|Selector21     ;
+--------------------+-----------+---------------+----------------------+------------------------+------------+---------------------------------------------------------------------------+


+---------------------------------------------------------------------------------------------------------+
; Source assignments for vga_subsystem_top:inst_vga_subsystem|vga_fifo:pixel_fifo|dcfifo:dcfifo_component ;
+---------------------------------+-------+------+--------------------------------------------------------+
; Assignment                      ; Value ; From ; To                                                     ;
+---------------------------------+-------+------+--------------------------------------------------------+
; AUTO_SHIFT_REGISTER_RECOGNITION ; OFF   ; -    ; -                                                      ;
+---------------------------------+-------+------+--------------------------------------------------------+


+------------------------------------------------------------------------------------------------------------------------------------+
; Source assignments for vga_subsystem_top:inst_vga_subsystem|vga_fifo:pixel_fifo|dcfifo:dcfifo_component|dcfifo_eok1:auto_generated ;
+---------------------------------------+------------------------+------+------------------------------------------------------------+
; Assignment                            ; Value                  ; From ; To                                                         ;
+---------------------------------------+------------------------+------+------------------------------------------------------------+
; AUTO_SHIFT_REGISTER_RECOGNITION       ; OFF                    ; -    ; -                                                          ;
; REMOVE_DUPLICATE_REGISTERS            ; OFF                    ; -    ; -                                                          ;
; SYNCHRONIZER_IDENTIFICATION           ; OFF                    ; -    ; -                                                          ;
; SYNCHRONIZATION_REGISTER_CHAIN_LENGTH ; 3                      ; -    ; -                                                          ;
; SYNCHRONIZER_IDENTIFICATION           ; FORCED_IF_ASYNCHRONOUS ; -    ; rdemp_eq_comp_lsb_aeb                                      ;
; PRESERVE_REGISTER                     ; ON                     ; -    ; rdemp_eq_comp_lsb_aeb                                      ;
; POWER_UP_LEVEL                        ; HIGH                   ; -    ; rdemp_eq_comp_lsb_aeb                                      ;
; SYNCHRONIZER_IDENTIFICATION           ; FORCED_IF_ASYNCHRONOUS ; -    ; rdemp_eq_comp_msb_aeb                                      ;
; PRESERVE_REGISTER                     ; ON                     ; -    ; rdemp_eq_comp_msb_aeb                                      ;
; POWER_UP_LEVEL                        ; HIGH                   ; -    ; rdemp_eq_comp_msb_aeb                                      ;
; SYNCHRONIZER_IDENTIFICATION           ; FORCED_IF_ASYNCHRONOUS ; -    ; rs_dgwp_reg                                                ;
; PRESERVE_REGISTER                     ; ON                     ; -    ; rs_dgwp_reg                                                ;
; SYNCHRONIZER_IDENTIFICATION           ; FORCED_IF_ASYNCHRONOUS ; -    ; wrfull_eq_comp_lsb_mux_reg                                 ;
; PRESERVE_REGISTER                     ; ON                     ; -    ; wrfull_eq_comp_lsb_mux_reg                                 ;
; SYNCHRONIZER_IDENTIFICATION           ; FORCED_IF_ASYNCHRONOUS ; -    ; wrfull_eq_comp_msb_mux_reg                                 ;
; PRESERVE_REGISTER                     ; ON                     ; -    ; wrfull_eq_comp_msb_mux_reg                                 ;
; POWER_UP_LEVEL                        ; LOW                    ; -    ; wrptr_g                                                    ;
; SYNCHRONIZER_IDENTIFICATION           ; FORCED_IF_ASYNCHRONOUS ; -    ; ws_dgrp_reg                                                ;
; PRESERVE_REGISTER                     ; ON                     ; -    ; ws_dgrp_reg                                                ;
+---------------------------------------+------------------------+------+------------------------------------------------------------+


+----------------------------------------------------------------------------------------------------------------------------------------------------------------+
; Source assignments for vga_subsystem_top:inst_vga_subsystem|vga_fifo:pixel_fifo|dcfifo:dcfifo_component|dcfifo_eok1:auto_generated|a_graycounter_t57:rdptr_g1p ;
+----------------+-------+------+--------------------------------------------------------------------------------------------------------------------------------+
; Assignment     ; Value ; From ; To                                                                                                                             ;
+----------------+-------+------+--------------------------------------------------------------------------------------------------------------------------------+
; POWER_UP_LEVEL ; HIGH  ; -    ; counter5a0                                                                                                                     ;
; POWER_UP_LEVEL ; HIGH  ; -    ; parity6                                                                                                                        ;
+----------------+-------+------+--------------------------------------------------------------------------------------------------------------------------------+


+----------------------------------------------------------------------------------------------------------------------------------------------------------------+
; Source assignments for vga_subsystem_top:inst_vga_subsystem|vga_fifo:pixel_fifo|dcfifo:dcfifo_component|dcfifo_eok1:auto_generated|a_graycounter_pjc:wrptr_g1p ;
+----------------+-------+------+--------------------------------------------------------------------------------------------------------------------------------+
; Assignment     ; Value ; From ; To                                                                                                                             ;
+----------------+-------+------+--------------------------------------------------------------------------------------------------------------------------------+
; POWER_UP_LEVEL ; HIGH  ; -    ; counter8a0                                                                                                                     ;
; POWER_UP_LEVEL ; HIGH  ; -    ; parity9                                                                                                                        ;
+----------------+-------+------+--------------------------------------------------------------------------------------------------------------------------------+


+-------------------------------------------------------------------------------------------------------------------------------------------------------------+
; Source assignments for vga_subsystem_top:inst_vga_subsystem|vga_fifo:pixel_fifo|dcfifo:dcfifo_component|dcfifo_eok1:auto_generated|altsyncram_7o41:fifo_ram ;
+---------------------------------+--------------------+------+-----------------------------------------------------------------------------------------------+
; Assignment                      ; Value              ; From ; To                                                                                            ;
+---------------------------------+--------------------+------+-----------------------------------------------------------------------------------------------+
; OPTIMIZE_POWER_DURING_SYNTHESIS ; NORMAL_COMPILATION ; -    ; -                                                                                             ;
+---------------------------------+--------------------+------+-----------------------------------------------------------------------------------------------+


+-------------------------------------------------------------------------------------------------------------------------------------------------------+
; Source assignments for vga_subsystem_top:inst_vga_subsystem|vga_fifo:pixel_fifo|dcfifo:dcfifo_component|dcfifo_eok1:auto_generated|dffpipe_3dc:rdaclr ;
+---------------------------------+-------+------+------------------------------------------------------------------------------------------------------+
; Assignment                      ; Value ; From ; To                                                                                                   ;
+---------------------------------+-------+------+------------------------------------------------------------------------------------------------------+
; AUTO_SHIFT_REGISTER_RECOGNITION ; OFF   ; -    ; -                                                                                                    ;
+---------------------------------+-------+------+------------------------------------------------------------------------------------------------------+


+---------------------------------------------------------------------------------------------------------------------------------------------------------------+
; Source assignments for vga_subsystem_top:inst_vga_subsystem|vga_fifo:pixel_fifo|dcfifo:dcfifo_component|dcfifo_eok1:auto_generated|alt_synch_pipe_0ol:rs_dgwp ;
+-----------------------------+------------------------+------+-------------------------------------------------------------------------------------------------+
; Assignment                  ; Value                  ; From ; To                                                                                              ;
+-----------------------------+------------------------+------+-------------------------------------------------------------------------------------------------+
; X_ON_VIOLATION_OPTION       ; OFF                    ; -    ; -                                                                                               ;
; SYNCHRONIZER_IDENTIFICATION ; FORCED_IF_ASYNCHRONOUS ; -    ; -                                                                                               ;
; PRESERVE_REGISTER           ; ON                     ; -    ; -                                                                                               ;
; DONT_MERGE_REGISTER         ; ON                     ; -    ; -                                                                                               ;
; ADV_NETLIST_OPT_ALLOWED     ; NEVER_ALLOW            ; -    ; -                                                                                               ;
+-----------------------------+------------------------+------+-------------------------------------------------------------------------------------------------+


+-------------------------------------------------------------------------------------------------------------------------------------------------------------------------------------+
; Source assignments for vga_subsystem_top:inst_vga_subsystem|vga_fifo:pixel_fifo|dcfifo:dcfifo_component|dcfifo_eok1:auto_generated|alt_synch_pipe_0ol:rs_dgwp|dffpipe_hd9:dffpipe14 ;
+---------------------------------+-------+------+------------------------------------------------------------------------------------------------------------------------------------+
; Assignment                      ; Value ; From ; To                                                                                                                                 ;
+---------------------------------+-------+------+------------------------------------------------------------------------------------------------------------------------------------+
; AUTO_SHIFT_REGISTER_RECOGNITION ; OFF   ; -    ; -                                                                                                                                  ;
+---------------------------------+-------+------+------------------------------------------------------------------------------------------------------------------------------------+


+-------------------------------------------------------------------------------------------------------------------------------------------------------+
; Source assignments for vga_subsystem_top:inst_vga_subsystem|vga_fifo:pixel_fifo|dcfifo:dcfifo_component|dcfifo_eok1:auto_generated|dffpipe_3dc:wraclr ;
+---------------------------------+-------+------+------------------------------------------------------------------------------------------------------+
; Assignment                      ; Value ; From ; To                                                                                                   ;
+---------------------------------+-------+------+------------------------------------------------------------------------------------------------------+
; AUTO_SHIFT_REGISTER_RECOGNITION ; OFF   ; -    ; -                                                                                                    ;
+---------------------------------+-------+------+------------------------------------------------------------------------------------------------------+


+-------------------------------------------------------------------------------------------------------------------------------------------------------+
; Source assignments for vga_subsystem_top:inst_vga_subsystem|vga_fifo:pixel_fifo|dcfifo:dcfifo_component|dcfifo_eok1:auto_generated|dffpipe_gd9:ws_brp ;
+---------------------------------+-------+------+------------------------------------------------------------------------------------------------------+
; Assignment                      ; Value ; From ; To                                                                                                   ;
+---------------------------------+-------+------+------------------------------------------------------------------------------------------------------+
; AUTO_SHIFT_REGISTER_RECOGNITION ; OFF   ; -    ; -                                                                                                    ;
+---------------------------------+-------+------+------------------------------------------------------------------------------------------------------+


+-------------------------------------------------------------------------------------------------------------------------------------------------------+
; Source assignments for vga_subsystem_top:inst_vga_subsystem|vga_fifo:pixel_fifo|dcfifo:dcfifo_component|dcfifo_eok1:auto_generated|dffpipe_gd9:ws_bwp ;
+---------------------------------+-------+------+------------------------------------------------------------------------------------------------------+
; Assignment                      ; Value ; From ; To                                                                                                   ;
+---------------------------------+-------+------+------------------------------------------------------------------------------------------------------+
; AUTO_SHIFT_REGISTER_RECOGNITION ; OFF   ; -    ; -                                                                                                    ;
+---------------------------------+-------+------+------------------------------------------------------------------------------------------------------+


+---------------------------------------------------------------------------------------------------------------------------------------------------------------+
; Source assignments for vga_subsystem_top:inst_vga_subsystem|vga_fifo:pixel_fifo|dcfifo:dcfifo_component|dcfifo_eok1:auto_generated|alt_synch_pipe_1ol:ws_dgrp ;
+-----------------------------+------------------------+------+-------------------------------------------------------------------------------------------------+
; Assignment                  ; Value                  ; From ; To                                                                                              ;
+-----------------------------+------------------------+------+-------------------------------------------------------------------------------------------------+
; X_ON_VIOLATION_OPTION       ; OFF                    ; -    ; -                                                                                               ;
; SYNCHRONIZER_IDENTIFICATION ; FORCED_IF_ASYNCHRONOUS ; -    ; -                                                                                               ;
; PRESERVE_REGISTER           ; ON                     ; -    ; -                                                                                               ;
; DONT_MERGE_REGISTER         ; ON                     ; -    ; -                                                                                               ;
; ADV_NETLIST_OPT_ALLOWED     ; NEVER_ALLOW            ; -    ; -                                                                                               ;
+-----------------------------+------------------------+------+-------------------------------------------------------------------------------------------------+


+-------------------------------------------------------------------------------------------------------------------------------------------------------------------------------------+
; Source assignments for vga_subsystem_top:inst_vga_subsystem|vga_fifo:pixel_fifo|dcfifo:dcfifo_component|dcfifo_eok1:auto_generated|alt_synch_pipe_1ol:ws_dgrp|dffpipe_id9:dffpipe18 ;
+---------------------------------+-------+------+------------------------------------------------------------------------------------------------------------------------------------+
; Assignment                      ; Value ; From ; To                                                                                                                                 ;
+---------------------------------+-------+------+------------------------------------------------------------------------------------------------------------------------------------+
; AUTO_SHIFT_REGISTER_RECOGNITION ; OFF   ; -    ; -                                                                                                                                  ;
+---------------------------------+-------+------+------------------------------------------------------------------------------------------------------------------------------------+


+---------------------------------------------------------------------------------------------------------------------------------------------+
; Source assignments for vga_subsystem_top:inst_vga_subsystem|ram2:read_buffer|altsyncram:altsyncram_component|altsyncram_mno3:auto_generated ;
+---------------------------------+--------------------+------+-------------------------------------------------------------------------------+
; Assignment                      ; Value              ; From ; To                                                                            ;
+---------------------------------+--------------------+------+-------------------------------------------------------------------------------+
; OPTIMIZE_POWER_DURING_SYNTHESIS ; NORMAL_COMPILATION ; -    ; -                                                                             ;
+---------------------------------+--------------------+------+-------------------------------------------------------------------------------+


+----------------------------------------------------------------------------------+
; Source assignments for DCLK_BUF:u_dram_clk_gen|altddio_out:ALTDDIO_OUT_component ;
+-------------------------+-------------+------+-----------------------------------+
; Assignment              ; Value       ; From ; To                                ;
+-------------------------+-------------+------+-----------------------------------+
; ADV_NETLIST_OPT_ALLOWED ; NEVER_ALLOW ; -    ; -                                 ;
; PRESERVE_REGISTER       ; ON          ; -    ; output_cell_L                     ;
; DDIO_OUTPUT_REGISTER    ; LOW         ; -    ; output_cell_L                     ;
; DDIO_OUTPUT_REGISTER    ; HIGH        ; -    ; mux                               ;
+-------------------------+-------------+------+-----------------------------------+


+--------------------------------------------------------------------------------------------------------------+
; Source assignments for DCLK_BUF:u_dram_clk_gen|altddio_out:ALTDDIO_OUT_component|ddio_out_p9j:auto_generated ;
+-----------------------------+---------+------+---------------------------------------------------------------+
; Assignment                  ; Value   ; From ; To                                                            ;
+-----------------------------+---------+------+---------------------------------------------------------------+
; SYNCHRONIZER_IDENTIFICATION ; OFF     ; -    ; -                                                             ;
; ADV_NETLIST_OPT_ALLOWED     ; DEFAULT ; -    ; -                                                             ;
+-----------------------------+---------+------+---------------------------------------------------------------+


+-------------------------------------------------------------------------------------------+
; Parameter Settings for User Entity Instance: pll_vga:inst_pll_vga|altpll:altpll_component ;
+-------------------------------+---------------------------+-------------------------------+
; Parameter Name                ; Value                     ; Type                          ;
+-------------------------------+---------------------------+-------------------------------+
; OPERATION_MODE                ; NORMAL                    ; Untyped                       ;
; PLL_TYPE                      ; AUTO                      ; Untyped                       ;
; LPM_HINT                      ; CBX_MODULE_PREFIX=pll_vga ; Untyped                       ;
; QUALIFY_CONF_DONE             ; OFF                       ; Untyped                       ;
; COMPENSATE_CLOCK              ; CLK0                      ; Untyped                       ;
; SCAN_CHAIN                    ; LONG                      ; Untyped                       ;
; PRIMARY_CLOCK                 ; INCLK0                    ; Untyped                       ;
; INCLK0_INPUT_FREQUENCY        ; 20000                     ; Signed Integer                ;
; INCLK1_INPUT_FREQUENCY        ; 0                         ; Untyped                       ;
; GATE_LOCK_SIGNAL              ; NO                        ; Untyped                       ;
; GATE_LOCK_COUNTER             ; 0                         ; Untyped                       ;
; LOCK_HIGH                     ; 1                         ; Untyped                       ;
; LOCK_LOW                      ; 1                         ; Untyped                       ;
; VALID_LOCK_MULTIPLIER         ; 1                         ; Untyped                       ;
; INVALID_LOCK_MULTIPLIER       ; 5                         ; Untyped                       ;
; SWITCH_OVER_ON_LOSSCLK        ; OFF                       ; Untyped                       ;
; SWITCH_OVER_ON_GATED_LOCK     ; OFF                       ; Untyped                       ;
; ENABLE_SWITCH_OVER_COUNTER    ; OFF                       ; Untyped                       ;
; SKIP_VCO                      ; OFF                       ; Untyped                       ;
; SWITCH_OVER_COUNTER           ; 0                         ; Untyped                       ;
; SWITCH_OVER_TYPE              ; AUTO                      ; Untyped                       ;
; FEEDBACK_SOURCE               ; EXTCLK0                   ; Untyped                       ;
; BANDWIDTH                     ; 0                         ; Untyped                       ;
; BANDWIDTH_TYPE                ; AUTO                      ; Untyped                       ;
; SPREAD_FREQUENCY              ; 0                         ; Untyped                       ;
; DOWN_SPREAD                   ; 0                         ; Untyped                       ;
; SELF_RESET_ON_GATED_LOSS_LOCK ; OFF                       ; Untyped                       ;
; SELF_RESET_ON_LOSS_LOCK       ; OFF                       ; Untyped                       ;
; CLK9_MULTIPLY_BY              ; 0                         ; Untyped                       ;
; CLK8_MULTIPLY_BY              ; 0                         ; Untyped                       ;
; CLK7_MULTIPLY_BY              ; 0                         ; Untyped                       ;
; CLK6_MULTIPLY_BY              ; 0                         ; Untyped                       ;
; CLK5_MULTIPLY_BY              ; 1                         ; Untyped                       ;
; CLK4_MULTIPLY_BY              ; 1                         ; Untyped                       ;
; CLK3_MULTIPLY_BY              ; 1                         ; Untyped                       ;
; CLK2_MULTIPLY_BY              ; 14                        ; Signed Integer                ;
; CLK1_MULTIPLY_BY              ; 63                        ; Signed Integer                ;
; CLK0_MULTIPLY_BY              ; 14                        ; Signed Integer                ;
; CLK9_DIVIDE_BY                ; 0                         ; Untyped                       ;
; CLK8_DIVIDE_BY                ; 0                         ; Untyped                       ;
; CLK7_DIVIDE_BY                ; 0                         ; Untyped                       ;
; CLK6_DIVIDE_BY                ; 0                         ; Untyped                       ;
; CLK5_DIVIDE_BY                ; 1                         ; Untyped                       ;
; CLK4_DIVIDE_BY                ; 1                         ; Untyped                       ;
; CLK3_DIVIDE_BY                ; 1                         ; Untyped                       ;
; CLK2_DIVIDE_BY                ; 5                         ; Signed Integer                ;
; CLK1_DIVIDE_BY                ; 125                       ; Signed Integer                ;
; CLK0_DIVIDE_BY                ; 5                         ; Signed Integer                ;
; CLK9_PHASE_SHIFT              ; 0                         ; Untyped                       ;
; CLK8_PHASE_SHIFT              ; 0                         ; Untyped                       ;
; CLK7_PHASE_SHIFT              ; 0                         ; Untyped                       ;
; CLK6_PHASE_SHIFT              ; 0                         ; Untyped                       ;
; CLK5_PHASE_SHIFT              ; 0                         ; Untyped                       ;
; CLK4_PHASE_SHIFT              ; 0                         ; Untyped                       ;
; CLK3_PHASE_SHIFT              ; 0                         ; Untyped                       ;
; CLK2_PHASE_SHIFT              ; 794                       ; Untyped                       ;
; CLK1_PHASE_SHIFT              ; 0                         ; Untyped                       ;
; CLK0_PHASE_SHIFT              ; 0                         ; Untyped                       ;
; CLK5_TIME_DELAY               ; 0                         ; Untyped                       ;
; CLK4_TIME_DELAY               ; 0                         ; Untyped                       ;
; CLK3_TIME_DELAY               ; 0                         ; Untyped                       ;
; CLK2_TIME_DELAY               ; 0                         ; Untyped                       ;
; CLK1_TIME_DELAY               ; 0                         ; Untyped                       ;
; CLK0_TIME_DELAY               ; 0                         ; Untyped                       ;
; CLK9_DUTY_CYCLE               ; 50                        ; Untyped                       ;
; CLK8_DUTY_CYCLE               ; 50                        ; Untyped                       ;
; CLK7_DUTY_CYCLE               ; 50                        ; Untyped                       ;
; CLK6_DUTY_CYCLE               ; 50                        ; Untyped                       ;
; CLK5_DUTY_CYCLE               ; 50                        ; Untyped                       ;
; CLK4_DUTY_CYCLE               ; 50                        ; Untyped                       ;
; CLK3_DUTY_CYCLE               ; 50                        ; Untyped                       ;
; CLK2_DUTY_CYCLE               ; 50                        ; Signed Integer                ;
; CLK1_DUTY_CYCLE               ; 50                        ; Signed Integer                ;
; CLK0_DUTY_CYCLE               ; 50                        ; Signed Integer                ;
; CLK9_USE_EVEN_COUNTER_MODE    ; OFF                       ; Untyped                       ;
; CLK8_USE_EVEN_COUNTER_MODE    ; OFF                       ; Untyped                       ;
; CLK7_USE_EVEN_COUNTER_MODE    ; OFF                       ; Untyped                       ;
; CLK6_USE_EVEN_COUNTER_MODE    ; OFF                       ; Untyped                       ;
; CLK5_USE_EVEN_COUNTER_MODE    ; OFF                       ; Untyped                       ;
; CLK4_USE_EVEN_COUNTER_MODE    ; OFF                       ; Untyped                       ;
; CLK3_USE_EVEN_COUNTER_MODE    ; OFF                       ; Untyped                       ;
; CLK2_USE_EVEN_COUNTER_MODE    ; OFF                       ; Untyped                       ;
; CLK1_USE_EVEN_COUNTER_MODE    ; OFF                       ; Untyped                       ;
; CLK0_USE_EVEN_COUNTER_MODE    ; OFF                       ; Untyped                       ;
; CLK9_USE_EVEN_COUNTER_VALUE   ; OFF                       ; Untyped                       ;
; CLK8_USE_EVEN_COUNTER_VALUE   ; OFF                       ; Untyped                       ;
; CLK7_USE_EVEN_COUNTER_VALUE   ; OFF                       ; Untyped                       ;
; CLK6_USE_EVEN_COUNTER_VALUE   ; OFF                       ; Untyped                       ;
; CLK5_USE_EVEN_COUNTER_VALUE   ; OFF                       ; Untyped                       ;
; CLK4_USE_EVEN_COUNTER_VALUE   ; OFF                       ; Untyped                       ;
; CLK3_USE_EVEN_COUNTER_VALUE   ; OFF                       ; Untyped                       ;
; CLK2_USE_EVEN_COUNTER_VALUE   ; OFF                       ; Untyped                       ;
; CLK1_USE_EVEN_COUNTER_VALUE   ; OFF                       ; Untyped                       ;
; CLK0_USE_EVEN_COUNTER_VALUE   ; OFF                       ; Untyped                       ;
; LOCK_WINDOW_UI                ;  0.05                     ; Untyped                       ;
; LOCK_WINDOW_UI_BITS           ; UNUSED                    ; Untyped                       ;
; VCO_RANGE_DETECTOR_LOW_BITS   ; UNUSED                    ; Untyped                       ;
; VCO_RANGE_DETECTOR_HIGH_BITS  ; UNUSED                    ; Untyped                       ;
; DPA_MULTIPLY_BY               ; 0                         ; Untyped                       ;
; DPA_DIVIDE_BY                 ; 1                         ; Untyped                       ;
; DPA_DIVIDER                   ; 0                         ; Untyped                       ;
; EXTCLK3_MULTIPLY_BY           ; 1                         ; Untyped                       ;
; EXTCLK2_MULTIPLY_BY           ; 1                         ; Untyped                       ;
; EXTCLK1_MULTIPLY_BY           ; 1                         ; Untyped                       ;
; EXTCLK0_MULTIPLY_BY           ; 1                         ; Untyped                       ;
; EXTCLK3_DIVIDE_BY             ; 1                         ; Untyped                       ;
; EXTCLK2_DIVIDE_BY             ; 1                         ; Untyped                       ;
; EXTCLK1_DIVIDE_BY             ; 1                         ; Untyped                       ;
; EXTCLK0_DIVIDE_BY             ; 1                         ; Untyped                       ;
; EXTCLK3_PHASE_SHIFT           ; 0                         ; Untyped                       ;
; EXTCLK2_PHASE_SHIFT           ; 0                         ; Untyped                       ;
; EXTCLK1_PHASE_SHIFT           ; 0                         ; Untyped                       ;
; EXTCLK0_PHASE_SHIFT           ; 0                         ; Untyped                       ;
; EXTCLK3_TIME_DELAY            ; 0                         ; Untyped                       ;
; EXTCLK2_TIME_DELAY            ; 0                         ; Untyped                       ;
; EXTCLK1_TIME_DELAY            ; 0                         ; Untyped                       ;
; EXTCLK0_TIME_DELAY            ; 0                         ; Untyped                       ;
; EXTCLK3_DUTY_CYCLE            ; 50                        ; Untyped                       ;
; EXTCLK2_DUTY_CYCLE            ; 50                        ; Untyped                       ;
; EXTCLK1_DUTY_CYCLE            ; 50                        ; Untyped                       ;
; EXTCLK0_DUTY_CYCLE            ; 50                        ; Untyped                       ;
; VCO_MULTIPLY_BY               ; 0                         ; Untyped                       ;
; VCO_DIVIDE_BY                 ; 0                         ; Untyped                       ;
; SCLKOUT0_PHASE_SHIFT          ; 0                         ; Untyped                       ;
; SCLKOUT1_PHASE_SHIFT          ; 0                         ; Untyped                       ;
; VCO_MIN                       ; 0                         ; Untyped                       ;
; VCO_MAX                       ; 0                         ; Untyped                       ;
; VCO_CENTER                    ; 0                         ; Untyped                       ;
; PFD_MIN                       ; 0                         ; Untyped                       ;
; PFD_MAX                       ; 0                         ; Untyped                       ;
; M_INITIAL                     ; 0                         ; Untyped                       ;
; M                             ; 0                         ; Untyped                       ;
; N                             ; 1                         ; Untyped                       ;
; M2                            ; 1                         ; Untyped                       ;
; N2                            ; 1                         ; Untyped                       ;
; SS                            ; 1                         ; Untyped                       ;
; C0_HIGH                       ; 0                         ; Untyped                       ;
; C1_HIGH                       ; 0                         ; Untyped                       ;
; C2_HIGH                       ; 0                         ; Untyped                       ;
; C3_HIGH                       ; 0                         ; Untyped                       ;
; C4_HIGH                       ; 0                         ; Untyped                       ;
; C5_HIGH                       ; 0                         ; Untyped                       ;
; C6_HIGH                       ; 0                         ; Untyped                       ;
; C7_HIGH                       ; 0                         ; Untyped                       ;
; C8_HIGH                       ; 0                         ; Untyped                       ;
; C9_HIGH                       ; 0                         ; Untyped                       ;
; C0_LOW                        ; 0                         ; Untyped                       ;
; C1_LOW                        ; 0                         ; Untyped                       ;
; C2_LOW                        ; 0                         ; Untyped                       ;
; C3_LOW                        ; 0                         ; Untyped                       ;
; C4_LOW                        ; 0                         ; Untyped                       ;
; C5_LOW                        ; 0                         ; Untyped                       ;
; C6_LOW                        ; 0                         ; Untyped                       ;
; C7_LOW                        ; 0                         ; Untyped                       ;
; C8_LOW                        ; 0                         ; Untyped                       ;
; C9_LOW                        ; 0                         ; Untyped                       ;
; C0_INITIAL                    ; 0                         ; Untyped                       ;
; C1_INITIAL                    ; 0                         ; Untyped                       ;
; C2_INITIAL                    ; 0                         ; Untyped                       ;
; C3_INITIAL                    ; 0                         ; Untyped                       ;
; C4_INITIAL                    ; 0                         ; Untyped                       ;
; C5_INITIAL                    ; 0                         ; Untyped                       ;
; C6_INITIAL                    ; 0                         ; Untyped                       ;
; C7_INITIAL                    ; 0                         ; Untyped                       ;
; C8_INITIAL                    ; 0                         ; Untyped                       ;
; C9_INITIAL                    ; 0                         ; Untyped                       ;
; C0_MODE                       ; BYPASS                    ; Untyped                       ;
; C1_MODE                       ; BYPASS                    ; Untyped                       ;
; C2_MODE                       ; BYPASS                    ; Untyped                       ;
; C3_MODE                       ; BYPASS                    ; Untyped                       ;
; C4_MODE                       ; BYPASS                    ; Untyped                       ;
; C5_MODE                       ; BYPASS                    ; Untyped                       ;
; C6_MODE                       ; BYPASS                    ; Untyped                       ;
; C7_MODE                       ; BYPASS                    ; Untyped                       ;
; C8_MODE                       ; BYPASS                    ; Untyped                       ;
; C9_MODE                       ; BYPASS                    ; Untyped                       ;
; C0_PH                         ; 0                         ; Untyped                       ;
; C1_PH                         ; 0                         ; Untyped                       ;
; C2_PH                         ; 0                         ; Untyped                       ;
; C3_PH                         ; 0                         ; Untyped                       ;
; C4_PH                         ; 0                         ; Untyped                       ;
; C5_PH                         ; 0                         ; Untyped                       ;
; C6_PH                         ; 0                         ; Untyped                       ;
; C7_PH                         ; 0                         ; Untyped                       ;
; C8_PH                         ; 0                         ; Untyped                       ;
; C9_PH                         ; 0                         ; Untyped                       ;
; L0_HIGH                       ; 1                         ; Untyped                       ;
; L1_HIGH                       ; 1                         ; Untyped                       ;
; G0_HIGH                       ; 1                         ; Untyped                       ;
; G1_HIGH                       ; 1                         ; Untyped                       ;
; G2_HIGH                       ; 1                         ; Untyped                       ;
; G3_HIGH                       ; 1                         ; Untyped                       ;
; E0_HIGH                       ; 1                         ; Untyped                       ;
; E1_HIGH                       ; 1                         ; Untyped                       ;
; E2_HIGH                       ; 1                         ; Untyped                       ;
; E3_HIGH                       ; 1                         ; Untyped                       ;
; L0_LOW                        ; 1                         ; Untyped                       ;
; L1_LOW                        ; 1                         ; Untyped                       ;
; G0_LOW                        ; 1                         ; Untyped                       ;
; G1_LOW                        ; 1                         ; Untyped                       ;
; G2_LOW                        ; 1                         ; Untyped                       ;
; G3_LOW                        ; 1                         ; Untyped                       ;
; E0_LOW                        ; 1                         ; Untyped                       ;
; E1_LOW                        ; 1                         ; Untyped                       ;
; E2_LOW                        ; 1                         ; Untyped                       ;
; E3_LOW                        ; 1                         ; Untyped                       ;
; L0_INITIAL                    ; 1                         ; Untyped                       ;
; L1_INITIAL                    ; 1                         ; Untyped                       ;
; G0_INITIAL                    ; 1                         ; Untyped                       ;
; G1_INITIAL                    ; 1                         ; Untyped                       ;
; G2_INITIAL                    ; 1                         ; Untyped                       ;
; G3_INITIAL                    ; 1                         ; Untyped                       ;
; E0_INITIAL                    ; 1                         ; Untyped                       ;
; E1_INITIAL                    ; 1                         ; Untyped                       ;
; E2_INITIAL                    ; 1                         ; Untyped                       ;
; E3_INITIAL                    ; 1                         ; Untyped                       ;
; L0_MODE                       ; BYPASS                    ; Untyped                       ;
; L1_MODE                       ; BYPASS                    ; Untyped                       ;
; G0_MODE                       ; BYPASS                    ; Untyped                       ;
; G1_MODE                       ; BYPASS                    ; Untyped                       ;
; G2_MODE                       ; BYPASS                    ; Untyped                       ;
; G3_MODE                       ; BYPASS                    ; Untyped                       ;
; E0_MODE                       ; BYPASS                    ; Untyped                       ;
; E1_MODE                       ; BYPASS                    ; Untyped                       ;
; E2_MODE                       ; BYPASS                    ; Untyped                       ;
; E3_MODE                       ; BYPASS                    ; Untyped                       ;
; L0_PH                         ; 0                         ; Untyped                       ;
; L1_PH                         ; 0                         ; Untyped                       ;
; G0_PH                         ; 0                         ; Untyped                       ;
; G1_PH                         ; 0                         ; Untyped                       ;
; G2_PH                         ; 0                         ; Untyped                       ;
; G3_PH                         ; 0                         ; Untyped                       ;
; E0_PH                         ; 0                         ; Untyped                       ;
; E1_PH                         ; 0                         ; Untyped                       ;
; E2_PH                         ; 0                         ; Untyped                       ;
; E3_PH                         ; 0                         ; Untyped                       ;
; M_PH                          ; 0                         ; Untyped                       ;
; C1_USE_CASC_IN                ; OFF                       ; Untyped                       ;
; C2_USE_CASC_IN                ; OFF                       ; Untyped                       ;
; C3_USE_CASC_IN                ; OFF                       ; Untyped                       ;
; C4_USE_CASC_IN                ; OFF                       ; Untyped                       ;
; C5_USE_CASC_IN                ; OFF                       ; Untyped                       ;
; C6_USE_CASC_IN                ; OFF                       ; Untyped                       ;
; C7_USE_CASC_IN                ; OFF                       ; Untyped                       ;
; C8_USE_CASC_IN                ; OFF                       ; Untyped                       ;
; C9_USE_CASC_IN                ; OFF                       ; Untyped                       ;
; CLK0_COUNTER                  ; G0                        ; Untyped                       ;
; CLK1_COUNTER                  ; G0                        ; Untyped                       ;
; CLK2_COUNTER                  ; G0                        ; Untyped                       ;
; CLK3_COUNTER                  ; G0                        ; Untyped                       ;
; CLK4_COUNTER                  ; G0                        ; Untyped                       ;
; CLK5_COUNTER                  ; G0                        ; Untyped                       ;
; CLK6_COUNTER                  ; E0                        ; Untyped                       ;
; CLK7_COUNTER                  ; E1                        ; Untyped                       ;
; CLK8_COUNTER                  ; E2                        ; Untyped                       ;
; CLK9_COUNTER                  ; E3                        ; Untyped                       ;
; L0_TIME_DELAY                 ; 0                         ; Untyped                       ;
; L1_TIME_DELAY                 ; 0                         ; Untyped                       ;
; G0_TIME_DELAY                 ; 0                         ; Untyped                       ;
; G1_TIME_DELAY                 ; 0                         ; Untyped                       ;
; G2_TIME_DELAY                 ; 0                         ; Untyped                       ;
; G3_TIME_DELAY                 ; 0                         ; Untyped                       ;
; E0_TIME_DELAY                 ; 0                         ; Untyped                       ;
; E1_TIME_DELAY                 ; 0                         ; Untyped                       ;
; E2_TIME_DELAY                 ; 0                         ; Untyped                       ;
; E3_TIME_DELAY                 ; 0                         ; Untyped                       ;
; M_TIME_DELAY                  ; 0                         ; Untyped                       ;
; N_TIME_DELAY                  ; 0                         ; Untyped                       ;
; EXTCLK3_COUNTER               ; E3                        ; Untyped                       ;
; EXTCLK2_COUNTER               ; E2                        ; Untyped                       ;
; EXTCLK1_COUNTER               ; E1                        ; Untyped                       ;
; EXTCLK0_COUNTER               ; E0                        ; Untyped                       ;
; ENABLE0_COUNTER               ; L0                        ; Untyped                       ;
; ENABLE1_COUNTER               ; L0                        ; Untyped                       ;
; CHARGE_PUMP_CURRENT           ; 2                         ; Untyped                       ;
; LOOP_FILTER_R                 ;  1.000000                 ; Untyped                       ;
; LOOP_FILTER_C                 ; 5                         ; Untyped                       ;
; CHARGE_PUMP_CURRENT_BITS      ; 9999                      ; Untyped                       ;
; LOOP_FILTER_R_BITS            ; 9999                      ; Untyped                       ;
; LOOP_FILTER_C_BITS            ; 9999                      ; Untyped                       ;
; VCO_POST_SCALE                ; 0                         ; Untyped                       ;
; CLK2_OUTPUT_FREQUENCY         ; 0                         ; Untyped                       ;
; CLK1_OUTPUT_FREQUENCY         ; 0                         ; Untyped                       ;
; CLK0_OUTPUT_FREQUENCY         ; 0                         ; Untyped                       ;
; INTENDED_DEVICE_FAMILY        ; Cyclone IV E              ; Untyped                       ;
; PORT_CLKENA0                  ; PORT_UNUSED               ; Untyped                       ;
; PORT_CLKENA1                  ; PORT_UNUSED               ; Untyped                       ;
; PORT_CLKENA2                  ; PORT_UNUSED               ; Untyped                       ;
; PORT_CLKENA3                  ; PORT_UNUSED               ; Untyped                       ;
; PORT_CLKENA4                  ; PORT_UNUSED               ; Untyped                       ;
; PORT_CLKENA5                  ; PORT_UNUSED               ; Untyped                       ;
; PORT_EXTCLKENA0               ; PORT_CONNECTIVITY         ; Untyped                       ;
; PORT_EXTCLKENA1               ; PORT_CONNECTIVITY         ; Untyped                       ;
; PORT_EXTCLKENA2               ; PORT_CONNECTIVITY         ; Untyped                       ;
; PORT_EXTCLKENA3               ; PORT_CONNECTIVITY         ; Untyped                       ;
; PORT_EXTCLK0                  ; PORT_UNUSED               ; Untyped                       ;
; PORT_EXTCLK1                  ; PORT_UNUSED               ; Untyped                       ;
; PORT_EXTCLK2                  ; PORT_UNUSED               ; Untyped                       ;
; PORT_EXTCLK3                  ; PORT_UNUSED               ; Untyped                       ;
; PORT_CLKBAD0                  ; PORT_UNUSED               ; Untyped                       ;
; PORT_CLKBAD1                  ; PORT_UNUSED               ; Untyped                       ;
; PORT_CLK0                     ; PORT_USED                 ; Untyped                       ;
; PORT_CLK1                     ; PORT_USED                 ; Untyped                       ;
; PORT_CLK2                     ; PORT_USED                 ; Untyped                       ;
; PORT_CLK3                     ; PORT_UNUSED               ; Untyped                       ;
; PORT_CLK4                     ; PORT_UNUSED               ; Untyped                       ;
; PORT_CLK5                     ; PORT_UNUSED               ; Untyped                       ;
; PORT_CLK6                     ; PORT_UNUSED               ; Untyped                       ;
; PORT_CLK7                     ; PORT_UNUSED               ; Untyped                       ;
; PORT_CLK8                     ; PORT_UNUSED               ; Untyped                       ;
; PORT_CLK9                     ; PORT_UNUSED               ; Untyped                       ;
; PORT_SCANDATA                 ; PORT_UNUSED               ; Untyped                       ;
; PORT_SCANDATAOUT              ; PORT_UNUSED               ; Untyped                       ;
; PORT_SCANDONE                 ; PORT_UNUSED               ; Untyped                       ;
; PORT_SCLKOUT1                 ; PORT_CONNECTIVITY         ; Untyped                       ;
; PORT_SCLKOUT0                 ; PORT_CONNECTIVITY         ; Untyped                       ;
; PORT_ACTIVECLOCK              ; PORT_UNUSED               ; Untyped                       ;
; PORT_CLKLOSS                  ; PORT_UNUSED               ; Untyped                       ;
; PORT_INCLK1                   ; PORT_UNUSED               ; Untyped                       ;
; PORT_INCLK0                   ; PORT_USED                 ; Untyped                       ;
; PORT_FBIN                     ; PORT_UNUSED               ; Untyped                       ;
; PORT_PLLENA                   ; PORT_UNUSED               ; Untyped                       ;
; PORT_CLKSWITCH                ; PORT_UNUSED               ; Untyped                       ;
; PORT_ARESET                   ; PORT_UNUSED               ; Untyped                       ;
; PORT_PFDENA                   ; PORT_UNUSED               ; Untyped                       ;
; PORT_SCANCLK                  ; PORT_UNUSED               ; Untyped                       ;
; PORT_SCANACLR                 ; PORT_UNUSED               ; Untyped                       ;
; PORT_SCANREAD                 ; PORT_UNUSED               ; Untyped                       ;
; PORT_SCANWRITE                ; PORT_UNUSED               ; Untyped                       ;
; PORT_ENABLE0                  ; PORT_CONNECTIVITY         ; Untyped                       ;
; PORT_ENABLE1                  ; PORT_CONNECTIVITY         ; Untyped                       ;
; PORT_LOCKED                   ; PORT_USED                 ; Untyped                       ;
; PORT_CONFIGUPDATE             ; PORT_UNUSED               ; Untyped                       ;
; PORT_FBOUT                    ; PORT_CONNECTIVITY         ; Untyped                       ;
; PORT_PHASEDONE                ; PORT_UNUSED               ; Untyped                       ;
; PORT_PHASESTEP                ; PORT_UNUSED               ; Untyped                       ;
; PORT_PHASEUPDOWN              ; PORT_UNUSED               ; Untyped                       ;
; PORT_SCANCLKENA               ; PORT_UNUSED               ; Untyped                       ;
; PORT_PHASECOUNTERSELECT       ; PORT_UNUSED               ; Untyped                       ;
; PORT_VCOOVERRANGE             ; PORT_CONNECTIVITY         ; Untyped                       ;
; PORT_VCOUNDERRANGE            ; PORT_CONNECTIVITY         ; Untyped                       ;
; M_TEST_SOURCE                 ; 5                         ; Untyped                       ;
; C0_TEST_SOURCE                ; 5                         ; Untyped                       ;
; C1_TEST_SOURCE                ; 5                         ; Untyped                       ;
; C2_TEST_SOURCE                ; 5                         ; Untyped                       ;
; C3_TEST_SOURCE                ; 5                         ; Untyped                       ;
; C4_TEST_SOURCE                ; 5                         ; Untyped                       ;
; C5_TEST_SOURCE                ; 5                         ; Untyped                       ;
; C6_TEST_SOURCE                ; 5                         ; Untyped                       ;
; C7_TEST_SOURCE                ; 5                         ; Untyped                       ;
; C8_TEST_SOURCE                ; 5                         ; Untyped                       ;
; C9_TEST_SOURCE                ; 5                         ; Untyped                       ;
; CBXI_PARAMETER                ; pll_vga_altpll            ; Untyped                       ;
; VCO_FREQUENCY_CONTROL         ; AUTO                      ; Untyped                       ;
; VCO_PHASE_SHIFT_STEP          ; 0                         ; Untyped                       ;
; WIDTH_CLOCK                   ; 5                         ; Signed Integer                ;
; WIDTH_PHASECOUNTERSELECT      ; 4                         ; Untyped                       ;
; USING_FBMIMICBIDIR_PORT       ; OFF                       ; Untyped                       ;
; DEVICE_FAMILY                 ; Cyclone IV E              ; Untyped                       ;
; SCAN_CHAIN_MIF_FILE           ; UNUSED                    ; Untyped                       ;
; SIM_GATE_LOCK_DEVICE_BEHAVIOR ; OFF                       ; Untyped                       ;
; AUTO_CARRY_CHAINS             ; ON                        ; AUTO_CARRY                    ;
; IGNORE_CARRY_BUFFERS          ; OFF                       ; IGNORE_CARRY                  ;
; AUTO_CASCADE_CHAINS           ; ON                        ; AUTO_CASCADE                  ;
; IGNORE_CASCADE_BUFFERS        ; OFF                       ; IGNORE_CASCADE                ;
+-------------------------------+---------------------------+-------------------------------+
Note: In order to hide this table in the UI and the text report file, please set the "Show Parameter Settings in Synthesis Report" option in "Analysis and Synthesis Settings -> More Settings" to "Off".


+-------------------------------------------------------------------------------------------------------------------------------+
; Parameter Settings for User Entity Instance: vga_subsystem_top:inst_vga_subsystem|vga_fifo:pixel_fifo|dcfifo:dcfifo_component ;
+-------------------------+--------------+--------------------------------------------------------------------------------------+
; Parameter Name          ; Value        ; Type                                                                                 ;
+-------------------------+--------------+--------------------------------------------------------------------------------------+
; WIDTH_BYTEENA           ; 1            ; Untyped                                                                              ;
; AUTO_CARRY_CHAINS       ; ON           ; AUTO_CARRY                                                                           ;
; IGNORE_CARRY_BUFFERS    ; OFF          ; IGNORE_CARRY                                                                         ;
; AUTO_CASCADE_CHAINS     ; ON           ; AUTO_CASCADE                                                                         ;
; IGNORE_CASCADE_BUFFERS  ; OFF          ; IGNORE_CASCADE                                                                       ;
; LPM_WIDTH               ; 40           ; Signed Integer                                                                       ;
; LPM_NUMWORDS            ; 256          ; Signed Integer                                                                       ;
; LPM_WIDTHU              ; 8            ; Signed Integer                                                                       ;
; LPM_SHOWAHEAD           ; ON           ; Untyped                                                                              ;
; UNDERFLOW_CHECKING      ; ON           ; Untyped                                                                              ;
; OVERFLOW_CHECKING       ; ON           ; Untyped                                                                              ;
; USE_EAB                 ; ON           ; Untyped                                                                              ;
; ADD_RAM_OUTPUT_REGISTER ; OFF          ; Untyped                                                                              ;
; ENABLE_ECC              ; FALSE        ; Untyped                                                                              ;
; DELAY_RDUSEDW           ; 1            ; Untyped                                                                              ;
; DELAY_WRUSEDW           ; 1            ; Untyped                                                                              ;
; RDSYNC_DELAYPIPE        ; 5            ; Signed Integer                                                                       ;
; WRSYNC_DELAYPIPE        ; 5            ; Signed Integer                                                                       ;
; CLOCKS_ARE_SYNCHRONIZED ; FALSE        ; Untyped                                                                              ;
; MAXIMIZE_SPEED          ; 5            ; Untyped                                                                              ;
; DEVICE_FAMILY           ; Cyclone IV E ; Untyped                                                                              ;
; ADD_USEDW_MSB_BIT       ; OFF          ; Untyped                                                                              ;
; WRITE_ACLR_SYNCH        ; ON           ; Untyped                                                                              ;
; READ_ACLR_SYNCH         ; ON           ; Untyped                                                                              ;
; CBXI_PARAMETER          ; dcfifo_eok1  ; Untyped                                                                              ;
+-------------------------+--------------+--------------------------------------------------------------------------------------+
Note: In order to hide this table in the UI and the text report file, please set the "Show Parameter Settings in Synthesis Report" option in "Analysis and Synthesis Settings -> More Settings" to "Off".


+----------------------------------------------------------------------------------------------------+
; Parameter Settings for User Entity Instance: vga_subsystem_top:inst_vga_subsystem|sdram:sdram_ctrl ;
+----------------+-------+---------------------------------------------------------------------------+
; Parameter Name ; Value ; Type                                                                      ;
+----------------+-------+---------------------------------------------------------------------------+
; page0          ; 320   ; Signed Integer                                                            ;
; page1          ; 320   ; Signed Integer                                                            ;
+----------------+-------+---------------------------------------------------------------------------+
Note: In order to hide this table in the UI and the text report file, please set the "Show Parameter Settings in Synthesis Report" option in "Analysis and Synthesis Settings -> More Settings" to "Off".


+------------------------------------------------------------------------------------------------------------------------------------+
; Parameter Settings for User Entity Instance: vga_subsystem_top:inst_vga_subsystem|ram2:read_buffer|altsyncram:altsyncram_component ;
+------------------------------------+----------------------+------------------------------------------------------------------------+
; Parameter Name                     ; Value                ; Type                                                                   ;
+------------------------------------+----------------------+------------------------------------------------------------------------+
; BYTE_SIZE_BLOCK                    ; 8                    ; Untyped                                                                ;
; AUTO_CARRY_CHAINS                  ; ON                   ; AUTO_CARRY                                                             ;
; IGNORE_CARRY_BUFFERS               ; OFF                  ; IGNORE_CARRY                                                           ;
; AUTO_CASCADE_CHAINS                ; ON                   ; AUTO_CASCADE                                                           ;
; IGNORE_CASCADE_BUFFERS             ; OFF                  ; IGNORE_CASCADE                                                         ;
; WIDTH_BYTEENA                      ; 1                    ; Untyped                                                                ;
; OPERATION_MODE                     ; DUAL_PORT            ; Untyped                                                                ;
; WIDTH_A                            ; 16                   ; Signed Integer                                                         ;
; WIDTHAD_A                          ; 10                   ; Signed Integer                                                         ;
; NUMWORDS_A                         ; 1024                 ; Signed Integer                                                         ;
; OUTDATA_REG_A                      ; UNREGISTERED         ; Untyped                                                                ;
; ADDRESS_ACLR_A                     ; NONE                 ; Untyped                                                                ;
; OUTDATA_ACLR_A                     ; NONE                 ; Untyped                                                                ;
; WRCONTROL_ACLR_A                   ; NONE                 ; Untyped                                                                ;
; INDATA_ACLR_A                      ; NONE                 ; Untyped                                                                ;
; BYTEENA_ACLR_A                     ; NONE                 ; Untyped                                                                ;
; WIDTH_B                            ; 16                   ; Signed Integer                                                         ;
; WIDTHAD_B                          ; 10                   ; Signed Integer                                                         ;
; NUMWORDS_B                         ; 1024                 ; Signed Integer                                                         ;
; INDATA_REG_B                       ; CLOCK1               ; Untyped                                                                ;
; WRCONTROL_WRADDRESS_REG_B          ; CLOCK1               ; Untyped                                                                ;
; RDCONTROL_REG_B                    ; CLOCK1               ; Untyped                                                                ;
; ADDRESS_REG_B                      ; CLOCK1               ; Untyped                                                                ;
; OUTDATA_REG_B                      ; CLOCK1               ; Untyped                                                                ;
; BYTEENA_REG_B                      ; CLOCK1               ; Untyped                                                                ;
; INDATA_ACLR_B                      ; NONE                 ; Untyped                                                                ;
; WRCONTROL_ACLR_B                   ; NONE                 ; Untyped                                                                ;
; ADDRESS_ACLR_B                     ; NONE                 ; Untyped                                                                ;
; OUTDATA_ACLR_B                     ; NONE                 ; Untyped                                                                ;
; RDCONTROL_ACLR_B                   ; NONE                 ; Untyped                                                                ;
; BYTEENA_ACLR_B                     ; NONE                 ; Untyped                                                                ;
; WIDTH_BYTEENA_A                    ; 1                    ; Signed Integer                                                         ;
; WIDTH_BYTEENA_B                    ; 1                    ; Signed Integer                                                         ;
; RAM_BLOCK_TYPE                     ; AUTO                 ; Untyped                                                                ;
; BYTE_SIZE                          ; 8                    ; Signed Integer                                                         ;
; READ_DURING_WRITE_MODE_MIXED_PORTS ; DONT_CARE            ; Untyped                                                                ;
; READ_DURING_WRITE_MODE_PORT_A      ; NEW_DATA_NO_NBE_READ ; Untyped                                                                ;
; READ_DURING_WRITE_MODE_PORT_B      ; NEW_DATA_NO_NBE_READ ; Untyped                                                                ;
; INIT_FILE                          ; UNUSED               ; Untyped                                                                ;
; INIT_FILE_LAYOUT                   ; PORT_A               ; Untyped                                                                ;
; MAXIMUM_DEPTH                      ; 0                    ; Signed Integer                                                         ;
; CLOCK_ENABLE_INPUT_A               ; BYPASS               ; Untyped                                                                ;
; CLOCK_ENABLE_INPUT_B               ; BYPASS               ; Untyped                                                                ;
; CLOCK_ENABLE_OUTPUT_A              ; NORMAL               ; Untyped                                                                ;
; CLOCK_ENABLE_OUTPUT_B              ; BYPASS               ; Untyped                                                                ;
; CLOCK_ENABLE_CORE_A                ; USE_INPUT_CLKEN      ; Untyped                                                                ;
; CLOCK_ENABLE_CORE_B                ; USE_INPUT_CLKEN      ; Untyped                                                                ;
; ENABLE_ECC                         ; FALSE                ; Untyped                                                                ;
; ECC_PIPELINE_STAGE_ENABLED         ; FALSE                ; Untyped                                                                ;
; WIDTH_ECCSTATUS                    ; 3                    ; Signed Integer                                                         ;
; DEVICE_FAMILY                      ; Cyclone IV E         ; Untyped                                                                ;
; CBXI_PARAMETER                     ; altsyncram_mno3      ; Untyped                                                                ;
+------------------------------------+----------------------+------------------------------------------------------------------------+
Note: In order to hide this table in the UI and the text report file, please set the "Show Parameter Settings in Synthesis Report" option in "Analysis and Synthesis Settings -> More Settings" to "Off".


+-----------------------------------------------------------------------------------------------------+
; Parameter Settings for User Entity Instance: vga_subsystem_top:inst_vga_subsystem|vgaout:vga_engine ;
+-------------------+-------+-------------------------------------------------------------------------+
; Parameter Name    ; Value ; Type                                                                    ;
+-------------------+-------+-------------------------------------------------------------------------+
; hor_active_video  ; 640   ; Signed Integer                                                          ;
; hor_front_porch   ; 16    ; Signed Integer                                                          ;
; hor_sync_pulse    ; 96    ; Signed Integer                                                          ;
; hor_back_porch    ; 48    ; Signed Integer                                                          ;
; vert_active_video ; 480   ; Signed Integer                                                          ;
; vert_front_porch  ; 10    ; Signed Integer                                                          ;
; vert_sync_pulse   ; 2     ; Signed Integer                                                          ;
; vert_back_porch   ; 33    ; Signed Integer                                                          ;
+-------------------+-------+-------------------------------------------------------------------------+
Note: In order to hide this table in the UI and the text report file, please set the "Show Parameter Settings in Synthesis Report" option in "Analysis and Synthesis Settings -> More Settings" to "Off".


+--------------------------------------------------------------------------------------------------------+
; Parameter Settings for User Entity Instance: DCLK_BUF:u_dram_clk_gen|altddio_out:ALTDDIO_OUT_component ;
+------------------------+--------------+----------------------------------------------------------------+
; Parameter Name         ; Value        ; Type                                                           ;
+------------------------+--------------+----------------------------------------------------------------+
; AUTO_CARRY_CHAINS      ; ON           ; AUTO_CARRY                                                     ;
; IGNORE_CARRY_BUFFERS   ; OFF          ; IGNORE_CARRY                                                   ;
; AUTO_CASCADE_CHAINS    ; ON           ; AUTO_CASCADE                                                   ;
; IGNORE_CASCADE_BUFFERS ; OFF          ; IGNORE_CASCADE                                                 ;
; WIDTH                  ; 1            ; Signed Integer                                                 ;
; POWER_UP_HIGH          ; OFF          ; Untyped                                                        ;
; OE_REG                 ; UNREGISTERED ; Untyped                                                        ;
; extend_oe_disable      ; OFF          ; Untyped                                                        ;
; INTENDED_DEVICE_FAMILY ; Cyclone IV E ; Untyped                                                        ;
; DEVICE_FAMILY          ; Cyclone IV E ; Untyped                                                        ;
; CBXI_PARAMETER         ; ddio_out_p9j ; Untyped                                                        ;
+------------------------+--------------+----------------------------------------------------------------+
Note: In order to hide this table in the UI and the text report file, please set the "Show Parameter Settings in Synthesis Report" option in "Analysis and Synthesis Settings -> More Settings" to "Off".


+------------------------------------------------------------------------------+
; altpll Parameter Settings by Entity Instance                                 ;
+-------------------------------+----------------------------------------------+
; Name                          ; Value                                        ;
+-------------------------------+----------------------------------------------+
; Number of entity instances    ; 1                                            ;
; Entity Instance               ; pll_vga:inst_pll_vga|altpll:altpll_component ;
;     -- OPERATION_MODE         ; NORMAL                                       ;
;     -- PLL_TYPE               ; AUTO                                         ;
;     -- PRIMARY_CLOCK          ; INCLK0                                       ;
;     -- INCLK0_INPUT_FREQUENCY ; 20000                                        ;
;     -- INCLK1_INPUT_FREQUENCY ; 0                                            ;
;     -- VCO_MULTIPLY_BY        ; 0                                            ;
;     -- VCO_DIVIDE_BY          ; 0                                            ;
+-------------------------------+----------------------------------------------+


+---------------------------------------------------------------------------------------------------------------+
; dcfifo Parameter Settings by Entity Instance                                                                  ;
+----------------------------+----------------------------------------------------------------------------------+
; Name                       ; Value                                                                            ;
+----------------------------+----------------------------------------------------------------------------------+
; Number of entity instances ; 1                                                                                ;
; Entity Instance            ; vga_subsystem_top:inst_vga_subsystem|vga_fifo:pixel_fifo|dcfifo:dcfifo_component ;
;     -- FIFO Type           ; Dual Clock                                                                       ;
;     -- LPM_WIDTH           ; 40                                                                               ;
;     -- LPM_NUMWORDS        ; 256                                                                              ;
;     -- LPM_SHOWAHEAD       ; ON                                                                               ;
;     -- USE_EAB             ; ON                                                                               ;
+----------------------------+----------------------------------------------------------------------------------+


+-----------------------------------------------------------------------------------------------------------------------------------+
; altsyncram Parameter Settings by Entity Instance                                                                                  ;
+-------------------------------------------+---------------------------------------------------------------------------------------+
; Name                                      ; Value                                                                                 ;
+-------------------------------------------+---------------------------------------------------------------------------------------+
; Number of entity instances                ; 1                                                                                     ;
; Entity Instance                           ; vga_subsystem_top:inst_vga_subsystem|ram2:read_buffer|altsyncram:altsyncram_component ;
;     -- OPERATION_MODE                     ; DUAL_PORT                                                                             ;
;     -- WIDTH_A                            ; 16                                                                                    ;
;     -- NUMWORDS_A                         ; 1024                                                                                  ;
;     -- OUTDATA_REG_A                      ; UNREGISTERED                                                                          ;
;     -- WIDTH_B                            ; 16                                                                                    ;
;     -- NUMWORDS_B                         ; 1024                                                                                  ;
;     -- ADDRESS_REG_B                      ; CLOCK1                                                                                ;
;     -- OUTDATA_REG_B                      ; CLOCK1                                                                                ;
;     -- RAM_BLOCK_TYPE                     ; AUTO                                                                                  ;
;     -- READ_DURING_WRITE_MODE_MIXED_PORTS ; DONT_CARE                                                                             ;
+-------------------------------------------+---------------------------------------------------------------------------------------+


+-----------------------------------------------------+
; Port Connectivity Checks: "DCLK_BUF:u_dram_clk_gen" ;
+----------+-------+----------+-----------------------+
; Port     ; Type  ; Severity ; Details               ;
+----------+-------+----------+-----------------------+
; datain_h ; Input ; Info     ; Stuck at VCC          ;
; datain_l ; Input ; Info     ; Stuck at GND          ;
+----------+-------+----------+-----------------------+


+------------------------------------------------------------------------------------+
; Port Connectivity Checks: "vga_subsystem_top:inst_vga_subsystem|vgaout:vga_engine" ;
+--------------+-------+----------+--------------------------------------------------+
; Port         ; Type  ; Severity ; Details                                          ;
+--------------+-------+----------+--------------------------------------------------+
; video_active ; Input ; Info     ; Stuck at GND                                     ;
+--------------+-------+----------+--------------------------------------------------+


+-------------------------------------------------------------------------------------------------------------------+
; Port Connectivity Checks: "vga_subsystem_top:inst_vga_subsystem|vga_fifo:pixel_fifo"                              ;
+---------+--------+----------+-------------------------------------------------------------------------------------+
; Port    ; Type   ; Severity ; Details                                                                             ;
+---------+--------+----------+-------------------------------------------------------------------------------------+
; wrusedw ; Output ; Info     ; Connected to dangling logic. Logic that only feeds a dangling port will be removed. ;
+---------+--------+----------+-------------------------------------------------------------------------------------+


+--------------------------------------------------------------------------------------------------------------------+
; Port Connectivity Checks: "vga_subsystem_top:inst_vga_subsystem"                                                   ;
+----------+--------+----------+-------------------------------------------------------------------------------------+
; Port     ; Type   ; Severity ; Details                                                                             ;
+----------+--------+----------+-------------------------------------------------------------------------------------+
; dram_clk ; Output ; Info     ; Connected to dangling logic. Logic that only feeds a dangling port will be removed. ;
+----------+--------+----------+-------------------------------------------------------------------------------------+


+-----------------------------------------------------+
; Post-Synthesis Netlist Statistics for Top Partition ;
+-----------------------+-----------------------------+
; Type                  ; Count                       ;
+-----------------------+-----------------------------+
; boundary_port         ; 92                          ;
; cycloneiii_ddio_out   ; 1                           ;
; cycloneiii_ff         ; 458                         ;
;     CLR               ; 85                          ;
;     CLR SLD           ; 10                          ;
;     ENA               ; 160                         ;
;     ENA CLR           ; 39                          ;
;     ENA SCLR          ; 10                          ;
;     SCLR              ; 54                          ;
;     plain             ; 100                         ;
; cycloneiii_io_obuf    ; 16                          ;
; cycloneiii_lcell_comb ; 455                         ;
;     arith             ; 49                          ;
;         2 data inputs ; 49                          ;
;     normal            ; 406                         ;
;         0 data inputs ; 2                           ;
;         1 data inputs ; 14                          ;
;         2 data inputs ; 41                          ;
;         3 data inputs ; 108                         ;
;         4 data inputs ; 241                         ;
; cycloneiii_pll        ; 1                           ;
; cycloneiii_ram_block  ; 56                          ;
;                       ;                             ;
; Max LUT depth         ; 6.00                        ;
; Average LUT depth     ; 2.24                        ;
+-----------------------+-----------------------------+


+-------------------------------+
; Elapsed Time Per Partition    ;
+----------------+--------------+
; Partition Name ; Elapsed Time ;
+----------------+--------------+
; Top            ; 00:00:05     ;
+----------------+--------------+


+-------------------------------+
; Analysis & Synthesis Messages ;
+-------------------------------+
Info: *******************************************************************
Info: Running Quartus Prime Analysis & Synthesis
    Info: Version 22.1std.0 Build 915 10/25/2022 SC Standard Edition
    Info: Processing started: Mon May 11 23:13:00 2026
Info: Command: quartus_map --read_settings_files=on --write_settings_files=off VGA_Subsystem -c VGA_Subsystem
Info (16303): Aggressive Performance optimization mode selected -- timing performance will be prioritized at the potential cost of increased logic area and compilation time
Info (20032): Parallel compilation is enabled and will use up to 4 processors
Info (12021): Found 2 design units, including 1 entities, in source file src/vga/dclk_buf.vhd
    Info (12022): Found design unit 1: dclk_buf-SYN File: D:/LAVORI/VGA_SUBSYSTEM_V3/src/VGA/DCLK_BUF.vhd Line: 54
    Info (12023): Found entity 1: DCLK_BUF File: D:/LAVORI/VGA_SUBSYSTEM_V3/src/VGA/DCLK_BUF.vhd Line: 43
Info (12021): Found 2 design units, including 1 entities, in source file src/vga/vgaout.vhd
    Info (12022): Found design unit 1: vgaout-behavioral File: D:/LAVORI/VGA_SUBSYSTEM_V3/src/VGA/vgaout.vhd Line: 31
    Info (12023): Found entity 1: vgaout File: D:/LAVORI/VGA_SUBSYSTEM_V3/src/VGA/vgaout.vhd Line: 5
Info (12021): Found 2 design units, including 1 entities, in source file src/vga/sdram.vhd
    Info (12022): Found design unit 1: sdram-rtl File: D:/LAVORI/VGA_SUBSYSTEM_V3/src/VGA/sdram.vhd Line: 33
    Info (12023): Found entity 1: sdram File: D:/LAVORI/VGA_SUBSYSTEM_V3/src/VGA/sdram.vhd Line: 5
Info (12021): Found 2 design units, including 1 entities, in source file src/vga/ram2.vhd
    Info (12022): Found design unit 1: ram2-SYN File: D:/LAVORI/VGA_SUBSYSTEM_V3/src/VGA/ram2.vhd Line: 57
    Info (12023): Found entity 1: ram2 File: D:/LAVORI/VGA_SUBSYSTEM_V3/src/VGA/ram2.vhd Line: 43
Info (12021): Found 2 design units, including 1 entities, in source file src/vga/vga_fifo.vhd
    Info (12022): Found design unit 1: vga_fifo-SYN File: D:/LAVORI/VGA_SUBSYSTEM_V3/src/VGA/vga_fifo.vhd Line: 60
    Info (12023): Found entity 1: vga_fifo File: D:/LAVORI/VGA_SUBSYSTEM_V3/src/VGA/vga_fifo.vhd Line: 43
Info (12021): Found 2 design units, including 1 entities, in source file src/top.vhd
    Info (12022): Found design unit 1: top-syn File: D:/LAVORI/VGA_SUBSYSTEM_V3/src/top.vhd Line: 85
    Info (12023): Found entity 1: top File: D:/LAVORI/VGA_SUBSYSTEM_V3/src/top.vhd Line: 19
Info (12021): Found 2 design units, including 1 entities, in source file src/vga/vga_subsystem_top.vhd
    Info (12022): Found design unit 1: vga_subsystem_top-rtl File: D:/LAVORI/VGA_SUBSYSTEM_V3/src/VGA/vga_subsystem_top.vhd Line: 43
    Info (12023): Found entity 1: vga_subsystem_top File: D:/LAVORI/VGA_SUBSYSTEM_V3/src/VGA/vga_subsystem_top.vhd Line: 5
Info (12021): Found 2 design units, including 1 entities, in source file src/pll/pll_vga.vhd
    Info (12022): Found design unit 1: pll_vga-SYN File: D:/LAVORI/VGA_SUBSYSTEM_V3/src/pll/pll_vga.vhd Line: 55
    Info (12023): Found entity 1: pll_vga File: D:/LAVORI/VGA_SUBSYSTEM_V3/src/pll/pll_vga.vhd Line: 43
Info (12127): Elaborating entity "top" for the top level hierarchy
Warning (10541): VHDL Signal Declaration warning at top.vhd(37): used implicit default value for signal "TDO_o" because signal was never assigned a value or an explicit default value. Use of implicit default value may introduce unintended design optimizations. File: D:/LAVORI/VGA_SUBSYSTEM_V3/src/top.vhd Line: 37
Info (12128): Elaborating entity "pll_vga" for hierarchy "pll_vga:inst_pll_vga" File: D:/LAVORI/VGA_SUBSYSTEM_V3/src/top.vhd Line: 144
Info (12128): Elaborating entity "altpll" for hierarchy "pll_vga:inst_pll_vga|altpll:altpll_component" File: D:/LAVORI/VGA_SUBSYSTEM_V3/src/pll/pll_vga.vhd Line: 155
Info (12130): Elaborated megafunction instantiation "pll_vga:inst_pll_vga|altpll:altpll_component" File: D:/LAVORI/VGA_SUBSYSTEM_V3/src/pll/pll_vga.vhd Line: 155
Info (12133): Instantiated megafunction "pll_vga:inst_pll_vga|altpll:altpll_component" with the following parameter: File: D:/LAVORI/VGA_SUBSYSTEM_V3/src/pll/pll_vga.vhd Line: 155
    Info (12134): Parameter "bandwidth_type" = "AUTO"
    Info (12134): Parameter "clk0_divide_by" = "5"
    Info (12134): Parameter "clk0_duty_cycle" = "50"
    Info (12134): Parameter "clk0_multiply_by" = "14"
    Info (12134): Parameter "clk0_phase_shift" = "0"
    Info (12134): Parameter "clk1_divide_by" = "125"
    Info (12134): Parameter "clk1_duty_cycle" = "50"
    Info (12134): Parameter "clk1_multiply_by" = "63"
    Info (12134): Parameter "clk1_phase_shift" = "0"
    Info (12134): Parameter "clk2_divide_by" = "5"
    Info (12134): Parameter "clk2_duty_cycle" = "50"
    Info (12134): Parameter "clk2_multiply_by" = "14"
    Info (12134): Parameter "clk2_phase_shift" = "794"
    Info (12134): Parameter "compensate_clock" = "CLK0"
    Info (12134): Parameter "inclk0_input_frequency" = "20000"
    Info (12134): Parameter "intended_device_family" = "Cyclone IV E"
    Info (12134): Parameter "lpm_hint" = "CBX_MODULE_PREFIX=pll_vga"
    Info (12134): Parameter "lpm_type" = "altpll"
    Info (12134): Parameter "operation_mode" = "NORMAL"
    Info (12134): Parameter "pll_type" = "AUTO"
    Info (12134): Parameter "port_activeclock" = "PORT_UNUSED"
    Info (12134): Parameter "port_areset" = "PORT_UNUSED"
    Info (12134): Parameter "port_clkbad0" = "PORT_UNUSED"
    Info (12134): Parameter "port_clkbad1" = "PORT_UNUSED"
    Info (12134): Parameter "port_clkloss" = "PORT_UNUSED"
    Info (12134): Parameter "port_clkswitch" = "PORT_UNUSED"
    Info (12134): Parameter "port_configupdate" = "PORT_UNUSED"
    Info (12134): Parameter "port_fbin" = "PORT_UNUSED"
    Info (12134): Parameter "port_inclk0" = "PORT_USED"
    Info (12134): Parameter "port_inclk1" = "PORT_UNUSED"
    Info (12134): Parameter "port_locked" = "PORT_USED"
    Info (12134): Parameter "port_pfdena" = "PORT_UNUSED"
    Info (12134): Parameter "port_phasecounterselect" = "PORT_UNUSED"
    Info (12134): Parameter "port_phasedone" = "PORT_UNUSED"
    Info (12134): Parameter "port_phasestep" = "PORT_UNUSED"
    Info (12134): Parameter "port_phaseupdown" = "PORT_UNUSED"
    Info (12134): Parameter "port_pllena" = "PORT_UNUSED"
    Info (12134): Parameter "port_scanaclr" = "PORT_UNUSED"
    Info (12134): Parameter "port_scanclk" = "PORT_UNUSED"
    Info (12134): Parameter "port_scanclkena" = "PORT_UNUSED"
    Info (12134): Parameter "port_scandata" = "PORT_UNUSED"
    Info (12134): Parameter "port_scandataout" = "PORT_UNUSED"
    Info (12134): Parameter "port_scandone" = "PORT_UNUSED"
    Info (12134): Parameter "port_scanread" = "PORT_UNUSED"
    Info (12134): Parameter "port_scanwrite" = "PORT_UNUSED"
    Info (12134): Parameter "port_clk0" = "PORT_USED"
    Info (12134): Parameter "port_clk1" = "PORT_USED"
    Info (12134): Parameter "port_clk2" = "PORT_USED"
    Info (12134): Parameter "port_clk3" = "PORT_UNUSED"
    Info (12134): Parameter "port_clk4" = "PORT_UNUSED"
    Info (12134): Parameter "port_clk5" = "PORT_UNUSED"
    Info (12134): Parameter "port_clkena0" = "PORT_UNUSED"
    Info (12134): Parameter "port_clkena1" = "PORT_UNUSED"
    Info (12134): Parameter "port_clkena2" = "PORT_UNUSED"
    Info (12134): Parameter "port_clkena3" = "PORT_UNUSED"
    Info (12134): Parameter "port_clkena4" = "PORT_UNUSED"
    Info (12134): Parameter "port_clkena5" = "PORT_UNUSED"
    Info (12134): Parameter "port_extclk0" = "PORT_UNUSED"
    Info (12134): Parameter "port_extclk1" = "PORT_UNUSED"
    Info (12134): Parameter "port_extclk2" = "PORT_UNUSED"
    Info (12134): Parameter "port_extclk3" = "PORT_UNUSED"
    Info (12134): Parameter "self_reset_on_loss_lock" = "OFF"
    Info (12134): Parameter "width_clock" = "5"
Info (12021): Found 1 design units, including 1 entities, in source file db/pll_vga_altpll.v
    Info (12023): Found entity 1: pll_vga_altpll File: D:/LAVORI/VGA_SUBSYSTEM_V3/db/pll_vga_altpll.v Line: 30
Info (12128): Elaborating entity "pll_vga_altpll" for hierarchy "pll_vga:inst_pll_vga|altpll:altpll_component|pll_vga_altpll:auto_generated" File: c:/intelfpga/22.1std/quartus/libraries/megafunctions/altpll.tdf Line: 898
Info (12128): Elaborating entity "vga_subsystem_top" for hierarchy "vga_subsystem_top:inst_vga_subsystem" File: D:/LAVORI/VGA_SUBSYSTEM_V3/src/top.vhd Line: 169
Info (12128): Elaborating entity "vga_fifo" for hierarchy "vga_subsystem_top:inst_vga_subsystem|vga_fifo:pixel_fifo" File: D:/LAVORI/VGA_SUBSYSTEM_V3/src/VGA/vga_subsystem_top.vhd Line: 208
Info (12128): Elaborating entity "dcfifo" for hierarchy "vga_subsystem_top:inst_vga_subsystem|vga_fifo:pixel_fifo|dcfifo:dcfifo_component" File: D:/LAVORI/VGA_SUBSYSTEM_V3/src/VGA/vga_fifo.vhd Line: 105
Info (12130): Elaborated megafunction instantiation "vga_subsystem_top:inst_vga_subsystem|vga_fifo:pixel_fifo|dcfifo:dcfifo_component" File: D:/LAVORI/VGA_SUBSYSTEM_V3/src/VGA/vga_fifo.vhd Line: 105
Info (12133): Instantiated megafunction "vga_subsystem_top:inst_vga_subsystem|vga_fifo:pixel_fifo|dcfifo:dcfifo_component" with the following parameter: File: D:/LAVORI/VGA_SUBSYSTEM_V3/src/VGA/vga_fifo.vhd Line: 105
    Info (12134): Parameter "intended_device_family" = "Cyclone IV E"
    Info (12134): Parameter "lpm_numwords" = "256"
    Info (12134): Parameter "lpm_showahead" = "ON"
    Info (12134): Parameter "lpm_type" = "dcfifo"
    Info (12134): Parameter "lpm_width" = "40"
    Info (12134): Parameter "lpm_widthu" = "8"
    Info (12134): Parameter "overflow_checking" = "ON"
    Info (12134): Parameter "rdsync_delaypipe" = "5"
    Info (12134): Parameter "read_aclr_synch" = "ON"
    Info (12134): Parameter "underflow_checking" = "ON"
    Info (12134): Parameter "use_eab" = "ON"
    Info (12134): Parameter "write_aclr_synch" = "ON"
    Info (12134): Parameter "wrsync_delaypipe" = "5"
Info (12021): Found 1 design units, including 1 entities, in source file db/dcfifo_eok1.tdf
    Info (12023): Found entity 1: dcfifo_eok1 File: D:/LAVORI/VGA_SUBSYSTEM_V3/db/dcfifo_eok1.tdf Line: 47
Info (12128): Elaborating entity "dcfifo_eok1" for hierarchy "vga_subsystem_top:inst_vga_subsystem|vga_fifo:pixel_fifo|dcfifo:dcfifo_component|dcfifo_eok1:auto_generated" File: c:/intelfpga/22.1std/quartus/libraries/megafunctions/dcfifo.tdf Line: 191
Info (12021): Found 1 design units, including 1 entities, in source file db/a_gray2bin_ugb.tdf
    Info (12023): Found entity 1: a_gray2bin_ugb File: D:/LAVORI/VGA_SUBSYSTEM_V3/db/a_gray2bin_ugb.tdf Line: 23
Info (12128): Elaborating entity "a_gray2bin_ugb" for hierarchy "vga_subsystem_top:inst_vga_subsystem|vga_fifo:pixel_fifo|dcfifo:dcfifo_component|dcfifo_eok1:auto_generated|a_gray2bin_ugb:wrptr_g_gray2bin" File: D:/LAVORI/VGA_SUBSYSTEM_V3/db/dcfifo_eok1.tdf Line: 61
Info (12021): Found 1 design units, including 1 entities, in source file db/a_graycounter_t57.tdf
    Info (12023): Found entity 1: a_graycounter_t57 File: D:/LAVORI/VGA_SUBSYSTEM_V3/db/a_graycounter_t57.tdf Line: 25
Info (12128): Elaborating entity "a_graycounter_t57" for hierarchy "vga_subsystem_top:inst_vga_subsystem|vga_fifo:pixel_fifo|dcfifo:dcfifo_component|dcfifo_eok1:auto_generated|a_graycounter_t57:rdptr_g1p" File: D:/LAVORI/VGA_SUBSYSTEM_V3/db/dcfifo_eok1.tdf Line: 63
Info (12021): Found 1 design units, including 1 entities, in source file db/a_graycounter_pjc.tdf
    Info (12023): Found entity 1: a_graycounter_pjc File: D:/LAVORI/VGA_SUBSYSTEM_V3/db/a_graycounter_pjc.tdf Line: 25
Info (12128): Elaborating entity "a_graycounter_pjc" for hierarchy "vga_subsystem_top:inst_vga_subsystem|vga_fifo:pixel_fifo|dcfifo:dcfifo_component|dcfifo_eok1:auto_generated|a_graycounter_pjc:wrptr_g1p" File: D:/LAVORI/VGA_SUBSYSTEM_V3/db/dcfifo_eok1.tdf Line: 64
Info (12021): Found 1 design units, including 1 entities, in source file db/altsyncram_7o41.tdf
    Info (12023): Found entity 1: altsyncram_7o41 File: D:/LAVORI/VGA_SUBSYSTEM_V3/db/altsyncram_7o41.tdf Line: 28
Info (12128): Elaborating entity "altsyncram_7o41" for hierarchy "vga_subsystem_top:inst_vga_subsystem|vga_fifo:pixel_fifo|dcfifo:dcfifo_component|dcfifo_eok1:auto_generated|altsyncram_7o41:fifo_ram" File: D:/LAVORI/VGA_SUBSYSTEM_V3/db/dcfifo_eok1.tdf Line: 65
Info (12021): Found 1 design units, including 1 entities, in source file db/dffpipe_3dc.tdf
    Info (12023): Found entity 1: dffpipe_3dc File: D:/LAVORI/VGA_SUBSYSTEM_V3/db/dffpipe_3dc.tdf Line: 25
Info (12128): Elaborating entity "dffpipe_3dc" for hierarchy "vga_subsystem_top:inst_vga_subsystem|vga_fifo:pixel_fifo|dcfifo:dcfifo_component|dcfifo_eok1:auto_generated|dffpipe_3dc:rdaclr" File: D:/LAVORI/VGA_SUBSYSTEM_V3/db/dcfifo_eok1.tdf Line: 84
Info (12021): Found 1 design units, including 1 entities, in source file db/alt_synch_pipe_0ol.tdf
    Info (12023): Found entity 1: alt_synch_pipe_0ol File: D:/LAVORI/VGA_SUBSYSTEM_V3/db/alt_synch_pipe_0ol.tdf Line: 27
Info (12128): Elaborating entity "alt_synch_pipe_0ol" for hierarchy "vga_subsystem_top:inst_vga_subsystem|vga_fifo:pixel_fifo|dcfifo:dcfifo_component|dcfifo_eok1:auto_generated|alt_synch_pipe_0ol:rs_dgwp" File: D:/LAVORI/VGA_SUBSYSTEM_V3/db/dcfifo_eok1.tdf Line: 85
Info (12021): Found 1 design units, including 1 entities, in source file db/dffpipe_hd9.tdf
    Info (12023): Found entity 1: dffpipe_hd9 File: D:/LAVORI/VGA_SUBSYSTEM_V3/db/dffpipe_hd9.tdf Line: 25
Info (12128): Elaborating entity "dffpipe_hd9" for hierarchy "vga_subsystem_top:inst_vga_subsystem|vga_fifo:pixel_fifo|dcfifo:dcfifo_component|dcfifo_eok1:auto_generated|alt_synch_pipe_0ol:rs_dgwp|dffpipe_hd9:dffpipe14" File: D:/LAVORI/VGA_SUBSYSTEM_V3/db/alt_synch_pipe_0ol.tdf Line: 35
Info (12021): Found 1 design units, including 1 entities, in source file db/dffpipe_gd9.tdf
    Info (12023): Found entity 1: dffpipe_gd9 File: D:/LAVORI/VGA_SUBSYSTEM_V3/db/dffpipe_gd9.tdf Line: 25
Info (12128): Elaborating entity "dffpipe_gd9" for hierarchy "vga_subsystem_top:inst_vga_subsystem|vga_fifo:pixel_fifo|dcfifo:dcfifo_component|dcfifo_eok1:auto_generated|dffpipe_gd9:ws_brp" File: D:/LAVORI/VGA_SUBSYSTEM_V3/db/dcfifo_eok1.tdf Line: 87
Info (12021): Found 1 design units, including 1 entities, in source file db/alt_synch_pipe_1ol.tdf
    Info (12023): Found entity 1: alt_synch_pipe_1ol File: D:/LAVORI/VGA_SUBSYSTEM_V3/db/alt_synch_pipe_1ol.tdf Line: 27
Info (12128): Elaborating entity "alt_synch_pipe_1ol" for hierarchy "vga_subsystem_top:inst_vga_subsystem|vga_fifo:pixel_fifo|dcfifo:dcfifo_component|dcfifo_eok1:auto_generated|alt_synch_pipe_1ol:ws_dgrp" File: D:/LAVORI/VGA_SUBSYSTEM_V3/db/dcfifo_eok1.tdf Line: 89
Info (12021): Found 1 design units, including 1 entities, in source file db/dffpipe_id9.tdf
    Info (12023): Found entity 1: dffpipe_id9 File: D:/LAVORI/VGA_SUBSYSTEM_V3/db/dffpipe_id9.tdf Line: 25
Info (12128): Elaborating entity "dffpipe_id9" for hierarchy "vga_subsystem_top:inst_vga_subsystem|vga_fifo:pixel_fifo|dcfifo:dcfifo_component|dcfifo_eok1:auto_generated|alt_synch_pipe_1ol:ws_dgrp|dffpipe_id9:dffpipe18" File: D:/LAVORI/VGA_SUBSYSTEM_V3/db/alt_synch_pipe_1ol.tdf Line: 35
Info (12021): Found 1 design units, including 1 entities, in source file db/cmpr_b66.tdf
    Info (12023): Found entity 1: cmpr_b66 File: D:/LAVORI/VGA_SUBSYSTEM_V3/db/cmpr_b66.tdf Line: 23
Info (12128): Elaborating entity "cmpr_b66" for hierarchy "vga_subsystem_top:inst_vga_subsystem|vga_fifo:pixel_fifo|dcfifo:dcfifo_component|dcfifo_eok1:auto_generated|cmpr_b66:rdempty_eq_comp1_lsb" File: D:/LAVORI/VGA_SUBSYSTEM_V3/db/dcfifo_eok1.tdf Line: 93
Info (12021): Found 1 design units, including 1 entities, in source file db/cmpr_a66.tdf
    Info (12023): Found entity 1: cmpr_a66 File: D:/LAVORI/VGA_SUBSYSTEM_V3/db/cmpr_a66.tdf Line: 23
Info (12128): Elaborating entity "cmpr_a66" for hierarchy "vga_subsystem_top:inst_vga_subsystem|vga_fifo:pixel_fifo|dcfifo:dcfifo_component|dcfifo_eok1:auto_generated|cmpr_a66:rdempty_eq_comp1_msb" File: D:/LAVORI/VGA_SUBSYSTEM_V3/db/dcfifo_eok1.tdf Line: 94
Info (12021): Found 1 design units, including 1 entities, in source file db/mux_j28.tdf
    Info (12023): Found entity 1: mux_j28 File: D:/LAVORI/VGA_SUBSYSTEM_V3/db/mux_j28.tdf Line: 23
Info (12128): Elaborating entity "mux_j28" for hierarchy "vga_subsystem_top:inst_vga_subsystem|vga_fifo:pixel_fifo|dcfifo:dcfifo_component|dcfifo_eok1:auto_generated|mux_j28:rdemp_eq_comp_lsb_mux" File: D:/LAVORI/VGA_SUBSYSTEM_V3/db/dcfifo_eok1.tdf Line: 101
Info (12128): Elaborating entity "sdram" for hierarchy "vga_subsystem_top:inst_vga_subsystem|sdram:sdram_ctrl" File: D:/LAVORI/VGA_SUBSYSTEM_V3/src/VGA/vga_subsystem_top.vhd Line: 222
Info (12128): Elaborating entity "ram2" for hierarchy "vga_subsystem_top:inst_vga_subsystem|ram2:read_buffer" File: D:/LAVORI/VGA_SUBSYSTEM_V3/src/VGA/vga_subsystem_top.vhd Line: 252
Info (12128): Elaborating entity "altsyncram" for hierarchy "vga_subsystem_top:inst_vga_subsystem|ram2:read_buffer|altsyncram:altsyncram_component" File: D:/LAVORI/VGA_SUBSYSTEM_V3/src/VGA/ram2.vhd Line: 64
Info (12130): Elaborated megafunction instantiation "vga_subsystem_top:inst_vga_subsystem|ram2:read_buffer|altsyncram:altsyncram_component" File: D:/LAVORI/VGA_SUBSYSTEM_V3/src/VGA/ram2.vhd Line: 64
Info (12133): Instantiated megafunction "vga_subsystem_top:inst_vga_subsystem|ram2:read_buffer|altsyncram:altsyncram_component" with the following parameter: File: D:/LAVORI/VGA_SUBSYSTEM_V3/src/VGA/ram2.vhd Line: 64
    Info (12134): Parameter "address_aclr_a" = "UNUSED"
    Info (12134): Parameter "address_aclr_b" = "NONE"
    Info (12134): Parameter "address_reg_b" = "CLOCK1"
    Info (12134): Parameter "byte_size" = "8"
    Info (12134): Parameter "byteena_aclr_a" = "UNUSED"
    Info (12134): Parameter "byteena_aclr_b" = "NONE"
    Info (12134): Parameter "byteena_reg_b" = "CLOCK1"
    Info (12134): Parameter "clock_enable_core_a" = "USE_INPUT_CLKEN"
    Info (12134): Parameter "clock_enable_core_b" = "USE_INPUT_CLKEN"
    Info (12134): Parameter "clock_enable_input_a" = "BYPASS"
    Info (12134): Parameter "clock_enable_input_b" = "BYPASS"
    Info (12134): Parameter "clock_enable_output_a" = "NORMAL"
    Info (12134): Parameter "clock_enable_output_b" = "BYPASS"
    Info (12134): Parameter "intended_device_family" = "Cyclone IV E"
    Info (12134): Parameter "ecc_pipeline_stage_enabled" = "FALSE"
    Info (12134): Parameter "enable_ecc" = "FALSE"
    Info (12134): Parameter "implement_in_les" = "OFF"
    Info (12134): Parameter "indata_aclr_a" = "UNUSED"
    Info (12134): Parameter "indata_aclr_b" = "NONE"
    Info (12134): Parameter "indata_reg_b" = "CLOCK1"
    Info (12134): Parameter "init_file" = "UNUSED"
    Info (12134): Parameter "init_file_layout" = "PORT_A"
    Info (12134): Parameter "maximum_depth" = "0"
    Info (12134): Parameter "numwords_a" = "1024"
    Info (12134): Parameter "numwords_b" = "1024"
    Info (12134): Parameter "operation_mode" = "DUAL_PORT"
    Info (12134): Parameter "outdata_aclr_a" = "NONE"
    Info (12134): Parameter "outdata_aclr_b" = "NONE"
    Info (12134): Parameter "outdata_reg_a" = "UNREGISTERED"
    Info (12134): Parameter "outdata_reg_b" = "CLOCK1"
    Info (12134): Parameter "power_up_uninitialized" = "FALSE"
    Info (12134): Parameter "ram_block_type" = "AUTO"
    Info (12134): Parameter "rdcontrol_aclr_b" = "NONE"
    Info (12134): Parameter "rdcontrol_reg_b" = "CLOCK1"
    Info (12134): Parameter "read_during_write_mode_mixed_ports" = "DONT_CARE"
    Info (12134): Parameter "read_during_write_mode_port_a" = "NEW_DATA_NO_NBE_READ"
    Info (12134): Parameter "read_during_write_mode_port_b" = "NEW_DATA_NO_NBE_READ"
    Info (12134): Parameter "stratixiv_m144k_allow_dual_clocks" = "ON"
    Info (12134): Parameter "width_a" = "16"
    Info (12134): Parameter "width_b" = "16"
    Info (12134): Parameter "width_byteena_a" = "1"
    Info (12134): Parameter "width_byteena_b" = "1"
    Info (12134): Parameter "width_eccstatus" = "3"
    Info (12134): Parameter "widthad_a" = "10"
    Info (12134): Parameter "widthad_b" = "10"
    Info (12134): Parameter "wrcontrol_aclr_a" = "UNUSED"
    Info (12134): Parameter "wrcontrol_aclr_b" = "NONE"
    Info (12134): Parameter "wrcontrol_wraddress_reg_b" = "CLOCK1"
    Info (12134): Parameter "lpm_hint" = "UNUSED"
    Info (12134): Parameter "lpm_type" = "altsyncram"
Info (12021): Found 1 design units, including 1 entities, in source file db/altsyncram_mno3.tdf
    Info (12023): Found entity 1: altsyncram_mno3 File: D:/LAVORI/VGA_SUBSYSTEM_V3/db/altsyncram_mno3.tdf Line: 28
Info (12128): Elaborating entity "altsyncram_mno3" for hierarchy "vga_subsystem_top:inst_vga_subsystem|ram2:read_buffer|altsyncram:altsyncram_component|altsyncram_mno3:auto_generated" File: c:/intelfpga/22.1std/quartus/libraries/megafunctions/altsyncram.tdf Line: 792
Info (12128): Elaborating entity "vgaout" for hierarchy "vga_subsystem_top:inst_vga_subsystem|vgaout:vga_engine" File: D:/LAVORI/VGA_SUBSYSTEM_V3/src/VGA/vga_subsystem_top.vhd Line: 264
Info (12128): Elaborating entity "DCLK_BUF" for hierarchy "DCLK_BUF:u_dram_clk_gen" File: D:/LAVORI/VGA_SUBSYSTEM_V3/src/top.vhd Line: 220
Info (12128): Elaborating entity "altddio_out" for hierarchy "DCLK_BUF:u_dram_clk_gen|altddio_out:ALTDDIO_OUT_component" File: D:/LAVORI/VGA_SUBSYSTEM_V3/src/VGA/DCLK_BUF.vhd Line: 61
Info (12130): Elaborated megafunction instantiation "DCLK_BUF:u_dram_clk_gen|altddio_out:ALTDDIO_OUT_component" File: D:/LAVORI/VGA_SUBSYSTEM_V3/src/VGA/DCLK_BUF.vhd Line: 61
Info (12133): Instantiated megafunction "DCLK_BUF:u_dram_clk_gen|altddio_out:ALTDDIO_OUT_component" with the following parameter: File: D:/LAVORI/VGA_SUBSYSTEM_V3/src/VGA/DCLK_BUF.vhd Line: 61
    Info (12134): Parameter "intended_device_family" = "Cyclone IV E"
    Info (12134): Parameter "extend_oe_disable" = "OFF"
    Info (12134): Parameter "invert_output" = "OFF"
    Info (12134): Parameter "oe_reg" = "UNREGISTERED"
    Info (12134): Parameter "power_up_high" = "OFF"
    Info (12134): Parameter "width" = "1"
    Info (12134): Parameter "lpm_hint" = "UNUSED"
    Info (12134): Parameter "lpm_type" = "altddio_out"
Info (12021): Found 1 design units, including 1 entities, in source file db/ddio_out_p9j.tdf
    Info (12023): Found entity 1: ddio_out_p9j File: D:/LAVORI/VGA_SUBSYSTEM_V3/db/ddio_out_p9j.tdf Line: 28
Info (12128): Elaborating entity "ddio_out_p9j" for hierarchy "DCLK_BUF:u_dram_clk_gen|altddio_out:ALTDDIO_OUT_component|ddio_out_p9j:auto_generated" File: c:/intelfpga/22.1std/quartus/libraries/megafunctions/altddio_out.tdf Line: 101
Info (13000): Registers with preset signals will power-up high File: D:/LAVORI/VGA_SUBSYSTEM_V3/src/VGA/vga_subsystem_top.vhd Line: 21
Info (13003): DEV_CLRn pin will set, and not reset, register with preset signal due to NOT Gate Push-Back
Warning (13024): Output pins are stuck at VCC or GND
    Warning (13410): Pin "TDO_o" is stuck at GND File: D:/LAVORI/VGA_SUBSYSTEM_V3/src/top.vhd Line: 37
    Warning (13410): Pin "DAC_LDAC_N" is stuck at GND File: D:/LAVORI/VGA_SUBSYSTEM_V3/src/top.vhd Line: 53
    Warning (13410): Pin "SDRAM_CKE" is stuck at VCC File: D:/LAVORI/VGA_SUBSYSTEM_V3/src/top.vhd Line: 58
    Warning (13410): Pin "SDRAM_CS_N" is stuck at GND File: D:/LAVORI/VGA_SUBSYSTEM_V3/src/top.vhd Line: 59
    Warning (13410): Pin "SDRAM_DQML" is stuck at GND File: D:/LAVORI/VGA_SUBSYSTEM_V3/src/top.vhd Line: 64
    Warning (13410): Pin "SDRAM_DQMU" is stuck at GND File: D:/LAVORI/VGA_SUBSYSTEM_V3/src/top.vhd Line: 65
Info (286030): Timing-Driven Synthesis is running
Info (128000): Starting physical synthesis optimizations for speed
Info (332164): Evaluating HDL-embedded SDC commands
    Info (332165): Entity dcfifo_eok1
        Info (332166): set_false_path -from *rdptr_g* -to *ws_dgrp|dffpipe_id9:dffpipe18|dffe19a* 
        Info (332166): set_false_path -from *delayed_wrptr_g* -to *rs_dgwp|dffpipe_hd9:dffpipe14|dffe15a* 
Info (332104): Reading SDC File: 'VGA_Subsystem.sdc'
Info (332110): Deriving PLL clocks
    Info (332110): create_generated_clock -source {inst_pll_vga|altpll_component|auto_generated|pll1|inclk[0]} -divide_by 5 -multiply_by 14 -duty_cycle 50.00 -name {inst_pll_vga|altpll_component|auto_generated|pll1|clk[0]} {inst_pll_vga|altpll_component|auto_generated|pll1|clk[0]}
    Info (332110): create_generated_clock -source {inst_pll_vga|altpll_component|auto_generated|pll1|inclk[0]} -divide_by 125 -multiply_by 63 -duty_cycle 50.00 -name {inst_pll_vga|altpll_component|auto_generated|pll1|clk[1]} {inst_pll_vga|altpll_component|auto_generated|pll1|clk[1]}
    Info (332110): create_generated_clock -source {inst_pll_vga|altpll_component|auto_generated|pll1|inclk[0]} -divide_by 5 -multiply_by 14 -phase 40.00 -duty_cycle 50.00 -name {inst_pll_vga|altpll_component|auto_generated|pll1|clk[2]} {inst_pll_vga|altpll_component|auto_generated|pll1|clk[2]}
Info (332151): Clock uncertainty is not calculated until you update the timing netlist.
Warning (332174): Ignored filter at VGA_Subsystem.sdc(74): altera_reserved_tck could not be matched with a port File: D:/LAVORI/VGA_SUBSYSTEM_V3/VGA_Subsystem.sdc Line: 74
Warning (332049): Ignored set_false_path at VGA_Subsystem.sdc(74): Argument <from> is an empty collection File: D:/LAVORI/VGA_SUBSYSTEM_V3/VGA_Subsystem.sdc Line: 74
    Info (332050): set_false_path -from [get_ports {altera_reserved_tck}] File: D:/LAVORI/VGA_SUBSYSTEM_V3/VGA_Subsystem.sdc Line: 74
Warning (332049): Ignored set_false_path at VGA_Subsystem.sdc(75): Argument <to> is an empty collection File: D:/LAVORI/VGA_SUBSYSTEM_V3/VGA_Subsystem.sdc Line: 75
    Info (332050): set_false_path -to [get_ports {altera_reserved_tck}] File: D:/LAVORI/VGA_SUBSYSTEM_V3/VGA_Subsystem.sdc Line: 75
Warning (332174): Ignored filter at VGA_Subsystem.sdc(77): DRAM_ADDR[*] could not be matched with a port File: D:/LAVORI/VGA_SUBSYSTEM_V3/VGA_Subsystem.sdc Line: 77
Warning (332049): Ignored set_false_path at VGA_Subsystem.sdc(77): Argument <to> is an empty collection File: D:/LAVORI/VGA_SUBSYSTEM_V3/VGA_Subsystem.sdc Line: 77
    Info (332050): set_false_path -to [get_ports {DRAM_ADDR[*]}] File: D:/LAVORI/VGA_SUBSYSTEM_V3/VGA_Subsystem.sdc Line: 77
Warning (332174): Ignored filter at VGA_Subsystem.sdc(78): DRAM_BA[*] could not be matched with a port File: D:/LAVORI/VGA_SUBSYSTEM_V3/VGA_Subsystem.sdc Line: 78
Warning (332049): Ignored set_false_path at VGA_Subsystem.sdc(78): Argument <to> is an empty collection File: D:/LAVORI/VGA_SUBSYSTEM_V3/VGA_Subsystem.sdc Line: 78
    Info (332050): set_false_path -to [get_ports {DRAM_BA[*]}] File: D:/LAVORI/VGA_SUBSYSTEM_V3/VGA_Subsystem.sdc Line: 78
Warning (332174): Ignored filter at VGA_Subsystem.sdc(79): DRAM_CAS_N could not be matched with a port File: D:/LAVORI/VGA_SUBSYSTEM_V3/VGA_Subsystem.sdc Line: 79
Warning (332049): Ignored set_false_path at VGA_Subsystem.sdc(79): Argument <to> is an empty collection File: D:/LAVORI/VGA_SUBSYSTEM_V3/VGA_Subsystem.sdc Line: 79
    Info (332050): set_false_path -to [get_ports {DRAM_CAS_N}] File: D:/LAVORI/VGA_SUBSYSTEM_V3/VGA_Subsystem.sdc Line: 79
Warning (332174): Ignored filter at VGA_Subsystem.sdc(80): DRAM_RAS_N could not be matched with a port File: D:/LAVORI/VGA_SUBSYSTEM_V3/VGA_Subsystem.sdc Line: 80
Warning (332049): Ignored set_false_path at VGA_Subsystem.sdc(80): Argument <to> is an empty collection File: D:/LAVORI/VGA_SUBSYSTEM_V3/VGA_Subsystem.sdc Line: 80
    Info (332050): set_false_path -to [get_ports {DRAM_RAS_N}] File: D:/LAVORI/VGA_SUBSYSTEM_V3/VGA_Subsystem.sdc Line: 80
Warning (332174): Ignored filter at VGA_Subsystem.sdc(81): DRAM_WE_N could not be matched with a port File: D:/LAVORI/VGA_SUBSYSTEM_V3/VGA_Subsystem.sdc Line: 81
Warning (332049): Ignored set_false_path at VGA_Subsystem.sdc(81): Argument <to> is an empty collection File: D:/LAVORI/VGA_SUBSYSTEM_V3/VGA_Subsystem.sdc Line: 81
    Info (332050): set_false_path -to [get_ports {DRAM_WE_N}] File: D:/LAVORI/VGA_SUBSYSTEM_V3/VGA_Subsystem.sdc Line: 81
Warning (332174): Ignored filter at VGA_Subsystem.sdc(82): DRAM_CS_N could not be matched with a port File: D:/LAVORI/VGA_SUBSYSTEM_V3/VGA_Subsystem.sdc Line: 82
Warning (332049): Ignored set_false_path at VGA_Subsystem.sdc(82): Argument <to> is an empty collection File: D:/LAVORI/VGA_SUBSYSTEM_V3/VGA_Subsystem.sdc Line: 82
    Info (332050): set_false_path -to [get_ports {DRAM_CS_N}] File: D:/LAVORI/VGA_SUBSYSTEM_V3/VGA_Subsystem.sdc Line: 82
Warning (332174): Ignored filter at VGA_Subsystem.sdc(83): DRAM_CKE could not be matched with a port File: D:/LAVORI/VGA_SUBSYSTEM_V3/VGA_Subsystem.sdc Line: 83
Warning (332049): Ignored set_false_path at VGA_Subsystem.sdc(83): Argument <to> is an empty collection File: D:/LAVORI/VGA_SUBSYSTEM_V3/VGA_Subsystem.sdc Line: 83
    Info (332050): set_false_path -to [get_ports {DRAM_CKE}] File: D:/LAVORI/VGA_SUBSYSTEM_V3/VGA_Subsystem.sdc Line: 83
Info (332154): The derive_clock_uncertainty command did not apply clock uncertainty to any clock-to-clock transfers.
Info (332129): Detected timing requirements -- optimizing circuit to achieve only the specified requirements
Info (332111): Found 4 clocks
    Info (332111):   Period   Clock Name
    Info (332111): ======== ============
    Info (332111):   20.000     CLOCK_50
    Info (332111):    7.142 inst_pll_vga|altpll_component|auto_generated|pll1|clk[0]
    Info (332111):   39.682 inst_pll_vga|altpll_component|auto_generated|pll1|clk[1]
    Info (332111):    7.142 inst_pll_vga|altpll_component|auto_generated|pll1|clk[2]
Info (128002): Starting physical synthesis algorithm register retiming
Info (128003): Physical synthesis algorithm register retiming complete: estimated slack improvement of 667 ps
Info (128002): Starting physical synthesis algorithm combinational resynthesis using boolean division
Info (128003): Physical synthesis algorithm combinational resynthesis using boolean division complete: estimated slack improvement of 0 ps
Info (128001): Physical synthesis optimizations for speed complete: elapsed time is 00:00:02
Info (16010): Generating hard_block partition "hard_block:auto_generated_inst"
    Info (16011): Adding 1 node(s), including 0 DDIO, 1 PLL, 0 transceiver and 0 LCELL
Info (35003): Optimize away 16 nodes that do not fanout to OUTPUT or BIDIR pins
    Info (35004): Node: "vga_subsystem_top:inst_vga_subsystem|sdram:sdram_ctrl|SdrRoutineSeq[10]" File: D:/LAVORI/VGA_SUBSYSTEM_V3/src/VGA/sdram.vhd Line: 66
    Info (35004): Node: "vga_subsystem_top:inst_vga_subsystem|sdram:sdram_ctrl|SdrRoutineSeq[11]" File: D:/LAVORI/VGA_SUBSYSTEM_V3/src/VGA/sdram.vhd Line: 66
    Info (35004): Node: "vga_subsystem_top:inst_vga_subsystem|sdram:sdram_ctrl|SdrRoutineSeq[6]" File: D:/LAVORI/VGA_SUBSYSTEM_V3/src/VGA/sdram.vhd Line: 66
Warning (21074): Design contains 4 input pin(s) that do not drive logic
    Warning (15610): No output dependent on input pin "nTRST_i" File: D:/LAVORI/VGA_SUBSYSTEM_V3/src/top.vhd Line: 34
    Warning (15610): No output dependent on input pin "TCK_i" File: D:/LAVORI/VGA_SUBSYSTEM_V3/src/top.vhd Line: 35
    Warning (15610): No output dependent on input pin "TDI_i" File: D:/LAVORI/VGA_SUBSYSTEM_V3/src/top.vhd Line: 36
    Warning (15610): No output dependent on input pin "TMS_i" File: D:/LAVORI/VGA_SUBSYSTEM_V3/src/top.vhd Line: 38
Info (21057): Implemented 857 device resources after synthesis - the final resource count might be different
    Info (21058): Implemented 29 input pins
    Info (21059): Implemented 47 output pins
    Info (21060): Implemented 16 bidirectional pins
    Info (21061): Implemented 707 logic cells
    Info (21064): Implemented 56 RAM segments
    Info (21065): Implemented 1 PLLs
Info: Quartus Prime Analysis & Synthesis was successful. 0 errors, 30 warnings
    Info: Peak virtual memory: 4897 megabytes
    Info: Processing ended: Mon May 11 23:13:26 2026
    Info: Elapsed time: 00:00:26
    Info: Total CPU time (on all processors): 00:00:30


