Fitter report for VGA_Subsystem
Sat May  9 14:58:40 2026
Quartus Prime Version 22.1std.0 Build 915 10/25/2022 SC Standard Edition


---------------------
; Table of Contents ;
---------------------
  1. Legal Notice
  2. Fitter Summary
  3. Fitter Settings
  4. Parallel Compilation
  5. Fitter Netlist Optimizations
  6. Ignored Assignments
  7. Incremental Compilation Preservation Summary
  8. Incremental Compilation Partition Settings
  9. Incremental Compilation Placement Preservation
 10. Pin-Out File
 11. Fitter Resource Usage Summary
 12. Fitter Partition Statistics
 13. Input Pins
 14. Output Pins
 15. Bidir Pins
 16. Dual Purpose and Dedicated Pins
 17. I/O Bank Usage
 18. All Package Pins
 19. PLL Summary
 20. PLL Usage
 21. I/O Assignment Warnings
 22. Fitter Resource Utilization by Entity
 23. Delay Chain Summary
 24. Pad To Core Delay Chain Fanout
 25. Control Signals
 26. Global & Other Fast Signals
 27. Fitter RAM Summary
 28. Routing Usage Summary
 29. LAB Logic Elements
 30. LAB-wide Signals
 31. LAB Signals Sourced
 32. LAB Signals Sourced Out
 33. LAB Distinct Inputs
 34. I/O Rules Summary
 35. I/O Rules Details
 36. I/O Rules Matrix
 37. Fitter Device Options
 38. Operating Settings and Conditions
 39. Estimated Delay Added for Hold Timing Summary
 40. Estimated Delay Added for Hold Timing Details
 41. Fitter Messages
 42. Fitter Suppressed Messages



----------------
; Legal Notice ;
----------------
Copyright (C) 2022  Intel Corporation. All rights reserved.
Your use of Intel Corporation's design tools, logic functions 
and other software and tools, and any partner logic 
functions, and any output files from any of the foregoing 
(including device programming or simulation files), and any 
associated documentation or information are expressly subject 
to the terms and conditions of the Intel Program License 
Subscription Agreement, the Intel Quartus Prime License Agreement,
the Intel FPGA IP License Agreement, or other applicable license
agreement, including, without limitation, that your use is for
the sole purpose of programming logic devices manufactured by
Intel and sold by Intel or its authorized distributors.  Please
refer to the applicable agreement for further details, at
https://fpgasoftware.intel.com/eula.



+-----------------------------------------------------------------------------------------+
; Fitter Summary                                                                          ;
+------------------------------------+----------------------------------------------------+
; Fitter Status                      ; Successful - Sat May  9 14:58:40 2026              ;
; Quartus Prime Version              ; 22.1std.0 Build 915 10/25/2022 SC Standard Edition ;
; Revision Name                      ; VGA_Subsystem                                      ;
; Top-level Entity Name              ; top                                                ;
; Family                             ; Cyclone IV E                                       ;
; Device                             ; EP4CE22F17C6                                       ;
; Timing Models                      ; Final                                              ;
; Total logic elements               ; 531 / 22,320 ( 2 % )                               ;
;     Total combinational functions  ; 383 / 22,320 ( 2 % )                               ;
;     Dedicated logic registers      ; 377 / 22,320 ( 2 % )                               ;
; Total registers                    ; 411                                                ;
; Total pins                         ; 87 / 154 ( 56 % )                                  ;
; Total virtual pins                 ; 0                                                  ;
; Total memory bits                  ; 26,624 / 608,256 ( 4 % )                           ;
; Embedded Multiplier 9-bit elements ; 0 / 132 ( 0 % )                                    ;
; Total PLLs                         ; 1 / 4 ( 25 % )                                     ;
+------------------------------------+----------------------------------------------------+


+----------------------------------------------------------------------------------------------------------------------------------------------------+
; Fitter Settings                                                                                                                                    ;
+--------------------------------------------------------------------+---------------------------------------+---------------------------------------+
; Option                                                             ; Setting                               ; Default Value                         ;
+--------------------------------------------------------------------+---------------------------------------+---------------------------------------+
; Device                                                             ; EP4CE22F17C6                          ;                                       ;
; Maximum processors allowed for parallel compilation                ; 4                                     ;                                       ;
; Minimum Core Junction Temperature                                  ; 0                                     ;                                       ;
; Maximum Core Junction Temperature                                  ; 85                                    ;                                       ;
; Router Timing Optimization Level                                   ; MAXIMUM                               ; Normal                                ;
; Placement Effort Multiplier                                        ; 4.0                                   ; 1.0                                   ;
; Fit Attempts to Skip                                               ; 0                                     ; 0.0                                   ;
; Perform Physical Synthesis for Combinational Logic for Performance ; On                                    ; Off                                   ;
; Perform Register Retiming for Performance                          ; On                                    ; Off                                   ;
; Fitter Effort                                                      ; Standard Fit                          ; Auto Fit                              ;
; Use smart compilation                                              ; Off                                   ; Off                                   ;
; Enable parallel Assembler and Timing Analyzer during compilation   ; On                                    ; On                                    ;
; Enable compact report table                                        ; Off                                   ; Off                                   ;
; Auto Merge PLLs                                                    ; On                                    ; On                                    ;
; Perform Clocking Topology Analysis During Routing                  ; Off                                   ; Off                                   ;
; Router Effort Multiplier                                           ; 1.0                                   ; 1.0                                   ;
; Optimize Hold Timing                                               ; All Paths                             ; All Paths                             ;
; Optimize Multi-Corner Timing                                       ; On                                    ; On                                    ;
; Power Optimization During Fitting                                  ; Normal compilation                    ; Normal compilation                    ;
; SSN Optimization                                                   ; Off                                   ; Off                                   ;
; Optimize Timing                                                    ; Normal compilation                    ; Normal compilation                    ;
; Optimize Timing for ECOs                                           ; Off                                   ; Off                                   ;
; Regenerate Full Fit Report During ECO Compiles                     ; Off                                   ; Off                                   ;
; Optimize IOC Register Placement for Timing                         ; Normal                                ; Normal                                ;
; Limit to One Fitting Attempt                                       ; Off                                   ; Off                                   ;
; Final Placement Optimizations                                      ; Automatically                         ; Automatically                         ;
; Fitter Aggressive Routability Optimizations                        ; Automatically                         ; Automatically                         ;
; Fitter Initial Placement Seed                                      ; 1                                     ; 1                                     ;
; Periphery to Core Placement and Routing Optimization               ; Off                                   ; Off                                   ;
; PCI I/O                                                            ; Off                                   ; Off                                   ;
; Weak Pull-Up Resistor                                              ; Off                                   ; Off                                   ;
; Enable Bus-Hold Circuitry                                          ; Off                                   ; Off                                   ;
; Auto Packed Registers                                              ; Auto                                  ; Auto                                  ;
; Auto Delay Chains                                                  ; On                                    ; On                                    ;
; Auto Delay Chains for High Fanout Input Pins                       ; Off                                   ; Off                                   ;
; Allow Single-ended Buffer for Differential-XSTL Input              ; Off                                   ; Off                                   ;
; Treat Bidirectional Pin as Output Pin                              ; Off                                   ; Off                                   ;
; Perform Physical Synthesis for Combinational Logic for Fitting     ; Off                                   ; Off                                   ;
; Perform Register Duplication for Performance                       ; Off                                   ; Off                                   ;
; Perform Logic to Memory Mapping for Fitting                        ; Off                                   ; Off                                   ;
; Perform Asynchronous Signal Pipelining                             ; Off                                   ; Off                                   ;
; Physical Synthesis Effort Level                                    ; Normal                                ; Normal                                ;
; Logic Cell Insertion - Logic Duplication                           ; Auto                                  ; Auto                                  ;
; Auto Register Duplication                                          ; Auto                                  ; Auto                                  ;
; Auto Global Clock                                                  ; On                                    ; On                                    ;
; Auto Global Register Control Signals                               ; On                                    ; On                                    ;
; Reserve all unused pins                                            ; As input tri-stated with weak pull-up ; As input tri-stated with weak pull-up ;
; Synchronizer Identification                                        ; Auto                                  ; Auto                                  ;
; Enable Beneficial Skew Optimization                                ; On                                    ; On                                    ;
; Optimize Design for Metastability                                  ; On                                    ; On                                    ;
; Force Fitter to Avoid Periphery Placement Warnings                 ; Off                                   ; Off                                   ;
; Enable input tri-state on active configuration pins in user mode   ; Off                                   ; Off                                   ;
+--------------------------------------------------------------------+---------------------------------------+---------------------------------------+


+------------------------------------------+
; Parallel Compilation                     ;
+----------------------------+-------------+
; Processors                 ; Number      ;
+----------------------------+-------------+
; Number detected on machine ; 8           ;
; Maximum allowed            ; 4           ;
;                            ;             ;
; Average used               ; 1.03        ;
; Maximum used               ; 4           ;
;                            ;             ;
; Usage by Processor         ; % Time Used ;
;     Processor 1            ; 100.0%      ;
;     Processor 2            ;   1.1%      ;
;     Processor 3            ;   1.1%      ;
;     Processor 4            ;   1.1%      ;
+----------------------------+-------------+


+-----------------------------------------------------------------------------------------------------------------------------------------------------------------------------------------------------------------------------------------------------------------------------------------------------+
; Fitter Netlist Optimizations                                                                                                                                                                                                                                                                        ;
+--------------------------------------------------------------------+-----------------+------------------+---------------------------------+-----------+----------------+---------------------------------------------------------------------------------+------------------+-----------------------+
; Node                                                               ; Action          ; Operation        ; Reason                          ; Node Port ; Node Port Name ; Destination Node                                                                ; Destination Port ; Destination Port Name ;
+--------------------------------------------------------------------+-----------------+------------------+---------------------------------+-----------+----------------+---------------------------------------------------------------------------------+------------------+-----------------------+
; vga_subsystem_top:inst_vga_subsystem|sdram:sdram_ctrl|SdrAdr_s[0]  ; Duplicated      ; Register Packing ; Fast Output Register assignment ; Q         ;                ; vga_subsystem_top:inst_vga_subsystem|sdram:sdram_ctrl|SdrAdr_s[0]~_Duplicate_1  ; Q                ;                       ;
; vga_subsystem_top:inst_vga_subsystem|sdram:sdram_ctrl|SdrAdr_s[0]  ; Packed Register ; Register Packing ; Fast Output Register assignment ; Q         ;                ; SDRAM_ADDR[0]~output                                                            ; I                ;                       ;
; vga_subsystem_top:inst_vga_subsystem|sdram:sdram_ctrl|SdrAdr_s[1]  ; Duplicated      ; Register Packing ; Fast Output Register assignment ; Q         ;                ; vga_subsystem_top:inst_vga_subsystem|sdram:sdram_ctrl|SdrAdr_s[1]~_Duplicate_1  ; Q                ;                       ;
; vga_subsystem_top:inst_vga_subsystem|sdram:sdram_ctrl|SdrAdr_s[1]  ; Packed Register ; Register Packing ; Fast Output Register assignment ; Q         ;                ; SDRAM_ADDR[1]~output                                                            ; I                ;                       ;
; vga_subsystem_top:inst_vga_subsystem|sdram:sdram_ctrl|SdrAdr_s[2]  ; Duplicated      ; Register Packing ; Fast Output Register assignment ; Q         ;                ; vga_subsystem_top:inst_vga_subsystem|sdram:sdram_ctrl|SdrAdr_s[2]~_Duplicate_1  ; Q                ;                       ;
; vga_subsystem_top:inst_vga_subsystem|sdram:sdram_ctrl|SdrAdr_s[2]  ; Packed Register ; Register Packing ; Fast Output Register assignment ; Q         ;                ; SDRAM_ADDR[2]~output                                                            ; I                ;                       ;
; vga_subsystem_top:inst_vga_subsystem|sdram:sdram_ctrl|SdrAdr_s[3]  ; Duplicated      ; Register Packing ; Fast Output Register assignment ; Q         ;                ; vga_subsystem_top:inst_vga_subsystem|sdram:sdram_ctrl|SdrAdr_s[3]~_Duplicate_1  ; Q                ;                       ;
; vga_subsystem_top:inst_vga_subsystem|sdram:sdram_ctrl|SdrAdr_s[3]  ; Packed Register ; Register Packing ; Fast Output Register assignment ; Q         ;                ; SDRAM_ADDR[3]~output                                                            ; I                ;                       ;
; vga_subsystem_top:inst_vga_subsystem|sdram:sdram_ctrl|SdrAdr_s[4]  ; Duplicated      ; Register Packing ; Fast Output Register assignment ; Q         ;                ; vga_subsystem_top:inst_vga_subsystem|sdram:sdram_ctrl|SdrAdr_s[4]~_Duplicate_1  ; Q                ;                       ;
; vga_subsystem_top:inst_vga_subsystem|sdram:sdram_ctrl|SdrAdr_s[4]  ; Packed Register ; Register Packing ; Fast Output Register assignment ; Q         ;                ; SDRAM_ADDR[4]~output                                                            ; I                ;                       ;
; vga_subsystem_top:inst_vga_subsystem|sdram:sdram_ctrl|SdrAdr_s[5]  ; Duplicated      ; Register Packing ; Fast Output Register assignment ; Q         ;                ; vga_subsystem_top:inst_vga_subsystem|sdram:sdram_ctrl|SdrAdr_s[5]~_Duplicate_1  ; Q                ;                       ;
; vga_subsystem_top:inst_vga_subsystem|sdram:sdram_ctrl|SdrAdr_s[5]  ; Packed Register ; Register Packing ; Fast Output Register assignment ; Q         ;                ; SDRAM_ADDR[5]~output                                                            ; I                ;                       ;
; vga_subsystem_top:inst_vga_subsystem|sdram:sdram_ctrl|SdrAdr_s[6]  ; Duplicated      ; Register Packing ; Fast Output Register assignment ; Q         ;                ; vga_subsystem_top:inst_vga_subsystem|sdram:sdram_ctrl|SdrAdr_s[6]~_Duplicate_1  ; Q                ;                       ;
; vga_subsystem_top:inst_vga_subsystem|sdram:sdram_ctrl|SdrAdr_s[6]  ; Packed Register ; Register Packing ; Fast Output Register assignment ; Q         ;                ; SDRAM_ADDR[6]~output                                                            ; I                ;                       ;
; vga_subsystem_top:inst_vga_subsystem|sdram:sdram_ctrl|SdrAdr_s[7]  ; Duplicated      ; Register Packing ; Fast Output Register assignment ; Q         ;                ; vga_subsystem_top:inst_vga_subsystem|sdram:sdram_ctrl|SdrAdr_s[7]~_Duplicate_1  ; Q                ;                       ;
; vga_subsystem_top:inst_vga_subsystem|sdram:sdram_ctrl|SdrAdr_s[7]  ; Packed Register ; Register Packing ; Fast Output Register assignment ; Q         ;                ; SDRAM_ADDR[7]~output                                                            ; I                ;                       ;
; vga_subsystem_top:inst_vga_subsystem|sdram:sdram_ctrl|SdrAdr_s[8]  ; Duplicated      ; Register Packing ; Fast Output Register assignment ; Q         ;                ; vga_subsystem_top:inst_vga_subsystem|sdram:sdram_ctrl|SdrAdr_s[8]~_Duplicate_1  ; Q                ;                       ;
; vga_subsystem_top:inst_vga_subsystem|sdram:sdram_ctrl|SdrAdr_s[8]  ; Packed Register ; Register Packing ; Fast Output Register assignment ; Q         ;                ; SDRAM_ADDR[8]~output                                                            ; I                ;                       ;
; vga_subsystem_top:inst_vga_subsystem|sdram:sdram_ctrl|SdrAdr_s[9]  ; Duplicated      ; Register Packing ; Fast Output Register assignment ; Q         ;                ; vga_subsystem_top:inst_vga_subsystem|sdram:sdram_ctrl|SdrAdr_s[9]~_Duplicate_1  ; Q                ;                       ;
; vga_subsystem_top:inst_vga_subsystem|sdram:sdram_ctrl|SdrAdr_s[9]  ; Packed Register ; Register Packing ; Fast Output Register assignment ; Q         ;                ; SDRAM_ADDR[9]~output                                                            ; I                ;                       ;
; vga_subsystem_top:inst_vga_subsystem|sdram:sdram_ctrl|SdrAdr_s[10] ; Duplicated      ; Register Packing ; Fast Output Register assignment ; Q         ;                ; vga_subsystem_top:inst_vga_subsystem|sdram:sdram_ctrl|SdrAdr_s[10]~_Duplicate_1 ; Q                ;                       ;
; vga_subsystem_top:inst_vga_subsystem|sdram:sdram_ctrl|SdrAdr_s[10] ; Packed Register ; Register Packing ; Fast Output Register assignment ; Q         ;                ; SDRAM_ADDR[10]~output                                                           ; I                ;                       ;
; vga_subsystem_top:inst_vga_subsystem|sdram:sdram_ctrl|SdrAdr_s[11] ; Duplicated      ; Register Packing ; Fast Output Register assignment ; Q         ;                ; vga_subsystem_top:inst_vga_subsystem|sdram:sdram_ctrl|SdrAdr_s[11]~_Duplicate_1 ; Q                ;                       ;
; vga_subsystem_top:inst_vga_subsystem|sdram:sdram_ctrl|SdrAdr_s[11] ; Packed Register ; Register Packing ; Fast Output Register assignment ; Q         ;                ; SDRAM_ADDR[11]~output                                                           ; I                ;                       ;
; vga_subsystem_top:inst_vga_subsystem|sdram:sdram_ctrl|SdrAdr_s[12] ; Duplicated      ; Register Packing ; Fast Output Register assignment ; Q         ;                ; vga_subsystem_top:inst_vga_subsystem|sdram:sdram_ctrl|SdrAdr_s[12]~_Duplicate_1 ; Q                ;                       ;
; vga_subsystem_top:inst_vga_subsystem|sdram:sdram_ctrl|SdrAdr_s[12] ; Packed Register ; Register Packing ; Fast Output Register assignment ; Q         ;                ; SDRAM_ADDR[12]~output                                                           ; I                ;                       ;
; vga_subsystem_top:inst_vga_subsystem|sdram:sdram_ctrl|SdrCmd[0]    ; Packed Register ; Register Packing ; Fast Output Register assignment ; Q         ;                ; SDRAM_WE_N~output                                                               ; I                ;                       ;
; vga_subsystem_top:inst_vga_subsystem|sdram:sdram_ctrl|SdrCmd[1]    ; Packed Register ; Register Packing ; Fast Output Register assignment ; Q         ;                ; SDRAM_CAS_N~output                                                              ; I                ;                       ;
; vga_subsystem_top:inst_vga_subsystem|sdram:sdram_ctrl|SdrCmd[2]    ; Packed Register ; Register Packing ; Fast Output Register assignment ; Q         ;                ; SDRAM_RAS_N~output                                                              ; I                ;                       ;
; vga_subsystem_top:inst_vga_subsystem|sdram:sdram_ctrl|pixelOut[0]  ; Packed Register ; Register Packing ; Fast Input Register assignment  ; Q         ;                ; SDRAM_DQ[0]~input                                                               ; O                ;                       ;
; vga_subsystem_top:inst_vga_subsystem|sdram:sdram_ctrl|pixelOut[1]  ; Packed Register ; Register Packing ; Fast Input Register assignment  ; Q         ;                ; SDRAM_DQ[1]~input                                                               ; O                ;                       ;
; vga_subsystem_top:inst_vga_subsystem|sdram:sdram_ctrl|pixelOut[2]  ; Packed Register ; Register Packing ; Fast Input Register assignment  ; Q         ;                ; SDRAM_DQ[2]~input                                                               ; O                ;                       ;
; vga_subsystem_top:inst_vga_subsystem|sdram:sdram_ctrl|pixelOut[3]  ; Packed Register ; Register Packing ; Fast Input Register assignment  ; Q         ;                ; SDRAM_DQ[3]~input                                                               ; O                ;                       ;
; vga_subsystem_top:inst_vga_subsystem|sdram:sdram_ctrl|pixelOut[4]  ; Packed Register ; Register Packing ; Fast Input Register assignment  ; Q         ;                ; SDRAM_DQ[4]~input                                                               ; O                ;                       ;
; vga_subsystem_top:inst_vga_subsystem|sdram:sdram_ctrl|pixelOut[5]  ; Packed Register ; Register Packing ; Fast Input Register assignment  ; Q         ;                ; SDRAM_DQ[5]~input                                                               ; O                ;                       ;
; vga_subsystem_top:inst_vga_subsystem|sdram:sdram_ctrl|pixelOut[6]  ; Packed Register ; Register Packing ; Fast Input Register assignment  ; Q         ;                ; SDRAM_DQ[6]~input                                                               ; O                ;                       ;
; vga_subsystem_top:inst_vga_subsystem|sdram:sdram_ctrl|pixelOut[7]  ; Packed Register ; Register Packing ; Fast Input Register assignment  ; Q         ;                ; SDRAM_DQ[7]~input                                                               ; O                ;                       ;
; vga_subsystem_top:inst_vga_subsystem|sdram:sdram_ctrl|pixelOut[8]  ; Packed Register ; Register Packing ; Fast Input Register assignment  ; Q         ;                ; SDRAM_DQ[8]~input                                                               ; O                ;                       ;
; vga_subsystem_top:inst_vga_subsystem|sdram:sdram_ctrl|pixelOut[9]  ; Packed Register ; Register Packing ; Fast Input Register assignment  ; Q         ;                ; SDRAM_DQ[9]~input                                                               ; O                ;                       ;
; vga_subsystem_top:inst_vga_subsystem|sdram:sdram_ctrl|pixelOut[10] ; Packed Register ; Register Packing ; Fast Input Register assignment  ; Q         ;                ; SDRAM_DQ[10]~input                                                              ; O                ;                       ;
; vga_subsystem_top:inst_vga_subsystem|sdram:sdram_ctrl|pixelOut[11] ; Packed Register ; Register Packing ; Fast Input Register assignment  ; Q         ;                ; SDRAM_DQ[11]~input                                                              ; O                ;                       ;
; vga_subsystem_top:inst_vga_subsystem|sdram:sdram_ctrl|pixelOut[12] ; Packed Register ; Register Packing ; Fast Input Register assignment  ; Q         ;                ; SDRAM_DQ[12]~input                                                              ; O                ;                       ;
; vga_subsystem_top:inst_vga_subsystem|sdram:sdram_ctrl|pixelOut[13] ; Packed Register ; Register Packing ; Fast Input Register assignment  ; Q         ;                ; SDRAM_DQ[13]~input                                                              ; O                ;                       ;
; vga_subsystem_top:inst_vga_subsystem|sdram:sdram_ctrl|pixelOut[14] ; Packed Register ; Register Packing ; Fast Input Register assignment  ; Q         ;                ; SDRAM_DQ[14]~input                                                              ; O                ;                       ;
; vga_subsystem_top:inst_vga_subsystem|sdram:sdram_ctrl|pixelOut[15] ; Packed Register ; Register Packing ; Fast Input Register assignment  ; Q         ;                ; SDRAM_DQ[15]~input                                                              ; O                ;                       ;
+--------------------------------------------------------------------+-----------------+------------------+---------------------------------+-----------+----------------+---------------------------------------------------------------------------------+------------------+-----------------------+


+----------------------------------------------------------------------------------------------------+
; Ignored Assignments                                                                                ;
+----------------------+----------------+--------------+------------+---------------+----------------+
; Name                 ; Ignored Entity ; Ignored From ; Ignored To ; Ignored Value ; Ignored Source ;
+----------------------+----------------+--------------+------------+---------------+----------------+
; Location             ;                ;              ; LED[0]     ; PIN_A15       ; QSF Assignment ;
; Location             ;                ;              ; LED[1]     ; PIN_A13       ; QSF Assignment ;
; Location             ;                ;              ; LED[2]     ; PIN_B13       ; QSF Assignment ;
; Location             ;                ;              ; LED[3]     ; PIN_A11       ; QSF Assignment ;
; Location             ;                ;              ; LED[4]     ; PIN_D1        ; QSF Assignment ;
; Location             ;                ;              ; LED[5]     ; PIN_F3        ; QSF Assignment ;
; Location             ;                ;              ; LED[6]     ; PIN_B1        ; QSF Assignment ;
; Location             ;                ;              ; LED[7]     ; PIN_L3        ; QSF Assignment ;
; Fast Output Register ; top            ;              ; SDRAM_BA   ; ON            ; QSF Assignment ;
; Fast Output Register ; top            ;              ; SDRAM_CKE  ; ON            ; QSF Assignment ;
; Fast Output Register ; top            ;              ; SDRAM_CLK  ; ON            ; QSF Assignment ;
; Fast Output Register ; top            ;              ; SDRAM_CS_N ; ON            ; QSF Assignment ;
; Fast Output Register ; top            ;              ; SDRAM_DQM  ; ON            ; QSF Assignment ;
; Current Strength     ; top            ;              ; LED[0]     ; 4MA           ; QSF Assignment ;
; Current Strength     ; top            ;              ; LED[1]     ; 4MA           ; QSF Assignment ;
; Current Strength     ; top            ;              ; LED[2]     ; 4MA           ; QSF Assignment ;
; Current Strength     ; top            ;              ; LED[3]     ; 4MA           ; QSF Assignment ;
; Current Strength     ; top            ;              ; LED[4]     ; 4MA           ; QSF Assignment ;
; Current Strength     ; top            ;              ; LED[5]     ; 4MA           ; QSF Assignment ;
; Current Strength     ; top            ;              ; LED[6]     ; 4MA           ; QSF Assignment ;
; Current Strength     ; top            ;              ; LED[7]     ; 4MA           ; QSF Assignment ;
; I/O Standard         ; top            ;              ; LED[0]     ; 3.3-V LVTTL   ; QSF Assignment ;
; I/O Standard         ; top            ;              ; LED[1]     ; 3.3-V LVTTL   ; QSF Assignment ;
; I/O Standard         ; top            ;              ; LED[2]     ; 3.3-V LVTTL   ; QSF Assignment ;
; I/O Standard         ; top            ;              ; LED[3]     ; 3.3-V LVTTL   ; QSF Assignment ;
; I/O Standard         ; top            ;              ; LED[4]     ; 3.3-V LVTTL   ; QSF Assignment ;
; I/O Standard         ; top            ;              ; LED[5]     ; 3.3-V LVTTL   ; QSF Assignment ;
; I/O Standard         ; top            ;              ; LED[6]     ; 3.3-V LVTTL   ; QSF Assignment ;
; I/O Standard         ; top            ;              ; LED[7]     ; 3.3-V LVTTL   ; QSF Assignment ;
+----------------------+----------------+--------------+------------+---------------+----------------+


+---------------------------------------------------------------------------------------------------+
; Incremental Compilation Preservation Summary                                                      ;
+---------------------+---------------------+----------------------------+--------------------------+
; Type                ; Total [A + B]       ; From Design Partitions [A] ; From Rapid Recompile [B] ;
+---------------------+---------------------+----------------------------+--------------------------+
; Placement (by node) ;                     ;                            ;                          ;
;     -- Requested    ; 0.00 % ( 0 / 1038 ) ; 0.00 % ( 0 / 1038 )        ; 0.00 % ( 0 / 1038 )      ;
;     -- Achieved     ; 0.00 % ( 0 / 1038 ) ; 0.00 % ( 0 / 1038 )        ; 0.00 % ( 0 / 1038 )      ;
;                     ;                     ;                            ;                          ;
; Routing (by net)    ;                     ;                            ;                          ;
;     -- Requested    ; 0.00 % ( 0 / 0 )    ; 0.00 % ( 0 / 0 )           ; 0.00 % ( 0 / 0 )         ;
;     -- Achieved     ; 0.00 % ( 0 / 0 )    ; 0.00 % ( 0 / 0 )           ; 0.00 % ( 0 / 0 )         ;
+---------------------+---------------------+----------------------------+--------------------------+


+----------------------------------------------------------------------------------------------------------------------------------------------------------------------------------------+
; Incremental Compilation Partition Settings                                                                                                                                             ;
+--------------------------------+----------------+-------------------+-------------------------+------------------------+------------------------------+--------------------------------+
; Partition Name                 ; Partition Type ; Netlist Type Used ; Preservation Level Used ; Netlist Type Requested ; Preservation Level Requested ; Contents                       ;
+--------------------------------+----------------+-------------------+-------------------------+------------------------+------------------------------+--------------------------------+
; Top                            ; User-created   ; Source File       ; N/A                     ; Source File            ; N/A                          ;                                ;
; hard_block:auto_generated_inst ; Auto-generated ; Source File       ; N/A                     ; Source File            ; N/A                          ; hard_block:auto_generated_inst ;
+--------------------------------+----------------+-------------------+-------------------------+------------------------+------------------------------+--------------------------------+


+------------------------------------------------------------------------------------------------------------------------------------+
; Incremental Compilation Placement Preservation                                                                                     ;
+--------------------------------+-----------------------+-------------------------+-------------------+---------------------+-------+
; Partition Name                 ; Preservation Achieved ; Preservation Level Used ; Netlist Type Used ; Preservation Method ; Notes ;
+--------------------------------+-----------------------+-------------------------+-------------------+---------------------+-------+
; Top                            ; 0.00 % ( 0 / 1026 )   ; N/A                     ; Source File       ; N/A                 ;       ;
; hard_block:auto_generated_inst ; 0.00 % ( 0 / 12 )     ; N/A                     ; Source File       ; N/A                 ;       ;
+--------------------------------+-----------------------+-------------------------+-------------------+---------------------+-------+


+--------------+
; Pin-Out File ;
+--------------+
The pin-out file can be found in D:/LAVORI/VGA_SUBSYSTEM_V3/output_files/VGA_Subsystem.pin.


+------------------------------------------------------------------------+
; Fitter Resource Usage Summary                                          ;
+---------------------------------------------+--------------------------+
; Resource                                    ; Usage                    ;
+---------------------------------------------+--------------------------+
; Total logic elements                        ; 531 / 22,320 ( 2 % )     ;
;     -- Combinational with no register       ; 154                      ;
;     -- Register only                        ; 148                      ;
;     -- Combinational with a register        ; 229                      ;
;                                             ;                          ;
; Logic element usage by number of LUT inputs ;                          ;
;     -- 4 input functions                    ; 214                      ;
;     -- 3 input functions                    ; 62                       ;
;     -- <=2 input functions                  ; 107                      ;
;     -- Register only                        ; 148                      ;
;                                             ;                          ;
; Logic elements by mode                      ;                          ;
;     -- normal mode                          ; 334                      ;
;     -- arithmetic mode                      ; 49                       ;
;                                             ;                          ;
; Total registers*                            ; 411 / 23,018 ( 2 % )     ;
;     -- Dedicated logic registers            ; 377 / 22,320 ( 2 % )     ;
;     -- I/O registers                        ; 34 / 698 ( 5 % )         ;
;                                             ;                          ;
; Total LABs:  partially or completely used   ; 41 / 1,395 ( 3 % )       ;
; Virtual pins                                ; 0                        ;
; I/O pins                                    ; 87 / 154 ( 56 % )        ;
;     -- Clock pins                           ; 2 / 7 ( 29 % )           ;
;     -- Dedicated input pins                 ; 0 / 9 ( 0 % )            ;
;                                             ;                          ;
; M9Ks                                        ; 4 / 66 ( 6 % )           ;
; Total block memory bits                     ; 26,624 / 608,256 ( 4 % ) ;
; Total block memory implementation bits      ; 36,864 / 608,256 ( 6 % ) ;
; Embedded Multiplier 9-bit elements          ; 0 / 132 ( 0 % )          ;
; PLLs                                        ; 1 / 4 ( 25 % )           ;
; Global signals                              ; 4                        ;
;     -- Global clocks                        ; 4 / 20 ( 20 % )          ;
; JTAGs                                       ; 0 / 1 ( 0 % )            ;
; CRC blocks                                  ; 0 / 1 ( 0 % )            ;
; ASMI blocks                                 ; 0 / 1 ( 0 % )            ;
; Oscillator blocks                           ; 0 / 1 ( 0 % )            ;
; Impedance control blocks                    ; 0 / 4 ( 0 % )            ;
; Average interconnect usage (total/H/V)      ; 1.3% / 1.3% / 1.2%       ;
; Peak interconnect usage (total/H/V)         ; 4.6% / 5.1% / 4.2%       ;
; Maximum fan-out                             ; 206                      ;
; Highest non-global fan-out                  ; 58                       ;
; Total fan-out                               ; 2899                     ;
; Average fan-out                             ; 2.63                     ;
+---------------------------------------------+--------------------------+
*  Register count does not include registers inside RAM blocks or DSP blocks.



+----------------------------------------------------------------------------------------------------+
; Fitter Partition Statistics                                                                        ;
+---------------------------------------------+---------------------+--------------------------------+
; Statistic                                   ; Top                 ; hard_block:auto_generated_inst ;
+---------------------------------------------+---------------------+--------------------------------+
; Difficulty Clustering Region                ; Low                 ; Low                            ;
;                                             ;                     ;                                ;
; Total logic elements                        ; 531 / 22320 ( 2 % ) ; 0 / 22320 ( 0 % )              ;
;     -- Combinational with no register       ; 154                 ; 0                              ;
;     -- Register only                        ; 148                 ; 0                              ;
;     -- Combinational with a register        ; 229                 ; 0                              ;
;                                             ;                     ;                                ;
; Logic element usage by number of LUT inputs ;                     ;                                ;
;     -- 4 input functions                    ; 214                 ; 0                              ;
;     -- 3 input functions                    ; 62                  ; 0                              ;
;     -- <=2 input functions                  ; 107                 ; 0                              ;
;     -- Register only                        ; 148                 ; 0                              ;
;                                             ;                     ;                                ;
; Logic elements by mode                      ;                     ;                                ;
;     -- normal mode                          ; 334                 ; 0                              ;
;     -- arithmetic mode                      ; 49                  ; 0                              ;
;                                             ;                     ;                                ;
; Total registers                             ; 411                 ; 0                              ;
;     -- Dedicated logic registers            ; 377 / 22320 ( 2 % ) ; 0 / 22320 ( 0 % )              ;
;     -- I/O registers                        ; 68                  ; 0                              ;
;                                             ;                     ;                                ;
; Total LABs:  partially or completely used   ; 41 / 1395 ( 3 % )   ; 0 / 1395 ( 0 % )               ;
;                                             ;                     ;                                ;
; Virtual pins                                ; 0                   ; 0                              ;
; I/O pins                                    ; 87                  ; 0                              ;
; Embedded Multiplier 9-bit elements          ; 0 / 132 ( 0 % )     ; 0 / 132 ( 0 % )                ;
; Total memory bits                           ; 26624               ; 0                              ;
; Total RAM block bits                        ; 36864               ; 0                              ;
; PLL                                         ; 0 / 4 ( 0 % )       ; 1 / 4 ( 25 % )                 ;
; M9K                                         ; 4 / 66 ( 6 % )      ; 0 / 66 ( 0 % )                 ;
; Clock control block                         ; 1 / 24 ( 4 % )      ; 3 / 24 ( 12 % )                ;
; Double Data Rate I/O output circuitry       ; 17 / 220 ( 7 % )    ; 0 / 220 ( 0 % )                ;
;                                             ;                     ;                                ;
; Connections                                 ;                     ;                                ;
;     -- Input Connections                    ; 437                 ; 1                              ;
;     -- Registered Input Connections         ; 413                 ; 0                              ;
;     -- Output Connections                   ; 17                  ; 421                            ;
;     -- Registered Output Connections        ; 0                   ; 0                              ;
;                                             ;                     ;                                ;
; Internal Connections                        ;                     ;                                ;
;     -- Total Connections                    ; 2897                ; 430                            ;
;     -- Registered Connections               ; 1612                ; 0                              ;
;                                             ;                     ;                                ;
; External Connections                        ;                     ;                                ;
;     -- Top                                  ; 32                  ; 422                            ;
;     -- hard_block:auto_generated_inst       ; 422                 ; 0                              ;
;                                             ;                     ;                                ;
; Partition Interface                         ;                     ;                                ;
;     -- Input Ports                          ; 28                  ; 1                              ;
;     -- Output Ports                         ; 43                  ; 4                              ;
;     -- Bidir Ports                          ; 16                  ; 0                              ;
;                                             ;                     ;                                ;
; Registered Ports                            ;                     ;                                ;
;     -- Registered Input Ports               ; 0                   ; 0                              ;
;     -- Registered Output Ports              ; 0                   ; 0                              ;
;                                             ;                     ;                                ;
; Port Connectivity                           ;                     ;                                ;
;     -- Input Ports driven by GND            ; 0                   ; 0                              ;
;     -- Output Ports driven by GND           ; 0                   ; 0                              ;
;     -- Input Ports driven by VCC            ; 0                   ; 0                              ;
;     -- Output Ports driven by VCC           ; 0                   ; 0                              ;
;     -- Input Ports with no Source           ; 0                   ; 0                              ;
;     -- Output Ports with no Source          ; 0                   ; 0                              ;
;     -- Input Ports with no Fanout           ; 0                   ; 0                              ;
;     -- Output Ports with no Fanout          ; 0                   ; 0                              ;
+---------------------------------------------+---------------------+--------------------------------+


+-----------------------------------------------------------------------------------------------------------------------------------------------------------------------------------------------------------------------------------------------------------------------------------------------+
; Input Pins                                                                                                                                                                                                                                                                                    ;
+--------------+-------+----------+--------------+--------------+--------------+-----------------------+--------------------+--------+----------------+---------------+-----------------+----------+--------------+--------------+---------------------------+----------------------+-----------+
; Name         ; Pin # ; I/O Bank ; X coordinate ; Y coordinate ; Z coordinate ; Combinational Fan-Out ; Registered Fan-Out ; Global ; Input Register ; Power Up High ; PCI I/O Enabled ; Bus Hold ; Weak Pull Up ; I/O Standard ; Termination Control Block ; Location assigned by ; Slew Rate ;
+--------------+-------+----------+--------------+--------------+--------------+-----------------------+--------------------+--------+----------------+---------------+-----------------+----------+--------------+--------------+---------------------------+----------------------+-----------+
; CLOCK_50     ; R8    ; 3        ; 27           ; 0            ; 21           ; 1                     ; 0                  ; no     ; no             ; no            ; yes             ; no       ; Off          ; 3.3-V LVTTL  ; --                        ; User                 ; no        ;
; KEY[0]       ; J15   ; 5        ; 53           ; 14           ; 0            ; 1                     ; 0                  ; no     ; no             ; no            ; yes             ; no       ; Off          ; 3.3-V LVTTL  ; --                        ; User                 ; no        ;
; KEY[1]       ; E1    ; 1        ; 0            ; 16           ; 7            ; 1                     ; 0                  ; no     ; no             ; no            ; yes             ; no       ; Off          ; 3.3-V LVTTL  ; --                        ; User                 ; no        ;
; TCK_i        ; A12   ; 7        ; 43           ; 34           ; 14           ; 0                     ; 0                  ; no     ; no             ; no            ; yes             ; no       ; Off          ; 2.5 V        ; --                        ; Fitter               ; no        ;
; TDI_i        ; T14   ; 4        ; 45           ; 0            ; 21           ; 0                     ; 0                  ; no     ; no             ; no            ; yes             ; no       ; Off          ; 2.5 V        ; --                        ; Fitter               ; no        ;
; TMS_i        ; N12   ; 4        ; 47           ; 0            ; 21           ; 0                     ; 0                  ; no     ; no             ; no            ; yes             ; no       ; Off          ; 2.5 V        ; --                        ; Fitter               ; no        ;
; addr_bus[0]  ; C9    ; 7        ; 31           ; 34           ; 0            ; 2                     ; 0                  ; no     ; no             ; no            ; yes             ; no       ; Off          ; 3.3-V LVTTL  ; --                        ; User                 ; no        ;
; addr_bus[1]  ; E11   ; 7        ; 45           ; 34           ; 7            ; 6                     ; 0                  ; no     ; no             ; no            ; yes             ; no       ; Off          ; 3.3-V LVTTL  ; --                        ; User                 ; no        ;
; addr_bus[2]  ; C11   ; 7        ; 38           ; 34           ; 0            ; 6                     ; 0                  ; no     ; no             ; no            ; yes             ; no       ; Off          ; 3.3-V LVTTL  ; --                        ; User                 ; no        ;
; cmd_stb      ; B12   ; 7        ; 43           ; 34           ; 21           ; 1                     ; 0                  ; no     ; no             ; no            ; yes             ; no       ; Off          ; 3.3-V LVTTL  ; --                        ; User                 ; no        ;
; data_bus[0]  ; D3    ; 8        ; 1            ; 34           ; 7            ; 6                     ; 0                  ; no     ; no             ; no            ; yes             ; no       ; Off          ; 3.3-V LVTTL  ; --                        ; User                 ; no        ;
; data_bus[10] ; D8    ; 8        ; 23           ; 34           ; 21           ; 1                     ; 0                  ; no     ; no             ; no            ; yes             ; no       ; Off          ; 3.3-V LVTTL  ; --                        ; User                 ; no        ;
; data_bus[11] ; F8    ; 8        ; 20           ; 34           ; 14           ; 1                     ; 0                  ; no     ; no             ; no            ; yes             ; no       ; Off          ; 3.3-V LVTTL  ; --                        ; User                 ; no        ;
; data_bus[12] ; E9    ; 7        ; 29           ; 34           ; 14           ; 1                     ; 0                  ; no     ; no             ; no            ; yes             ; no       ; Off          ; 3.3-V LVTTL  ; --                        ; User                 ; no        ;
; data_bus[13] ; D9    ; 7        ; 31           ; 34           ; 7            ; 1                     ; 0                  ; no     ; no             ; no            ; yes             ; no       ; Off          ; 3.3-V LVTTL  ; --                        ; User                 ; no        ;
; data_bus[14] ; E10   ; 7        ; 45           ; 34           ; 14           ; 1                     ; 0                  ; no     ; no             ; no            ; yes             ; no       ; Off          ; 3.3-V LVTTL  ; --                        ; User                 ; no        ;
; data_bus[15] ; B11   ; 7        ; 40           ; 34           ; 7            ; 1                     ; 0                  ; no     ; no             ; no            ; yes             ; no       ; Off          ; 3.3-V LVTTL  ; --                        ; User                 ; no        ;
; data_bus[1]  ; C3    ; 8        ; 1            ; 34           ; 0            ; 5                     ; 0                  ; no     ; no             ; no            ; yes             ; no       ; Off          ; 3.3-V LVTTL  ; --                        ; User                 ; no        ;
; data_bus[2]  ; A3    ; 8        ; 7            ; 34           ; 14           ; 5                     ; 0                  ; no     ; no             ; no            ; yes             ; no       ; Off          ; 3.3-V LVTTL  ; --                        ; User                 ; no        ;
; data_bus[3]  ; B4    ; 8        ; 7            ; 34           ; 0            ; 5                     ; 0                  ; no     ; no             ; no            ; yes             ; no       ; Off          ; 3.3-V LVTTL  ; --                        ; User                 ; no        ;
; data_bus[4]  ; B5    ; 8        ; 11           ; 34           ; 0            ; 5                     ; 0                  ; no     ; no             ; no            ; yes             ; no       ; Off          ; 3.3-V LVTTL  ; --                        ; User                 ; no        ;
; data_bus[5]  ; D5    ; 8        ; 5            ; 34           ; 14           ; 3                     ; 0                  ; no     ; no             ; no            ; yes             ; no       ; Off          ; 3.3-V LVTTL  ; --                        ; User                 ; no        ;
; data_bus[6]  ; A6    ; 8        ; 16           ; 34           ; 0            ; 3                     ; 0                  ; no     ; no             ; no            ; yes             ; no       ; Off          ; 3.3-V LVTTL  ; --                        ; User                 ; no        ;
; data_bus[7]  ; D6    ; 8        ; 9            ; 34           ; 7            ; 3                     ; 0                  ; no     ; no             ; no            ; yes             ; no       ; Off          ; 3.3-V LVTTL  ; --                        ; User                 ; no        ;
; data_bus[8]  ; C6    ; 8        ; 18           ; 34           ; 21           ; 3                     ; 0                  ; no     ; no             ; no            ; yes             ; no       ; Off          ; 3.3-V LVTTL  ; --                        ; User                 ; no        ;
; data_bus[9]  ; E6    ; 8        ; 14           ; 34           ; 14           ; 2                     ; 0                  ; no     ; no             ; no            ; yes             ; no       ; Off          ; 3.3-V LVTTL  ; --                        ; User                 ; no        ;
; nTRST_i      ; R13   ; 4        ; 40           ; 0            ; 21           ; 0                     ; 0                  ; no     ; no             ; no            ; yes             ; no       ; Off          ; 2.5 V        ; --                        ; Fitter               ; no        ;
; pixel_stb    ; D11   ; 7        ; 51           ; 34           ; 14           ; 1                     ; 0                  ; no     ; no             ; no            ; yes             ; no       ; Off          ; 3.3-V LVTTL  ; --                        ; User                 ; no        ;
+--------------+-------+----------+--------------+--------------+--------------+-----------------------+--------------------+--------+----------------+---------------+-----------------+----------+--------------+--------------+---------------------------+----------------------+-----------+


+-----------------------------------------------------------------------------------------------------------------------------------------------------------------------------------------------------------------------------------------------------------------------------------------------------------------------------------------------------------------------------------------------------------------------------------------------------------------+
; Output Pins                                                                                                                                                                                                                                                                                                                                                                                                                                                     ;
+----------------+-------+----------+--------------+--------------+--------------+-----------------+------------------------+---------------+-----------+-----------------+------------+---------------+----------+--------------+--------------+------------------+-----------------------------------+---------------------------+----------------------------+-----------------------------+----------------------+----------------------+---------------------+
; Name           ; Pin # ; I/O Bank ; X coordinate ; Y coordinate ; Z coordinate ; Output Register ; Output Enable Register ; Power Up High ; Slew Rate ; PCI I/O Enabled ; Open Drain ; TRI Primitive ; Bus Hold ; Weak Pull Up ; I/O Standard ; Current Strength ; Termination                       ; Termination Control Block ; Output Buffer Pre-emphasis ; Voltage Output Differential ; Location assigned by ; Output Enable Source ; Output Enable Group ;
+----------------+-------+----------+--------------+--------------+--------------+-----------------+------------------------+---------------+-----------+-----------------+------------+---------------+----------+--------------+--------------+------------------+-----------------------------------+---------------------------+----------------------------+-----------------------------+----------------------+----------------------+---------------------+
; SDRAM_ADDR[0]  ; P2    ; 2        ; 0            ; 4            ; 14           ; yes             ; no                     ; no            ; 2         ; no              ; no         ; no            ; no       ; Off          ; 3.3-V LVTTL  ; 8mA              ; Off                               ; --                        ; no                         ; no                          ; User                 ; -                    ; -                   ;
; SDRAM_ADDR[10] ; N2    ; 2        ; 0            ; 8            ; 21           ; yes             ; no                     ; no            ; 2         ; no              ; no         ; no            ; no       ; Off          ; 3.3-V LVTTL  ; 8mA              ; Off                               ; --                        ; no                         ; no                          ; User                 ; -                    ; -                   ;
; SDRAM_ADDR[11] ; N1    ; 2        ; 0            ; 7            ; 0            ; yes             ; no                     ; no            ; 2         ; no              ; no         ; no            ; no       ; Off          ; 3.3-V LVTTL  ; 8mA              ; Off                               ; --                        ; no                         ; no                          ; User                 ; -                    ; -                   ;
; SDRAM_ADDR[12] ; L4    ; 2        ; 0            ; 6            ; 14           ; yes             ; no                     ; no            ; 2         ; no              ; no         ; no            ; no       ; Off          ; 3.3-V LVTTL  ; 8mA              ; Off                               ; --                        ; no                         ; no                          ; User                 ; -                    ; -                   ;
; SDRAM_ADDR[1]  ; N5    ; 3        ; 5            ; 0            ; 7            ; yes             ; no                     ; no            ; 2         ; no              ; no         ; no            ; no       ; Off          ; 3.3-V LVTTL  ; 8mA              ; Off                               ; --                        ; no                         ; no                          ; User                 ; -                    ; -                   ;
; SDRAM_ADDR[2]  ; N6    ; 3        ; 5            ; 0            ; 0            ; yes             ; no                     ; no            ; 2         ; no              ; no         ; no            ; no       ; Off          ; 3.3-V LVTTL  ; 8mA              ; Off                               ; --                        ; no                         ; no                          ; User                 ; -                    ; -                   ;
; SDRAM_ADDR[3]  ; M8    ; 3        ; 20           ; 0            ; 7            ; yes             ; no                     ; no            ; 2         ; no              ; no         ; no            ; no       ; Off          ; 3.3-V LVTTL  ; 8mA              ; Off                               ; --                        ; no                         ; no                          ; User                 ; -                    ; -                   ;
; SDRAM_ADDR[4]  ; P8    ; 3        ; 25           ; 0            ; 14           ; yes             ; no                     ; no            ; 2         ; no              ; no         ; no            ; no       ; Off          ; 3.3-V LVTTL  ; 8mA              ; Off                               ; --                        ; no                         ; no                          ; User                 ; -                    ; -                   ;
; SDRAM_ADDR[5]  ; T7    ; 3        ; 18           ; 0            ; 21           ; yes             ; no                     ; no            ; 2         ; no              ; no         ; no            ; no       ; Off          ; 3.3-V LVTTL  ; 8mA              ; Off                               ; --                        ; no                         ; no                          ; User                 ; -                    ; -                   ;
; SDRAM_ADDR[6]  ; N8    ; 3        ; 20           ; 0            ; 0            ; yes             ; no                     ; no            ; 2         ; no              ; no         ; no            ; no       ; Off          ; 3.3-V LVTTL  ; 8mA              ; Off                               ; --                        ; no                         ; no                          ; User                 ; -                    ; -                   ;
; SDRAM_ADDR[7]  ; T6    ; 3        ; 14           ; 0            ; 0            ; yes             ; no                     ; no            ; 2         ; no              ; no         ; no            ; no       ; Off          ; 3.3-V LVTTL  ; 8mA              ; Off                               ; --                        ; no                         ; no                          ; User                 ; -                    ; -                   ;
; SDRAM_ADDR[8]  ; R1    ; 2        ; 0            ; 5            ; 21           ; yes             ; no                     ; no            ; 2         ; no              ; no         ; no            ; no       ; Off          ; 3.3-V LVTTL  ; 8mA              ; Off                               ; --                        ; no                         ; no                          ; User                 ; -                    ; -                   ;
; SDRAM_ADDR[9]  ; P1    ; 2        ; 0            ; 4            ; 21           ; yes             ; no                     ; no            ; 2         ; no              ; no         ; no            ; no       ; Off          ; 3.3-V LVTTL  ; 8mA              ; Off                               ; --                        ; no                         ; no                          ; User                 ; -                    ; -                   ;
; SDRAM_BA_0     ; M7    ; 3        ; 11           ; 0            ; 14           ; no              ; no                     ; no            ; 2         ; no              ; no         ; no            ; no       ; Off          ; 3.3-V LVTTL  ; 8mA              ; Off                               ; --                        ; no                         ; no                          ; User                 ; -                    ; -                   ;
; SDRAM_BA_1     ; M6    ; 3        ; 7            ; 0            ; 7            ; no              ; no                     ; no            ; 2         ; no              ; no         ; no            ; no       ; Off          ; 3.3-V LVTTL  ; 8mA              ; Off                               ; --                        ; no                         ; no                          ; User                 ; -                    ; -                   ;
; SDRAM_CAS_N    ; L1    ; 2        ; 0            ; 11           ; 7            ; yes             ; no                     ; no            ; 2         ; no              ; no         ; no            ; no       ; Off          ; 3.3-V LVTTL  ; 8mA              ; Off                               ; --                        ; no                         ; no                          ; User                 ; -                    ; -                   ;
; SDRAM_CKE      ; L7    ; 3        ; 16           ; 0            ; 21           ; no              ; no                     ; no            ; 2         ; no              ; no         ; no            ; no       ; Off          ; 3.3-V LVTTL  ; 8mA              ; Off                               ; --                        ; no                         ; no                          ; User                 ; -                    ; -                   ;
; SDRAM_CLK      ; R4    ; 3        ; 5            ; 0            ; 21           ; yes             ; no                     ; no            ; 2         ; no              ; no         ; no            ; no       ; Off          ; 3.3-V LVTTL  ; 8mA              ; Off                               ; --                        ; no                         ; no                          ; User                 ; -                    ; -                   ;
; SDRAM_CS_N     ; P6    ; 3        ; 11           ; 0            ; 21           ; no              ; no                     ; no            ; 2         ; no              ; no         ; no            ; no       ; Off          ; 3.3-V LVTTL  ; 8mA              ; Off                               ; --                        ; no                         ; no                          ; User                 ; -                    ; -                   ;
; SDRAM_DQML     ; R6    ; 3        ; 14           ; 0            ; 7            ; no              ; no                     ; no            ; 2         ; no              ; no         ; no            ; no       ; Off          ; 3.3-V LVTTL  ; 8mA              ; Off                               ; --                        ; no                         ; no                          ; User                 ; -                    ; -                   ;
; SDRAM_DQMU     ; T5    ; 3        ; 14           ; 0            ; 14           ; no              ; no                     ; no            ; 2         ; no              ; no         ; no            ; no       ; Off          ; 3.3-V LVTTL  ; 8mA              ; Off                               ; --                        ; no                         ; no                          ; User                 ; -                    ; -                   ;
; SDRAM_RAS_N    ; L2    ; 2        ; 0            ; 11           ; 0            ; yes             ; no                     ; no            ; 2         ; no              ; no         ; no            ; no       ; Off          ; 3.3-V LVTTL  ; 8mA              ; Off                               ; --                        ; no                         ; no                          ; User                 ; -                    ; -                   ;
; SDRAM_WE_N     ; C2    ; 1        ; 0            ; 27           ; 0            ; yes             ; no                     ; no            ; 2         ; no              ; no         ; no            ; no       ; Off          ; 3.3-V LVTTL  ; 8mA              ; Off                               ; --                        ; no                         ; no                          ; User                 ; -                    ; -                   ;
; TDO_o          ; A7    ; 8        ; 20           ; 34           ; 21           ; no              ; no                     ; no            ; 2         ; no              ; no         ; no            ; no       ; Off          ; 2.5 V        ; Default          ; Series 50 Ohm without Calibration ; --                        ; no                         ; no                          ; Fitter               ; -                    ; -                   ;
; VGA_B[0]       ; T11   ; 4        ; 36           ; 0            ; 21           ; no              ; no                     ; no            ; 2         ; no              ; no         ; no            ; no       ; Off          ; 3.3-V LVTTL  ; 8mA              ; Off                               ; --                        ; no                         ; no                          ; Fitter               ; -                    ; -                   ;
; VGA_B[1]       ; R11   ; 4        ; 34           ; 0            ; 0            ; no              ; no                     ; no            ; 2         ; no              ; no         ; no            ; no       ; Off          ; 3.3-V LVTTL  ; 8mA              ; Off                               ; --                        ; no                         ; no                          ; Fitter               ; -                    ; -                   ;
; VGA_B[2]       ; B16   ; 6        ; 53           ; 22           ; 0            ; no              ; no                     ; no            ; 2         ; no              ; no         ; no            ; no       ; Off          ; 3.3-V LVTTL  ; 8mA              ; Off                               ; --                        ; no                         ; no                          ; User                 ; -                    ; -                   ;
; VGA_B[3]       ; C16   ; 6        ; 53           ; 30           ; 7            ; no              ; no                     ; no            ; 2         ; no              ; no         ; no            ; no       ; Off          ; 3.3-V LVTTL  ; 8mA              ; Off                               ; --                        ; no                         ; no                          ; User                 ; -                    ; -                   ;
; VGA_B[4]       ; D16   ; 6        ; 53           ; 25           ; 0            ; no              ; no                     ; no            ; 2         ; no              ; no         ; no            ; no       ; Off          ; 3.3-V LVTTL  ; 8mA              ; Off                               ; --                        ; no                         ; no                          ; User                 ; -                    ; -                   ;
; VGA_G[0]       ; R10   ; 4        ; 34           ; 0            ; 21           ; no              ; no                     ; no            ; 2         ; no              ; no         ; no            ; no       ; Off          ; 3.3-V LVTTL  ; 8mA              ; Off                               ; --                        ; no                         ; no                          ; Fitter               ; -                    ; -                   ;
; VGA_G[1]       ; N9    ; 4        ; 29           ; 0            ; 0            ; no              ; no                     ; no            ; 2         ; no              ; no         ; no            ; no       ; Off          ; 3.3-V LVTTL  ; 8mA              ; Off                               ; --                        ; no                         ; no                          ; Fitter               ; -                    ; -                   ;
; VGA_G[2]       ; T10   ; 4        ; 34           ; 0            ; 14           ; no              ; no                     ; no            ; 2         ; no              ; no         ; no            ; no       ; Off          ; 3.3-V LVTTL  ; 8mA              ; Off                               ; --                        ; no                         ; no                          ; Fitter               ; -                    ; -                   ;
; VGA_G[3]       ; D15   ; 6        ; 53           ; 26           ; 21           ; no              ; no                     ; no            ; 2         ; no              ; no         ; no            ; no       ; Off          ; 3.3-V LVTTL  ; 8mA              ; Off                               ; --                        ; no                         ; no                          ; User                 ; -                    ; -                   ;
; VGA_G[4]       ; F15   ; 6        ; 53           ; 22           ; 7            ; no              ; no                     ; no            ; 2         ; no              ; no         ; no            ; no       ; Off          ; 3.3-V LVTTL  ; 8mA              ; Off                               ; --                        ; no                         ; no                          ; User                 ; -                    ; -                   ;
; VGA_G[5]       ; F14   ; 6        ; 53           ; 24           ; 21           ; no              ; no                     ; no            ; 2         ; no              ; no         ; no            ; no       ; Off          ; 3.3-V LVTTL  ; 8mA              ; Off                               ; --                        ; no                         ; no                          ; User                 ; -                    ; -                   ;
; VGA_HSYNC      ; D14   ; 7        ; 51           ; 34           ; 7            ; no              ; no                     ; no            ; 2         ; no              ; no         ; no            ; no       ; Off          ; 3.3-V LVTTL  ; 8mA              ; Off                               ; --                        ; no                         ; no                          ; User                 ; -                    ; -                   ;
; VGA_R[0]       ; G16   ; 6        ; 53           ; 20           ; 21           ; no              ; no                     ; no            ; 2         ; no              ; no         ; no            ; no       ; Off          ; 3.3-V LVTTL  ; 4mA              ; Off                               ; --                        ; no                         ; no                          ; User                 ; -                    ; -                   ;
; VGA_R[1]       ; F16   ; 6        ; 53           ; 21           ; 14           ; no              ; no                     ; no            ; 2         ; no              ; no         ; no            ; no       ; Off          ; 3.3-V LVTTL  ; 4mA              ; Off                               ; --                        ; no                         ; no                          ; User                 ; -                    ; -                   ;
; VGA_R[2]       ; A14   ; 7        ; 47           ; 34           ; 21           ; no              ; no                     ; no            ; 2         ; no              ; no         ; no            ; no       ; Off          ; 3.3-V LVTTL  ; 4mA              ; Off                               ; --                        ; no                         ; no                          ; User                 ; -                    ; -                   ;
; VGA_R[3]       ; C14   ; 7        ; 51           ; 34           ; 0            ; no              ; no                     ; no            ; 2         ; no              ; no         ; no            ; no       ; Off          ; 3.3-V LVTTL  ; 4mA              ; Off                               ; --                        ; no                         ; no                          ; User                 ; -                    ; -                   ;
; VGA_R[4]       ; C15   ; 6        ; 53           ; 30           ; 0            ; no              ; no                     ; no            ; 2         ; no              ; no         ; no            ; no       ; Off          ; 3.3-V LVTTL  ; 4mA              ; Off                               ; --                        ; no                         ; no                          ; User                 ; -                    ; -                   ;
; VGA_VSYNC      ; G15   ; 6        ; 53           ; 20           ; 14           ; no              ; no                     ; no            ; 2         ; no              ; no         ; no            ; no       ; Off          ; 3.3-V LVTTL  ; 8mA              ; Off                               ; --                        ; no                         ; no                          ; User                 ; -                    ; -                   ;
; busy           ; D12   ; 7        ; 51           ; 34           ; 21           ; no              ; no                     ; no            ; 2         ; no              ; no         ; no            ; no       ; Off          ; 3.3-V LVTTL  ; 8mA              ; Off                               ; --                        ; no                         ; no                          ; User                 ; -                    ; -                   ;
+----------------+-------+----------+--------------+--------------+--------------+-----------------+------------------------+---------------+-----------+-----------------+------------+---------------+----------+--------------+--------------+------------------+-----------------------------------+---------------------------+----------------------------+-----------------------------+----------------------+----------------------+---------------------+


+---------------------------------------------------------------------------------------------------------------------------------------------------------------------------------------------------------------------------------------------------------------------------------------------------------------------------------------------------------------------------------------------------------------------------------------------------------------------------------------------------------------------------------------+
; Bidir Pins                                                                                                                                                                                                                                                                                                                                                                                                                                                                                                                            ;
+--------------+-------+----------+--------------+--------------+--------------+-----------------------+--------------------+--------+----------------+-----------------+------------------------+---------------+-----------+-----------------+------------+----------+--------------+--------------+------------------+--------------------+---------------------------+----------------------------+----------------------+----------------------+-----------------------------------------------------------------------------------+
; Name         ; Pin # ; I/O Bank ; X coordinate ; Y coordinate ; Z coordinate ; Combinational Fan-Out ; Registered Fan-Out ; Global ; Input Register ; Output Register ; Output Enable Register ; Power Up High ; Slew Rate ; PCI I/O Enabled ; Open Drain ; Bus Hold ; Weak Pull Up ; I/O Standard ; Current Strength ; Output Termination ; Termination Control Block ; Output Buffer Pre-emphasis ; Location assigned by ; Output Enable Source ; Output Enable Group                                                               ;
+--------------+-------+----------+--------------+--------------+--------------+-----------------------+--------------------+--------+----------------+-----------------+------------------------+---------------+-----------+-----------------+------------+----------+--------------+--------------+------------------+--------------------+---------------------------+----------------------------+----------------------+----------------------+-----------------------------------------------------------------------------------+
; SDRAM_DQ[0]  ; G2    ; 1        ; 0            ; 23           ; 14           ; 0                     ; 1                  ; no     ; yes            ; no              ; no                     ; no            ; 2         ; yes             ; no         ; no       ; Off          ; 3.3-V LVTTL  ; 8mA              ; Off                ; --                        ; no                         ; User                 ; 0 pF                 ; vga_subsystem_top:inst_vga_subsystem|sdram:sdram_ctrl|sdr_write_active (inverted) ;
; SDRAM_DQ[10] ; T3    ; 3        ; 1            ; 0            ; 0            ; 0                     ; 1                  ; no     ; yes            ; no              ; no                     ; no            ; 2         ; yes             ; no         ; no       ; Off          ; 3.3-V LVTTL  ; 8mA              ; Off                ; --                        ; no                         ; User                 ; 0 pF                 ; vga_subsystem_top:inst_vga_subsystem|sdram:sdram_ctrl|sdr_write_active (inverted) ;
; SDRAM_DQ[11] ; R3    ; 3        ; 1            ; 0            ; 7            ; 0                     ; 1                  ; no     ; yes            ; no              ; no                     ; no            ; 2         ; yes             ; no         ; no       ; Off          ; 3.3-V LVTTL  ; 8mA              ; Off                ; --                        ; no                         ; User                 ; 0 pF                 ; vga_subsystem_top:inst_vga_subsystem|sdram:sdram_ctrl|sdr_write_active (inverted) ;
; SDRAM_DQ[12] ; R5    ; 3        ; 14           ; 0            ; 21           ; 0                     ; 1                  ; no     ; yes            ; no              ; no                     ; no            ; 2         ; yes             ; no         ; no       ; Off          ; 3.3-V LVTTL  ; 8mA              ; Off                ; --                        ; no                         ; User                 ; 0 pF                 ; vga_subsystem_top:inst_vga_subsystem|sdram:sdram_ctrl|sdr_write_active (inverted) ;
; SDRAM_DQ[13] ; P3    ; 3        ; 1            ; 0            ; 14           ; 0                     ; 1                  ; no     ; yes            ; no              ; no                     ; no            ; 2         ; yes             ; no         ; no       ; Off          ; 3.3-V LVTTL  ; 8mA              ; Off                ; --                        ; no                         ; User                 ; 0 pF                 ; vga_subsystem_top:inst_vga_subsystem|sdram:sdram_ctrl|sdr_write_active (inverted) ;
; SDRAM_DQ[14] ; N3    ; 3        ; 1            ; 0            ; 21           ; 0                     ; 1                  ; no     ; yes            ; no              ; no                     ; no            ; 2         ; yes             ; no         ; no       ; Off          ; 3.3-V LVTTL  ; 8mA              ; Off                ; --                        ; no                         ; User                 ; 0 pF                 ; vga_subsystem_top:inst_vga_subsystem|sdram:sdram_ctrl|sdr_write_active (inverted) ;
; SDRAM_DQ[15] ; K1    ; 2        ; 0            ; 12           ; 7            ; 0                     ; 1                  ; no     ; yes            ; no              ; no                     ; no            ; 2         ; yes             ; no         ; no       ; Off          ; 3.3-V LVTTL  ; 8mA              ; Off                ; --                        ; no                         ; User                 ; 0 pF                 ; vga_subsystem_top:inst_vga_subsystem|sdram:sdram_ctrl|sdr_write_active (inverted) ;
; SDRAM_DQ[1]  ; G1    ; 1        ; 0            ; 23           ; 21           ; 0                     ; 1                  ; no     ; yes            ; no              ; no                     ; no            ; 2         ; yes             ; no         ; no       ; Off          ; 3.3-V LVTTL  ; 8mA              ; Off                ; --                        ; no                         ; User                 ; 0 pF                 ; vga_subsystem_top:inst_vga_subsystem|sdram:sdram_ctrl|sdr_write_active (inverted) ;
; SDRAM_DQ[2]  ; L8    ; 3        ; 18           ; 0            ; 7            ; 0                     ; 1                  ; no     ; yes            ; no              ; no                     ; no            ; 2         ; yes             ; no         ; no       ; Off          ; 3.3-V LVTTL  ; 8mA              ; Off                ; --                        ; no                         ; User                 ; 0 pF                 ; vga_subsystem_top:inst_vga_subsystem|sdram:sdram_ctrl|sdr_write_active (inverted) ;
; SDRAM_DQ[3]  ; K5    ; 2        ; 0            ; 7            ; 7            ; 0                     ; 1                  ; no     ; yes            ; no              ; no                     ; no            ; 2         ; yes             ; no         ; no       ; Off          ; 3.3-V LVTTL  ; 8mA              ; Off                ; --                        ; no                         ; User                 ; 0 pF                 ; vga_subsystem_top:inst_vga_subsystem|sdram:sdram_ctrl|sdr_write_active (inverted) ;
; SDRAM_DQ[4]  ; K2    ; 2        ; 0            ; 12           ; 0            ; 0                     ; 1                  ; no     ; yes            ; no              ; no                     ; no            ; 2         ; yes             ; no         ; no       ; Off          ; 3.3-V LVTTL  ; 8mA              ; Off                ; --                        ; no                         ; User                 ; 0 pF                 ; vga_subsystem_top:inst_vga_subsystem|sdram:sdram_ctrl|sdr_write_active (inverted) ;
; SDRAM_DQ[5]  ; J2    ; 2        ; 0            ; 15           ; 0            ; 0                     ; 1                  ; no     ; yes            ; no              ; no                     ; no            ; 2         ; yes             ; no         ; no       ; Off          ; 3.3-V LVTTL  ; 8mA              ; Off                ; --                        ; no                         ; User                 ; 0 pF                 ; vga_subsystem_top:inst_vga_subsystem|sdram:sdram_ctrl|sdr_write_active (inverted) ;
; SDRAM_DQ[6]  ; J1    ; 2        ; 0            ; 15           ; 7            ; 0                     ; 1                  ; no     ; yes            ; no              ; no                     ; no            ; 2         ; yes             ; no         ; no       ; Off          ; 3.3-V LVTTL  ; 8mA              ; Off                ; --                        ; no                         ; User                 ; 0 pF                 ; vga_subsystem_top:inst_vga_subsystem|sdram:sdram_ctrl|sdr_write_active (inverted) ;
; SDRAM_DQ[7]  ; R7    ; 3        ; 16           ; 0            ; 14           ; 0                     ; 1                  ; no     ; yes            ; no              ; no                     ; no            ; 2         ; yes             ; no         ; no       ; Off          ; 3.3-V LVTTL  ; 8mA              ; Off                ; --                        ; no                         ; User                 ; 0 pF                 ; vga_subsystem_top:inst_vga_subsystem|sdram:sdram_ctrl|sdr_write_active (inverted) ;
; SDRAM_DQ[8]  ; T4    ; 3        ; 5            ; 0            ; 14           ; 0                     ; 1                  ; no     ; yes            ; no              ; no                     ; no            ; 2         ; yes             ; no         ; no       ; Off          ; 3.3-V LVTTL  ; 8mA              ; Off                ; --                        ; no                         ; User                 ; 0 pF                 ; vga_subsystem_top:inst_vga_subsystem|sdram:sdram_ctrl|sdr_write_active (inverted) ;
; SDRAM_DQ[9]  ; T2    ; 3        ; 3            ; 0            ; 0            ; 0                     ; 1                  ; no     ; yes            ; no              ; no                     ; no            ; 2         ; yes             ; no         ; no       ; Off          ; 3.3-V LVTTL  ; 8mA              ; Off                ; --                        ; no                         ; User                 ; 0 pF                 ; vga_subsystem_top:inst_vga_subsystem|sdram:sdram_ctrl|sdr_write_active (inverted) ;
+--------------+-------+----------+--------------+--------------+--------------+-----------------------+--------------------+--------+----------------+-----------------+------------------------+---------------+-----------+-----------------+------------+----------+--------------+--------------+------------------+--------------------+---------------------------+----------------------------+----------------------+----------------------+-----------------------------------------------------------------------------------+


+-------------------------------------------------------------------------------------------------------------------------------------+
; Dual Purpose and Dedicated Pins                                                                                                     ;
+----------+-----------------------------------------+--------------------------+-------------------------+---------------------------+
; Location ; Pin Name                                ; Reserved As              ; User Signal Name        ; Pin Type                  ;
+----------+-----------------------------------------+--------------------------+-------------------------+---------------------------+
; C1       ; DIFFIO_L3n, DATA1, ASDO                 ; As input tri-stated      ; ~ALTERA_ASDO_DATA1~     ; Dual Purpose Pin          ;
; D2       ; DIFFIO_L4p, FLASH_nCE, nCSO             ; As input tri-stated      ; ~ALTERA_FLASH_nCE_nCSO~ ; Dual Purpose Pin          ;
; F4       ; nSTATUS                                 ; -                        ; -                       ; Dedicated Programming Pin ;
; H1       ; DCLK                                    ; As output driving ground ; ~ALTERA_DCLK~           ; Dual Purpose Pin          ;
; H2       ; DATA0                                   ; As input tri-stated      ; ~ALTERA_DATA0~          ; Dual Purpose Pin          ;
; H5       ; nCONFIG                                 ; -                        ; -                       ; Dedicated Programming Pin ;
; J3       ; nCE                                     ; -                        ; -                       ; Dedicated Programming Pin ;
; J15      ; DIFFIO_R9p, DEV_CLRn                    ; Use as regular IO        ; KEY[0]                  ; Dual Purpose Pin          ;
; H14      ; CONF_DONE                               ; -                        ; -                       ; Dedicated Programming Pin ;
; H13      ; MSEL0                                   ; -                        ; -                       ; Dedicated Programming Pin ;
; H12      ; MSEL1                                   ; -                        ; -                       ; Dedicated Programming Pin ;
; G12      ; MSEL2                                   ; -                        ; -                       ; Dedicated Programming Pin ;
; G12      ; MSEL3                                   ; -                        ; -                       ; Dedicated Programming Pin ;
; G16      ; DIFFIO_R5n, INIT_DONE                   ; Use as regular IO        ; VGA_R[0]                ; Dual Purpose Pin          ;
; G15      ; DIFFIO_R5p, CRC_ERROR                   ; Use as regular IO        ; VGA_VSYNC               ; Dual Purpose Pin          ;
; F16      ; DIFFIO_R4n, nCEO                        ; Use as programming pin   ; VGA_R[1]                ; Dual Purpose Pin          ;
; F15      ; DIFFIO_R4p, CLKUSR                      ; Use as regular IO        ; VGA_G[4]                ; Dual Purpose Pin          ;
; D16      ;                                         ; Use as regular IO        ; VGA_B[4]                ; Dual Purpose Pin          ;
; D15      ; PADD23                                  ; Use as regular IO        ; VGA_G[3]                ; Dual Purpose Pin          ;
; C16      ; DIFFIO_R1n, PADD20, DQS2R/CQ3R,CDPCLK5  ; Use as regular IO        ; VGA_B[3]                ; Dual Purpose Pin          ;
; B11      ; DIFFIO_T20p, PADD0                      ; Use as regular IO        ; data_bus[15]            ; Dual Purpose Pin          ;
; C9       ; DIFFIO_T15n, PADD7                      ; Use as regular IO        ; addr_bus[0]             ; Dual Purpose Pin          ;
; D9       ; DIFFIO_T15p, PADD8                      ; Use as regular IO        ; data_bus[13]            ; Dual Purpose Pin          ;
; E9       ; DIFFIO_T13p, PADD12, DQS4T/CQ5T,DPCLK9  ; Use as regular IO        ; data_bus[12]            ; Dual Purpose Pin          ;
; F8       ; DIFFIO_T10p, DATA3                      ; Use as regular IO        ; data_bus[11]            ; Dual Purpose Pin          ;
; A7       ; DIFFIO_T9n, PADD18                      ; Use as regular IO        ; TDO_o                   ; Dual Purpose Pin          ;
; A6       ; DIFFIO_T7n, DATA14, DQS3T/CQ3T#,DPCLK11 ; Use as regular IO        ; data_bus[6]             ; Dual Purpose Pin          ;
; E6       ; DIFFIO_T6p, DATA6                       ; Use as regular IO        ; data_bus[9]             ; Dual Purpose Pin          ;
; B5       ; DIFFIO_T5p, DATA8                       ; Use as regular IO        ; data_bus[4]             ; Dual Purpose Pin          ;
; D6       ; DIFFIO_T4n, DATA9                       ; Use as regular IO        ; data_bus[7]             ; Dual Purpose Pin          ;
; B4       ; DIFFIO_T3p, DATA11                      ; Use as regular IO        ; data_bus[3]             ; Dual Purpose Pin          ;
+----------+-----------------------------------------+--------------------------+-------------------------+---------------------------+


+------------------------------------------------------------+
; I/O Bank Usage                                             ;
+----------+------------------+---------------+--------------+
; I/O Bank ; Usage            ; VCCIO Voltage ; VREF Voltage ;
+----------+------------------+---------------+--------------+
; 1        ; 8 / 14 ( 57 % )  ; 3.3V          ; --           ;
; 2        ; 13 / 16 ( 81 % ) ; 3.3V          ; --           ;
; 3        ; 24 / 25 ( 96 % ) ; 3.3V          ; --           ;
; 4        ; 8 / 20 ( 40 % )  ; 3.3V          ; --           ;
; 5        ; 1 / 18 ( 6 % )   ; 3.3V          ; --           ;
; 6        ; 10 / 13 ( 77 % ) ; 3.3V          ; --           ;
; 7        ; 14 / 24 ( 58 % ) ; 3.3V          ; --           ;
; 8        ; 13 / 24 ( 54 % ) ; 2.5V          ; --           ;
+----------+------------------+---------------+--------------+


+-----------------------------------------------------------------------------------------------------------------------------------------------------------------------------------------+
; All Package Pins                                                                                                                                                                        ;
+----------+------------+----------+-----------------------------------------------------------+--------+--------------+---------+------------+-----------------+----------+--------------+
; Location ; Pad Number ; I/O Bank ; Pin Name/Usage                                            ; Dir.   ; I/O Standard ; Voltage ; I/O Type   ; User Assignment ; Bus Hold ; Weak Pull Up ;
+----------+------------+----------+-----------------------------------------------------------+--------+--------------+---------+------------+-----------------+----------+--------------+
; A1       ;            ; 8        ; VCCIO8                                                    ; power  ;              ; 2.5V    ; --         ;                 ; --       ; --           ;
; A2       ; 238        ; 8        ; RESERVED_INPUT_WITH_WEAK_PULLUP                           ;        ;              ;         ; Column I/O ;                 ; no       ; On           ;
; A3       ; 239        ; 8        ; data_bus[2]                                               ; input  ; 3.3-V LVTTL  ;         ; Column I/O ; Y               ; no       ; Off          ;
; A4       ; 236        ; 8        ; RESERVED_INPUT_WITH_WEAK_PULLUP                           ;        ;              ;         ; Column I/O ;                 ; no       ; On           ;
; A5       ; 232        ; 8        ; RESERVED_INPUT_WITH_WEAK_PULLUP                           ;        ;              ;         ; Column I/O ;                 ; no       ; On           ;
; A6       ; 225        ; 8        ; data_bus[6]                                               ; input  ; 3.3-V LVTTL  ;         ; Column I/O ; Y               ; no       ; Off          ;
; A7       ; 220        ; 8        ; TDO_o                                                     ; output ; 2.5 V        ;         ; Column I/O ; N               ; no       ; Off          ;
; A8       ; 211        ; 8        ; GND+                                                      ;        ;              ;         ; Column I/O ;                 ; --       ; --           ;
; A9       ; 209        ; 7        ; GND+                                                      ;        ;              ;         ; Column I/O ;                 ; --       ; --           ;
; A10      ; 198        ; 7        ; RESERVED_INPUT_WITH_WEAK_PULLUP                           ;        ;              ;         ; Column I/O ;                 ; no       ; On           ;
; A11      ; 188        ; 7        ; RESERVED_INPUT_WITH_WEAK_PULLUP                           ;        ;              ;         ; Column I/O ;                 ; no       ; On           ;
; A12      ; 186        ; 7        ; TCK_i                                                     ; input  ; 2.5 V        ;         ; Column I/O ; N               ; no       ; Off          ;
; A13      ; 179        ; 7        ; RESERVED_INPUT_WITH_WEAK_PULLUP                           ;        ;              ;         ; Column I/O ;                 ; no       ; On           ;
; A14      ; 181        ; 7        ; VGA_R[2]                                                  ; output ; 3.3-V LVTTL  ;         ; Column I/O ; Y               ; no       ; Off          ;
; A15      ; 191        ; 7        ; RESERVED_INPUT_WITH_WEAK_PULLUP                           ;        ;              ;         ; Column I/O ;                 ; no       ; On           ;
; A16      ;            ; 7        ; VCCIO7                                                    ; power  ;              ; 3.3V    ; --         ;                 ; --       ; --           ;
; B1       ; 5          ; 1        ; RESERVED_INPUT_WITH_WEAK_PULLUP                           ;        ;              ;         ; Row I/O    ;                 ; no       ; On           ;
; B2       ;            ;          ; GND                                                       ; gnd    ;              ;         ; --         ;                 ; --       ; --           ;
; B3       ; 242        ; 8        ; RESERVED_INPUT_WITH_WEAK_PULLUP                           ;        ;              ;         ; Column I/O ;                 ; no       ; On           ;
; B4       ; 237        ; 8        ; data_bus[3]                                               ; input  ; 3.3-V LVTTL  ;         ; Column I/O ; Y               ; no       ; Off          ;
; B5       ; 233        ; 8        ; data_bus[4]                                               ; input  ; 3.3-V LVTTL  ;         ; Column I/O ; Y               ; no       ; Off          ;
; B6       ; 226        ; 8        ; RESERVED_INPUT_WITH_WEAK_PULLUP                           ;        ;              ;         ; Column I/O ;                 ; no       ; On           ;
; B7       ; 221        ; 8        ; RESERVED_INPUT_WITH_WEAK_PULLUP                           ;        ;              ;         ; Column I/O ;                 ; no       ; On           ;
; B8       ; 212        ; 8        ; GND+                                                      ;        ;              ;         ; Column I/O ;                 ; --       ; --           ;
; B9       ; 210        ; 7        ; GND+                                                      ;        ;              ;         ; Column I/O ;                 ; --       ; --           ;
; B10      ; 199        ; 7        ; RESERVED_INPUT_WITH_WEAK_PULLUP                           ;        ;              ;         ; Column I/O ;                 ; no       ; On           ;
; B11      ; 189        ; 7        ; data_bus[15]                                              ; input  ; 3.3-V LVTTL  ;         ; Column I/O ; Y               ; no       ; Off          ;
; B12      ; 187        ; 7        ; cmd_stb                                                   ; input  ; 3.3-V LVTTL  ;         ; Column I/O ; Y               ; no       ; Off          ;
; B13      ; 180        ; 7        ; RESERVED_INPUT_WITH_WEAK_PULLUP                           ;        ;              ;         ; Column I/O ;                 ; no       ; On           ;
; B14      ; 182        ; 7        ; RESERVED_INPUT_WITH_WEAK_PULLUP                           ;        ;              ;         ; Column I/O ;                 ; no       ; On           ;
; B15      ;            ;          ; GND                                                       ; gnd    ;              ;         ; --         ;                 ; --       ; --           ;
; B16      ; 164        ; 6        ; VGA_B[2]                                                  ; output ; 3.3-V LVTTL  ;         ; Row I/O    ; Y               ; no       ; Off          ;
; C1       ; 7          ; 1        ; ~ALTERA_ASDO_DATA1~ / RESERVED_INPUT_WITH_WEAK_PULLUP     ; input  ; 3.3-V LVTTL  ;         ; Row I/O    ; N               ; no       ; On           ;
; C2       ; 6          ; 1        ; SDRAM_WE_N                                                ; output ; 3.3-V LVTTL  ;         ; Row I/O    ; Y               ; no       ; Off          ;
; C3       ; 245        ; 8        ; data_bus[1]                                               ; input  ; 3.3-V LVTTL  ;         ; Column I/O ; Y               ; no       ; Off          ;
; C4       ;            ; 8        ; VCCIO8                                                    ; power  ;              ; 2.5V    ; --         ;                 ; --       ; --           ;
; C5       ;            ;          ; GND                                                       ; gnd    ;              ;         ; --         ;                 ; --       ; --           ;
; C6       ; 224        ; 8        ; data_bus[8]                                               ; input  ; 3.3-V LVTTL  ;         ; Column I/O ; Y               ; no       ; Off          ;
; C7       ;            ; 8        ; VCCIO8                                                    ; power  ;              ; 2.5V    ; --         ;                 ; --       ; --           ;
; C8       ; 215        ; 8        ; RESERVED_INPUT_WITH_WEAK_PULLUP                           ;        ;              ;         ; Column I/O ;                 ; no       ; On           ;
; C9       ; 200        ; 7        ; addr_bus[0]                                               ; input  ; 3.3-V LVTTL  ;         ; Column I/O ; Y               ; no       ; Off          ;
; C10      ;            ; 7        ; VCCIO7                                                    ; power  ;              ; 3.3V    ; --         ;                 ; --       ; --           ;
; C11      ; 190        ; 7        ; addr_bus[2]                                               ; input  ; 3.3-V LVTTL  ;         ; Column I/O ; Y               ; no       ; Off          ;
; C12      ;            ;          ; GND                                                       ; gnd    ;              ;         ; --         ;                 ; --       ; --           ;
; C13      ;            ; 7        ; VCCIO7                                                    ; power  ;              ; 3.3V    ; --         ;                 ; --       ; --           ;
; C14      ; 175        ; 7        ; VGA_R[3]                                                  ; output ; 3.3-V LVTTL  ;         ; Column I/O ; Y               ; no       ; Off          ;
; C15      ; 174        ; 6        ; VGA_R[4]                                                  ; output ; 3.3-V LVTTL  ;         ; Row I/O    ; Y               ; no       ; Off          ;
; C16      ; 173        ; 6        ; VGA_B[3]                                                  ; output ; 3.3-V LVTTL  ;         ; Row I/O    ; Y               ; no       ; Off          ;
; D1       ; 10         ; 1        ; RESERVED_INPUT_WITH_WEAK_PULLUP                           ;        ;              ;         ; Row I/O    ;                 ; no       ; On           ;
; D2       ; 9          ; 1        ; ~ALTERA_FLASH_nCE_nCSO~ / RESERVED_INPUT_WITH_WEAK_PULLUP ; input  ; 3.3-V LVTTL  ;         ; Row I/O    ; N               ; no       ; On           ;
; D3       ; 246        ; 8        ; data_bus[0]                                               ; input  ; 3.3-V LVTTL  ;         ; Column I/O ; Y               ; no       ; Off          ;
; D4       ;            ;          ; VCCD_PLL3                                                 ; power  ;              ; 1.2V    ; --         ;                 ; --       ; --           ;
; D5       ; 241        ; 8        ; data_bus[5]                                               ; input  ; 3.3-V LVTTL  ;         ; Column I/O ; Y               ; no       ; Off          ;
; D6       ; 234        ; 8        ; data_bus[7]                                               ; input  ; 3.3-V LVTTL  ;         ; Column I/O ; Y               ; no       ; Off          ;
; D7       ;            ;          ; GND                                                       ; gnd    ;              ;         ; --         ;                 ; --       ; --           ;
; D8       ; 216        ; 8        ; data_bus[10]                                              ; input  ; 3.3-V LVTTL  ;         ; Column I/O ; Y               ; no       ; Off          ;
; D9       ; 201        ; 7        ; data_bus[13]                                              ; input  ; 3.3-V LVTTL  ;         ; Column I/O ; Y               ; no       ; Off          ;
; D10      ;            ;          ; GND                                                       ; gnd    ;              ;         ; --         ;                 ; --       ; --           ;
; D11      ; 177        ; 7        ; pixel_stb                                                 ; input  ; 3.3-V LVTTL  ;         ; Column I/O ; Y               ; no       ; Off          ;
; D12      ; 178        ; 7        ; busy                                                      ; output ; 3.3-V LVTTL  ;         ; Column I/O ; Y               ; no       ; Off          ;
; D13      ;            ;          ; VCCD_PLL2                                                 ; power  ;              ; 1.2V    ; --         ;                 ; --       ; --           ;
; D14      ; 176        ; 7        ; VGA_HSYNC                                                 ; output ; 3.3-V LVTTL  ;         ; Column I/O ; Y               ; no       ; Off          ;
; D15      ; 170        ; 6        ; VGA_G[3]                                                  ; output ; 3.3-V LVTTL  ;         ; Row I/O    ; Y               ; no       ; Off          ;
; D16      ; 169        ; 6        ; VGA_B[4]                                                  ; output ; 3.3-V LVTTL  ;         ; Row I/O    ; Y               ; no       ; Off          ;
; E1       ; 26         ; 1        ; KEY[1]                                                    ; input  ; 3.3-V LVTTL  ;         ; Row I/O    ; Y               ; no       ; Off          ;
; E2       ;            ;          ; GND                                                       ; gnd    ;              ;         ; --         ;                 ; --       ; --           ;
; E3       ;            ; 1        ; VCCIO1                                                    ; power  ;              ; 3.3V    ; --         ;                 ; --       ; --           ;
; E4       ;            ;          ; GND                                                       ; gnd    ;              ;         ; --         ;                 ; --       ; --           ;
; E5       ;            ;          ; GNDA3                                                     ; gnd    ;              ;         ; --         ;                 ; --       ; --           ;
; E6       ; 231        ; 8        ; data_bus[9]                                               ; input  ; 3.3-V LVTTL  ;         ; Column I/O ; Y               ; no       ; Off          ;
; E7       ; 227        ; 8        ; RESERVED_INPUT_WITH_WEAK_PULLUP                           ;        ;              ;         ; Column I/O ;                 ; no       ; On           ;
; E8       ; 218        ; 8        ; RESERVED_INPUT_WITH_WEAK_PULLUP                           ;        ;              ;         ; Column I/O ;                 ; no       ; On           ;
; E9       ; 205        ; 7        ; data_bus[12]                                              ; input  ; 3.3-V LVTTL  ;         ; Column I/O ; Y               ; no       ; Off          ;
; E10      ; 184        ; 7        ; data_bus[14]                                              ; input  ; 3.3-V LVTTL  ;         ; Column I/O ; Y               ; no       ; Off          ;
; E11      ; 183        ; 7        ; addr_bus[1]                                               ; input  ; 3.3-V LVTTL  ;         ; Column I/O ; Y               ; no       ; Off          ;
; E12      ;            ;          ; GNDA2                                                     ; gnd    ;              ;         ; --         ;                 ; --       ; --           ;
; E13      ;            ;          ; GND                                                       ; gnd    ;              ;         ; --         ;                 ; --       ; --           ;
; E14      ;            ; 6        ; VCCIO6                                                    ; power  ;              ; 3.3V    ; --         ;                 ; --       ; --           ;
; E15      ; 151        ; 6        ; GND+                                                      ;        ;              ;         ; Row I/O    ;                 ; --       ; --           ;
; E16      ; 150        ; 6        ; GND+                                                      ;        ;              ;         ; Row I/O    ;                 ; --       ; --           ;
; F1       ; 14         ; 1        ; RESERVED_INPUT_WITH_WEAK_PULLUP                           ;        ;              ;         ; Row I/O    ;                 ; no       ; On           ;
; F2       ; 13         ; 1        ; RESERVED_INPUT_WITH_WEAK_PULLUP                           ;        ;              ;         ; Row I/O    ;                 ; no       ; On           ;
; F3       ; 8          ; 1        ; RESERVED_INPUT_WITH_WEAK_PULLUP                           ;        ;              ;         ; Row I/O    ;                 ; --       ; --           ;
; F4       ; 11         ; 1        ; ^nSTATUS                                                  ;        ;              ;         ; --         ;                 ; --       ; --           ;
; F5       ;            ; --       ; VCCA3                                                     ; power  ;              ; 2.5V    ; --         ;                 ; --       ; --           ;
; F6       ;            ;          ; GND                                                       ; gnd    ;              ;         ; --         ;                 ; --       ; --           ;
; F7       ;            ;          ; VCCINT                                                    ; power  ;              ; 1.2V    ; --         ;                 ; --       ; --           ;
; F8       ; 219        ; 8        ; data_bus[11]                                              ; input  ; 3.3-V LVTTL  ;         ; Column I/O ; Y               ; no       ; Off          ;
; F9       ; 197        ; 7        ; RESERVED_INPUT_WITH_WEAK_PULLUP                           ;        ;              ;         ; Column I/O ;                 ; no       ; On           ;
; F10      ;            ;          ; GND                                                       ; gnd    ;              ;         ; --         ;                 ; --       ; --           ;
; F11      ;            ;          ; VCCINT                                                    ; power  ;              ; 1.2V    ; --         ;                 ; --       ; --           ;
; F12      ;            ; --       ; VCCA2                                                     ; power  ;              ; 2.5V    ; --         ;                 ; --       ; --           ;
; F13      ; 161        ; 6        ; RESERVED_INPUT_WITH_WEAK_PULLUP                           ;        ;              ;         ; Row I/O    ;                 ; no       ; On           ;
; F14      ; 167        ; 6        ; VGA_G[5]                                                  ; output ; 3.3-V LVTTL  ;         ; Row I/O    ; Y               ; no       ; Off          ;
; F15      ; 163        ; 6        ; VGA_G[4]                                                  ; output ; 3.3-V LVTTL  ;         ; Row I/O    ; Y               ; no       ; Off          ;
; F16      ; 162        ; 6        ; VGA_R[1]                                                  ; output ; 3.3-V LVTTL  ;         ; Row I/O    ; Y               ; no       ; Off          ;
; G1       ; 16         ; 1        ; SDRAM_DQ[1]                                               ; bidir  ; 3.3-V LVTTL  ;         ; Row I/O    ; Y               ; no       ; Off          ;
; G2       ; 15         ; 1        ; SDRAM_DQ[0]                                               ; bidir  ; 3.3-V LVTTL  ;         ; Row I/O    ; Y               ; no       ; Off          ;
; G3       ;            ; 1        ; VCCIO1                                                    ; power  ;              ; 3.3V    ; --         ;                 ; --       ; --           ;
; G4       ;            ;          ; GND                                                       ; gnd    ;              ;         ; --         ;                 ; --       ; --           ;
; G5       ; 12         ; 1        ; RESERVED_INPUT_WITH_WEAK_PULLUP                           ;        ;              ;         ; Row I/O    ;                 ; no       ; On           ;
; G6       ;            ;          ; VCCINT                                                    ; power  ;              ; 1.2V    ; --         ;                 ; --       ; --           ;
; G7       ;            ;          ; VCCINT                                                    ; power  ;              ; 1.2V    ; --         ;                 ; --       ; --           ;
; G8       ;            ;          ; VCCINT                                                    ; power  ;              ; 1.2V    ; --         ;                 ; --       ; --           ;
; G9       ;            ;          ; VCCINT                                                    ; power  ;              ; 1.2V    ; --         ;                 ; --       ; --           ;
; G10      ;            ;          ; VCCINT                                                    ; power  ;              ; 1.2V    ; --         ;                 ; --       ; --           ;
; G11      ;            ;          ; GND                                                       ; gnd    ;              ;         ; --         ;                 ; --       ; --           ;
; G12      ; 155        ; 6        ; ^MSEL2                                                    ;        ;              ;         ; --         ;                 ; --       ; --           ;
; G12      ; 156        ; 6        ; ^MSEL3                                                    ;        ;              ;         ; --         ;                 ; --       ; --           ;
; G13      ;            ;          ; GND                                                       ; gnd    ;              ;         ; --         ;                 ; --       ; --           ;
; G14      ;            ; 6        ; VCCIO6                                                    ; power  ;              ; 3.3V    ; --         ;                 ; --       ; --           ;
; G15      ; 160        ; 6        ; VGA_VSYNC                                                 ; output ; 3.3-V LVTTL  ;         ; Row I/O    ; Y               ; no       ; Off          ;
; G16      ; 159        ; 6        ; VGA_R[0]                                                  ; output ; 3.3-V LVTTL  ;         ; Row I/O    ; Y               ; no       ; Off          ;
; H1       ; 17         ; 1        ; ~ALTERA_DCLK~                                             ; output ; 3.3-V LVTTL  ;         ; Row I/O    ; N               ; no       ; On           ;
; H2       ; 18         ; 1        ; ~ALTERA_DATA0~ / RESERVED_INPUT_WITH_WEAK_PULLUP          ; input  ; 3.3-V LVTTL  ;         ; Row I/O    ; N               ; no       ; On           ;
; H3       ; 21         ; 1        ; #TCK                                                      ; input  ;              ;         ; --         ;                 ; --       ; --           ;
; H4       ; 20         ; 1        ; #TDI                                                      ; input  ;              ;         ; --         ;                 ; --       ; --           ;
; H5       ; 19         ; 1        ; ^nCONFIG                                                  ;        ;              ;         ; --         ;                 ; --       ; --           ;
; H6       ;            ;          ; VCCINT                                                    ; power  ;              ; 1.2V    ; --         ;                 ; --       ; --           ;
; H7       ;            ;          ; GND                                                       ; gnd    ;              ;         ; --         ;                 ; --       ; --           ;
; H8       ;            ;          ; GND                                                       ; gnd    ;              ;         ; --         ;                 ; --       ; --           ;
; H9       ;            ;          ; GND                                                       ; gnd    ;              ;         ; --         ;                 ; --       ; --           ;
; H10      ;            ;          ; GND                                                       ; gnd    ;              ;         ; --         ;                 ; --       ; --           ;
; H11      ;            ;          ; VCCINT                                                    ; power  ;              ; 1.2V    ; --         ;                 ; --       ; --           ;
; H12      ; 154        ; 6        ; ^MSEL1                                                    ;        ;              ;         ; --         ;                 ; --       ; --           ;
; H13      ; 153        ; 6        ; ^MSEL0                                                    ;        ;              ;         ; --         ;                 ; --       ; --           ;
; H14      ; 152        ; 6        ; ^CONF_DONE                                                ;        ;              ;         ; --         ;                 ; --       ; --           ;
; H15      ;            ;          ; GND                                                       ; gnd    ;              ;         ; --         ;                 ; --       ; --           ;
; H16      ;            ;          ; GND                                                       ; gnd    ;              ;         ; --         ;                 ; --       ; --           ;
; J1       ; 30         ; 2        ; SDRAM_DQ[6]                                               ; bidir  ; 3.3-V LVTTL  ;         ; Row I/O    ; Y               ; no       ; Off          ;
; J2       ; 29         ; 2        ; SDRAM_DQ[5]                                               ; bidir  ; 3.3-V LVTTL  ;         ; Row I/O    ; Y               ; no       ; Off          ;
; J3       ; 24         ; 1        ; ^nCE                                                      ;        ;              ;         ; --         ;                 ; --       ; --           ;
; J4       ; 23         ; 1        ; #TDO                                                      ; output ;              ;         ; --         ;                 ; --       ; --           ;
; J5       ; 22         ; 1        ; #TMS                                                      ; input  ;              ;         ; --         ;                 ; --       ; --           ;
; J6       ;            ;          ; VCCINT                                                    ; power  ;              ; 1.2V    ; --         ;                 ; --       ; --           ;
; J7       ;            ;          ; GND                                                       ; gnd    ;              ;         ; --         ;                 ; --       ; --           ;
; J8       ;            ;          ; GND                                                       ; gnd    ;              ;         ; --         ;                 ; --       ; --           ;
; J9       ;            ;          ; GND                                                       ; gnd    ;              ;         ; --         ;                 ; --       ; --           ;
; J10      ;            ;          ; GND                                                       ; gnd    ;              ;         ; --         ;                 ; --       ; --           ;
; J11      ;            ;          ; GND                                                       ; gnd    ;              ;         ; --         ;                 ; --       ; --           ;
; J12      ;            ;          ; VCCINT                                                    ; power  ;              ; 1.2V    ; --         ;                 ; --       ; --           ;
; J13      ; 146        ; 5        ; RESERVED_INPUT_WITH_WEAK_PULLUP                           ;        ;              ;         ; Row I/O    ;                 ; no       ; On           ;
; J14      ; 144        ; 5        ; RESERVED_INPUT_WITH_WEAK_PULLUP                           ;        ;              ;         ; Row I/O    ;                 ; no       ; On           ;
; J15      ; 143        ; 5        ; KEY[0]                                                    ; input  ; 3.3-V LVTTL  ;         ; Row I/O    ; Y               ; no       ; Off          ;
; J16      ; 142        ; 5        ; RESERVED_INPUT_WITH_WEAK_PULLUP                           ;        ;              ;         ; Row I/O    ;                 ; no       ; On           ;
; K1       ; 37         ; 2        ; SDRAM_DQ[15]                                              ; bidir  ; 3.3-V LVTTL  ;         ; Row I/O    ; Y               ; no       ; Off          ;
; K2       ; 36         ; 2        ; SDRAM_DQ[4]                                               ; bidir  ; 3.3-V LVTTL  ;         ; Row I/O    ; Y               ; no       ; Off          ;
; K3       ;            ; 2        ; VCCIO2                                                    ; power  ;              ; 3.3V    ; --         ;                 ; --       ; --           ;
; K4       ;            ;          ; GND                                                       ; gnd    ;              ;         ; --         ;                 ; --       ; --           ;
; K5       ; 45         ; 2        ; SDRAM_DQ[3]                                               ; bidir  ; 3.3-V LVTTL  ;         ; Row I/O    ; Y               ; no       ; Off          ;
; K6       ;            ;          ; GND                                                       ; gnd    ;              ;         ; --         ;                 ; --       ; --           ;
; K7       ;            ;          ; VCCINT                                                    ; power  ;              ; 1.2V    ; --         ;                 ; --       ; --           ;
; K8       ;            ;          ; GND                                                       ; gnd    ;              ;         ; --         ;                 ; --       ; --           ;
; K9       ;            ;          ; VCCINT                                                    ; power  ;              ; 1.2V    ; --         ;                 ; --       ; --           ;
; K10      ;            ;          ; VCCINT                                                    ; power  ;              ; 1.2V    ; --         ;                 ; --       ; --           ;
; K11      ;            ;          ; VCCINT                                                    ; power  ;              ; 1.2V    ; --         ;                 ; --       ; --           ;
; K12      ;            ;          ; GND                                                       ; gnd    ;              ;         ; --         ;                 ; --       ; --           ;
; K13      ;            ;          ; GND                                                       ; gnd    ;              ;         ; --         ;                 ; --       ; --           ;
; K14      ;            ; 5        ; VCCIO5                                                    ; power  ;              ; 3.3V    ; --         ;                 ; --       ; --           ;
; K15      ; 141        ; 5        ; RESERVED_INPUT_WITH_WEAK_PULLUP                           ;        ;              ;         ; Row I/O    ;                 ; no       ; On           ;
; K16      ; 140        ; 5        ; RESERVED_INPUT_WITH_WEAK_PULLUP                           ;        ;              ;         ; Row I/O    ;                 ; no       ; On           ;
; L1       ; 39         ; 2        ; SDRAM_CAS_N                                               ; output ; 3.3-V LVTTL  ;         ; Row I/O    ; Y               ; no       ; Off          ;
; L2       ; 38         ; 2        ; SDRAM_RAS_N                                               ; output ; 3.3-V LVTTL  ;         ; Row I/O    ; Y               ; no       ; Off          ;
; L3       ; 40         ; 2        ; RESERVED_INPUT_WITH_WEAK_PULLUP                           ;        ;              ;         ; Row I/O    ;                 ; --       ; --           ;
; L4       ; 46         ; 2        ; SDRAM_ADDR[12]                                            ; output ; 3.3-V LVTTL  ;         ; Row I/O    ; Y               ; no       ; Off          ;
; L5       ;            ; --       ; VCCA1                                                     ; power  ;              ; 2.5V    ; --         ;                 ; --       ; --           ;
; L6       ;            ;          ; VCCINT                                                    ; power  ;              ; 1.2V    ; --         ;                 ; --       ; --           ;
; L7       ; 75         ; 3        ; SDRAM_CKE                                                 ; output ; 3.3-V LVTTL  ;         ; Column I/O ; Y               ; no       ; Off          ;
; L8       ; 79         ; 3        ; SDRAM_DQ[2]                                               ; bidir  ; 3.3-V LVTTL  ;         ; Column I/O ; Y               ; no       ; Off          ;
; L9       ;            ;          ; GND                                                       ; gnd    ;              ;         ; --         ;                 ; --       ; --           ;
; L10      ;            ;          ; GND                                                       ; gnd    ;              ;         ; --         ;                 ; --       ; --           ;
; L11      ;            ;          ; GND                                                       ; gnd    ;              ;         ; --         ;                 ; --       ; --           ;
; L12      ;            ; --       ; VCCA4                                                     ; power  ;              ; 2.5V    ; --         ;                 ; --       ; --           ;
; L13      ; 136        ; 5        ; RESERVED_INPUT_WITH_WEAK_PULLUP                           ;        ;              ;         ; Row I/O    ;                 ; no       ; On           ;
; L14      ; 134        ; 5        ; RESERVED_INPUT_WITH_WEAK_PULLUP                           ;        ;              ;         ; Row I/O    ;                 ; --       ; --           ;
; L15      ; 138        ; 5        ; RESERVED_INPUT_WITH_WEAK_PULLUP                           ;        ;              ;         ; Row I/O    ;                 ; no       ; On           ;
; L16      ; 137        ; 5        ; RESERVED_INPUT_WITH_WEAK_PULLUP                           ;        ;              ;         ; Row I/O    ;                 ; no       ; On           ;
; M1       ; 28         ; 2        ; GND+                                                      ;        ;              ;         ; Row I/O    ;                 ; --       ; --           ;
; M2       ; 27         ; 2        ; GND+                                                      ;        ;              ;         ; Row I/O    ;                 ; --       ; --           ;
; M3       ;            ; 2        ; VCCIO2                                                    ; power  ;              ; 3.3V    ; --         ;                 ; --       ; --           ;
; M4       ;            ;          ; GND                                                       ; gnd    ;              ;         ; --         ;                 ; --       ; --           ;
; M5       ;            ;          ; GNDA1                                                     ; gnd    ;              ;         ; --         ;                 ; --       ; --           ;
; M6       ; 64         ; 3        ; SDRAM_BA_1                                                ; output ; 3.3-V LVTTL  ;         ; Column I/O ; Y               ; no       ; Off          ;
; M7       ; 68         ; 3        ; SDRAM_BA_0                                                ; output ; 3.3-V LVTTL  ;         ; Column I/O ; Y               ; no       ; Off          ;
; M8       ; 81         ; 3        ; SDRAM_ADDR[3]                                             ; output ; 3.3-V LVTTL  ;         ; Column I/O ; Y               ; no       ; Off          ;
; M9       ;            ;          ; VCCINT                                                    ; power  ;              ; 1.2V    ; --         ;                 ; --       ; --           ;
; M10      ; 111        ; 4        ; RESERVED_INPUT_WITH_WEAK_PULLUP                           ;        ;              ;         ; Column I/O ;                 ; no       ; On           ;
; M11      ;            ;          ; VCCINT                                                    ; power  ;              ; 1.2V    ; --         ;                 ; --       ; --           ;
; M12      ;            ;          ; GNDA4                                                     ; gnd    ;              ;         ; --         ;                 ; --       ; --           ;
; M13      ;            ;          ; GND                                                       ; gnd    ;              ;         ; --         ;                 ; --       ; --           ;
; M14      ;            ; 5        ; VCCIO5                                                    ; power  ;              ; 3.3V    ; --         ;                 ; --       ; --           ;
; M15      ; 149        ; 5        ; GND+                                                      ;        ;              ;         ; Row I/O    ;                 ; --       ; --           ;
; M16      ; 148        ; 5        ; GND+                                                      ;        ;              ;         ; Row I/O    ;                 ; --       ; --           ;
; N1       ; 44         ; 2        ; SDRAM_ADDR[11]                                            ; output ; 3.3-V LVTTL  ;         ; Row I/O    ; Y               ; no       ; Off          ;
; N2       ; 43         ; 2        ; SDRAM_ADDR[10]                                            ; output ; 3.3-V LVTTL  ;         ; Row I/O    ; Y               ; no       ; Off          ;
; N3       ; 52         ; 3        ; SDRAM_DQ[14]                                              ; bidir  ; 3.3-V LVTTL  ;         ; Column I/O ; Y               ; no       ; Off          ;
; N4       ;            ;          ; VCCD_PLL1                                                 ; power  ;              ; 1.2V    ; --         ;                 ; --       ; --           ;
; N5       ; 62         ; 3        ; SDRAM_ADDR[1]                                             ; output ; 3.3-V LVTTL  ;         ; Column I/O ; Y               ; no       ; Off          ;
; N6       ; 63         ; 3        ; SDRAM_ADDR[2]                                             ; output ; 3.3-V LVTTL  ;         ; Column I/O ; Y               ; no       ; Off          ;
; N7       ;            ;          ; GND                                                       ; gnd    ;              ;         ; --         ;                 ; --       ; --           ;
; N8       ; 82         ; 3        ; SDRAM_ADDR[6]                                             ; output ; 3.3-V LVTTL  ;         ; Column I/O ; Y               ; no       ; Off          ;
; N9       ; 93         ; 4        ; VGA_G[1]                                                  ; output ; 3.3-V LVTTL  ;         ; Column I/O ; N               ; no       ; Off          ;
; N10      ;            ;          ; GND                                                       ; gnd    ;              ;         ; --         ;                 ; --       ; --           ;
; N11      ; 112        ; 4        ; RESERVED_INPUT_WITH_WEAK_PULLUP                           ;        ;              ;         ; Column I/O ;                 ; no       ; On           ;
; N12      ; 117        ; 4        ; TMS_i                                                     ; input  ; 2.5 V        ;         ; Column I/O ; N               ; no       ; Off          ;
; N13      ;            ;          ; VCCD_PLL4                                                 ; power  ;              ; 1.2V    ; --         ;                 ; --       ; --           ;
; N14      ; 126        ; 5        ; RESERVED_INPUT_WITH_WEAK_PULLUP                           ;        ;              ;         ; Row I/O    ;                 ; no       ; On           ;
; N15      ; 133        ; 5        ; RESERVED_INPUT_WITH_WEAK_PULLUP                           ;        ;              ;         ; Row I/O    ;                 ; no       ; On           ;
; N16      ; 132        ; 5        ; RESERVED_INPUT_WITH_WEAK_PULLUP                           ;        ;              ;         ; Row I/O    ;                 ; no       ; On           ;
; P1       ; 51         ; 2        ; SDRAM_ADDR[9]                                             ; output ; 3.3-V LVTTL  ;         ; Row I/O    ; Y               ; no       ; Off          ;
; P2       ; 50         ; 2        ; SDRAM_ADDR[0]                                             ; output ; 3.3-V LVTTL  ;         ; Row I/O    ; Y               ; no       ; Off          ;
; P3       ; 53         ; 3        ; SDRAM_DQ[13]                                              ; bidir  ; 3.3-V LVTTL  ;         ; Column I/O ; Y               ; no       ; Off          ;
; P4       ;            ; 3        ; VCCIO3                                                    ; power  ;              ; 3.3V    ; --         ;                 ; --       ; --           ;
; P5       ;            ;          ; GND                                                       ; gnd    ;              ;         ; --         ;                 ; --       ; --           ;
; P6       ; 67         ; 3        ; SDRAM_CS_N                                                ; output ; 3.3-V LVTTL  ;         ; Column I/O ; Y               ; no       ; Off          ;
; P7       ;            ; 3        ; VCCIO3                                                    ; power  ;              ; 3.3V    ; --         ;                 ; --       ; --           ;
; P8       ; 85         ; 3        ; SDRAM_ADDR[4]                                             ; output ; 3.3-V LVTTL  ;         ; Column I/O ; Y               ; no       ; Off          ;
; P9       ; 105        ; 4        ; RESERVED_INPUT_WITH_WEAK_PULLUP                           ;        ;              ;         ; Column I/O ;                 ; no       ; On           ;
; P10      ;            ; 4        ; VCCIO4                                                    ; power  ;              ; 3.3V    ; --         ;                 ; --       ; --           ;
; P11      ; 106        ; 4        ; RESERVED_INPUT_WITH_WEAK_PULLUP                           ;        ;              ;         ; Column I/O ;                 ; --       ; --           ;
; P12      ;            ;          ; GND                                                       ; gnd    ;              ;         ; --         ;                 ; --       ; --           ;
; P13      ;            ; 4        ; VCCIO4                                                    ; power  ;              ; 3.3V    ; --         ;                 ; --       ; --           ;
; P14      ; 119        ; 4        ; RESERVED_INPUT_WITH_WEAK_PULLUP                           ;        ;              ;         ; Column I/O ;                 ; no       ; On           ;
; P15      ; 127        ; 5        ; RESERVED_INPUT_WITH_WEAK_PULLUP                           ;        ;              ;         ; Row I/O    ;                 ; no       ; On           ;
; P16      ; 128        ; 5        ; RESERVED_INPUT_WITH_WEAK_PULLUP                           ;        ;              ;         ; Row I/O    ;                 ; no       ; On           ;
; R1       ; 49         ; 2        ; SDRAM_ADDR[8]                                             ; output ; 3.3-V LVTTL  ;         ; Row I/O    ; Y               ; no       ; Off          ;
; R2       ;            ;          ; GND                                                       ; gnd    ;              ;         ; --         ;                 ; --       ; --           ;
; R3       ; 54         ; 3        ; SDRAM_DQ[11]                                              ; bidir  ; 3.3-V LVTTL  ;         ; Column I/O ; Y               ; no       ; Off          ;
; R4       ; 60         ; 3        ; SDRAM_CLK                                                 ; output ; 3.3-V LVTTL  ;         ; Column I/O ; Y               ; no       ; Off          ;
; R5       ; 71         ; 3        ; SDRAM_DQ[12]                                              ; bidir  ; 3.3-V LVTTL  ;         ; Column I/O ; Y               ; no       ; Off          ;
; R6       ; 73         ; 3        ; SDRAM_DQML                                                ; output ; 3.3-V LVTTL  ;         ; Column I/O ; Y               ; no       ; Off          ;
; R7       ; 76         ; 3        ; SDRAM_DQ[7]                                               ; bidir  ; 3.3-V LVTTL  ;         ; Column I/O ; Y               ; no       ; Off          ;
; R8       ; 86         ; 3        ; CLOCK_50                                                  ; input  ; 3.3-V LVTTL  ;         ; Column I/O ; Y               ; no       ; Off          ;
; R9       ; 88         ; 4        ; GND+                                                      ;        ;              ;         ; Column I/O ;                 ; --       ; --           ;
; R10      ; 96         ; 4        ; VGA_G[0]                                                  ; output ; 3.3-V LVTTL  ;         ; Column I/O ; N               ; no       ; Off          ;
; R11      ; 98         ; 4        ; VGA_B[1]                                                  ; output ; 3.3-V LVTTL  ;         ; Column I/O ; N               ; no       ; Off          ;
; R12      ; 100        ; 4        ; RESERVED_INPUT_WITH_WEAK_PULLUP                           ;        ;              ;         ; Column I/O ;                 ; no       ; On           ;
; R13      ; 107        ; 4        ; nTRST_i                                                   ; input  ; 2.5 V        ;         ; Column I/O ; N               ; no       ; Off          ;
; R14      ; 120        ; 4        ; RESERVED_INPUT_WITH_WEAK_PULLUP                           ;        ;              ;         ; Column I/O ;                 ; no       ; On           ;
; R15      ;            ;          ; GND                                                       ; gnd    ;              ;         ; --         ;                 ; --       ; --           ;
; R16      ; 129        ; 5        ; RESERVED_INPUT_WITH_WEAK_PULLUP                           ;        ;              ;         ; Row I/O    ;                 ; no       ; On           ;
; T1       ;            ; 3        ; VCCIO3                                                    ; power  ;              ; 3.3V    ; --         ;                 ; --       ; --           ;
; T2       ; 59         ; 3        ; SDRAM_DQ[9]                                               ; bidir  ; 3.3-V LVTTL  ;         ; Column I/O ; Y               ; no       ; Off          ;
; T3       ; 55         ; 3        ; SDRAM_DQ[10]                                              ; bidir  ; 3.3-V LVTTL  ;         ; Column I/O ; Y               ; no       ; Off          ;
; T4       ; 61         ; 3        ; SDRAM_DQ[8]                                               ; bidir  ; 3.3-V LVTTL  ;         ; Column I/O ; Y               ; no       ; Off          ;
; T5       ; 72         ; 3        ; SDRAM_DQMU                                                ; output ; 3.3-V LVTTL  ;         ; Column I/O ; Y               ; no       ; Off          ;
; T6       ; 74         ; 3        ; SDRAM_ADDR[7]                                             ; output ; 3.3-V LVTTL  ;         ; Column I/O ; Y               ; no       ; Off          ;
; T7       ; 77         ; 3        ; SDRAM_ADDR[5]                                             ; output ; 3.3-V LVTTL  ;         ; Column I/O ; Y               ; no       ; Off          ;
; T8       ; 87         ; 3        ; GND+                                                      ;        ;              ;         ; Column I/O ;                 ; --       ; --           ;
; T9       ; 89         ; 4        ; GND+                                                      ;        ;              ;         ; Column I/O ;                 ; --       ; --           ;
; T10      ; 97         ; 4        ; VGA_G[2]                                                  ; output ; 3.3-V LVTTL  ;         ; Column I/O ; N               ; no       ; Off          ;
; T11      ; 99         ; 4        ; VGA_B[0]                                                  ; output ; 3.3-V LVTTL  ;         ; Column I/O ; N               ; no       ; Off          ;
; T12      ; 101        ; 4        ; RESERVED_INPUT_WITH_WEAK_PULLUP                           ;        ;              ;         ; Column I/O ;                 ; no       ; On           ;
; T13      ; 108        ; 4        ; RESERVED_INPUT_WITH_WEAK_PULLUP                           ;        ;              ;         ; Column I/O ;                 ; no       ; On           ;
; T14      ; 115        ; 4        ; TDI_i                                                     ; input  ; 2.5 V        ;         ; Column I/O ; N               ; no       ; Off          ;
; T15      ; 116        ; 4        ; RESERVED_INPUT_WITH_WEAK_PULLUP                           ;        ;              ;         ; Column I/O ;                 ; no       ; On           ;
; T16      ;            ; 4        ; VCCIO4                                                    ; power  ;              ; 3.3V    ; --         ;                 ; --       ; --           ;
+----------+------------+----------+-----------------------------------------------------------+--------+--------------+---------+------------+-----------------+----------+--------------+
Note: Pin directions (input, output or bidir) are based on device operating in user mode.


+-----------------------------------------------------------------------------------------------------------------+
; PLL Summary                                                                                                     ;
+-------------------------------+---------------------------------------------------------------------------------+
; Name                          ; pll_vga:inst_pll_vga|altpll:altpll_component|pll_vga_altpll:auto_generated|pll1 ;
+-------------------------------+---------------------------------------------------------------------------------+
; SDC pin name                  ; inst_pll_vga|altpll_component|auto_generated|pll1                               ;
; PLL mode                      ; Normal                                                                          ;
; Compensate clock              ; clock0                                                                          ;
; Compensated input/output pins ; --                                                                              ;
; Switchover type               ; --                                                                              ;
; Input frequency 0             ; 50.0 MHz                                                                        ;
; Input frequency 1             ; --                                                                              ;
; Nominal PFD frequency         ; 10.0 MHz                                                                        ;
; Nominal VCO frequency         ; 1260.0 MHz                                                                      ;
; VCO post scale K counter      ; --                                                                              ;
; VCO frequency control         ; Auto                                                                            ;
; VCO phase shift step          ; 99 ps                                                                           ;
; VCO multiply                  ; --                                                                              ;
; VCO divide                    ; --                                                                              ;
; Freq min lock                 ; 27.0 MHz                                                                        ;
; Freq max lock                 ; 51.6 MHz                                                                        ;
; M VCO Tap                     ; 0                                                                               ;
; M Initial                     ; 1                                                                               ;
; M value                       ; 126                                                                             ;
; N value                       ; 5                                                                               ;
; Charge pump current           ; setting 1                                                                       ;
; Loop filter resistance        ; setting 16                                                                      ;
; Loop filter capacitance       ; setting 0                                                                       ;
; Bandwidth                     ; 340 kHz to 540 kHz                                                              ;
; Bandwidth type                ; Medium                                                                          ;
; Real time reconfigurable      ; Off                                                                             ;
; Scan chain MIF file           ; --                                                                              ;
; Preserve PLL counter order    ; Off                                                                             ;
; PLL location                  ; PLL_4                                                                           ;
; Inclk0 signal                 ; CLOCK_50                                                                        ;
; Inclk1 signal                 ; --                                                                              ;
; Inclk0 signal type            ; Dedicated Pin                                                                   ;
; Inclk1 signal type            ; --                                                                              ;
+-------------------------------+---------------------------------------------------------------------------------+


+--------------------------------------------------------------------------------------------------------------------------------------------------------------------------------------------------------------------------------------------------------------------------------------------------------------------------------+
; PLL Usage                                                                                                                                                                                                                                                                                                                      ;
+---------------------------------------------------------------------------------------------+--------------+------+-----+------------------+-------------+------------------+------------+---------+---------------+------------+---------------+---------+---------+----------------------------------------------------------+
; Name                                                                                        ; Output Clock ; Mult ; Div ; Output Frequency ; Phase Shift ; Phase Shift Step ; Duty Cycle ; Counter ; Counter Value ; High / Low ; Cascade Input ; Initial ; VCO Tap ; SDC Pin Name                                             ;
+---------------------------------------------------------------------------------------------+--------------+------+-----+------------------+-------------+------------------+------------+---------+---------------+------------+---------------+---------+---------+----------------------------------------------------------+
; pll_vga:inst_pll_vga|altpll:altpll_component|pll_vga_altpll:auto_generated|wire_pll1_clk[0] ; clock0       ; 14   ; 5   ; 140.0 MHz        ; 0 (0 ps)    ; 5.00 (99 ps)     ; 50/50      ; C0      ; 9             ; 5/4 Odd    ; --            ; 1       ; 0       ; inst_pll_vga|altpll_component|auto_generated|pll1|clk[0] ;
; pll_vga:inst_pll_vga|altpll:altpll_component|pll_vga_altpll:auto_generated|wire_pll1_clk[1] ; clock1       ; 63   ; 125 ; 25.2 MHz         ; 0 (0 ps)    ; 0.90 (99 ps)     ; 50/50      ; C2      ; 50            ; 25/25 Even ; --            ; 1       ; 0       ; inst_pll_vga|altpll_component|auto_generated|pll1|clk[1] ;
; pll_vga:inst_pll_vga|altpll:altpll_component|pll_vga_altpll:auto_generated|wire_pll1_clk[2] ; clock2       ; 14   ; 5   ; 140.0 MHz        ; 40 (794 ps) ; 5.00 (99 ps)     ; 50/50      ; C1      ; 9             ; 5/4 Odd    ; --            ; 2       ; 0       ; inst_pll_vga|altpll_component|auto_generated|pll1|clk[2] ;
+---------------------------------------------------------------------------------------------+--------------+------+-----+------------------+-------------+------------------+------------+---------+---------------+------------+---------------+---------+---------+----------------------------------------------------------+


+-------------------------------------------+
; I/O Assignment Warnings                   ;
+-----------+-------------------------------+
; Pin Name  ; Reason                        ;
+-----------+-------------------------------+
; nTRST_i   ; Incomplete set of assignments ;
; TCK_i     ; Incomplete set of assignments ;
; TDI_i     ; Incomplete set of assignments ;
; TDO_o     ; Incomplete set of assignments ;
; TMS_i     ; Incomplete set of assignments ;
; busy      ; Missing drive strength        ;
; VGA_G[0]  ; Missing drive strength        ;
; VGA_G[1]  ; Missing drive strength        ;
; VGA_G[2]  ; Missing drive strength        ;
; VGA_G[3]  ; Missing drive strength        ;
; VGA_G[4]  ; Missing drive strength        ;
; VGA_G[5]  ; Missing drive strength        ;
; VGA_B[0]  ; Missing drive strength        ;
; VGA_B[1]  ; Missing drive strength        ;
; VGA_B[2]  ; Missing drive strength        ;
; VGA_B[3]  ; Missing drive strength        ;
; VGA_B[4]  ; Missing drive strength        ;
; VGA_HSYNC ; Missing drive strength        ;
; VGA_VSYNC ; Missing drive strength        ;
; nTRST_i   ; Missing location assignment   ;
; TCK_i     ; Missing location assignment   ;
; TDI_i     ; Missing location assignment   ;
; TDO_o     ; Missing location assignment   ;
; TMS_i     ; Missing location assignment   ;
; VGA_G[0]  ; Missing location assignment   ;
; VGA_G[1]  ; Missing location assignment   ;
; VGA_G[2]  ; Missing location assignment   ;
; VGA_B[0]  ; Missing location assignment   ;
; VGA_B[1]  ; Missing location assignment   ;
+-----------+-------------------------------+


+---------------------------------------------------------------------------------------------------------------------------------------------------------------------------------------------------------------------------------------------------------------------------------------------------------------------------------------------------------------------------------------------------------------------------------------------------------+
; Fitter Resource Utilization by Entity                                                                                                                                                                                                                                                                                                                                                                                                                   ;
+-------------------------------------------------+-------------+---------------------------+---------------+-------------+------+--------------+---------+-----------+------+--------------+--------------+-------------------+------------------+-------------------------------------------------------------------------------------------------------------------------------------------------------------------+--------------------+--------------+
; Compilation Hierarchy Node                      ; Logic Cells ; Dedicated Logic Registers ; I/O Registers ; Memory Bits ; M9Ks ; DSP Elements ; DSP 9x9 ; DSP 18x18 ; Pins ; Virtual Pins ; LUT-Only LCs ; Register-Only LCs ; LUT/Register LCs ; Full Hierarchy Name                                                                                                                                               ; Entity Name        ; Library Name ;
+-------------------------------------------------+-------------+---------------------------+---------------+-------------+------+--------------+---------+-----------+------+--------------+--------------+-------------------+------------------+-------------------------------------------------------------------------------------------------------------------------------------------------------------------+--------------------+--------------+
; |top                                            ; 531 (1)     ; 377 (0)                   ; 34 (34)       ; 26624       ; 4    ; 0            ; 0       ; 0         ; 87   ; 0            ; 154 (1)      ; 148 (0)           ; 229 (0)          ; |top                                                                                                                                                              ; top                ; work         ;
;    |DCLK_BUF:u_dram_clk_gen|                    ; 0 (0)       ; 0 (0)                     ; 0 (0)         ; 0           ; 0    ; 0            ; 0       ; 0         ; 0    ; 0            ; 0 (0)        ; 0 (0)             ; 0 (0)            ; |top|DCLK_BUF:u_dram_clk_gen                                                                                                                                      ; DCLK_BUF           ; work         ;
;       |altddio_out:ALTDDIO_OUT_component|       ; 0 (0)       ; 0 (0)                     ; 0 (0)         ; 0           ; 0    ; 0            ; 0       ; 0         ; 0    ; 0            ; 0 (0)        ; 0 (0)             ; 0 (0)            ; |top|DCLK_BUF:u_dram_clk_gen|altddio_out:ALTDDIO_OUT_component                                                                                                    ; altddio_out        ; work         ;
;          |ddio_out_p9j:auto_generated|          ; 0 (0)       ; 0 (0)                     ; 0 (0)         ; 0           ; 0    ; 0            ; 0       ; 0         ; 0    ; 0            ; 0 (0)        ; 0 (0)             ; 0 (0)            ; |top|DCLK_BUF:u_dram_clk_gen|altddio_out:ALTDDIO_OUT_component|ddio_out_p9j:auto_generated                                                                        ; ddio_out_p9j       ; work         ;
;    |pll_vga:inst_pll_vga|                       ; 0 (0)       ; 0 (0)                     ; 0 (0)         ; 0           ; 0    ; 0            ; 0       ; 0         ; 0    ; 0            ; 0 (0)        ; 0 (0)             ; 0 (0)            ; |top|pll_vga:inst_pll_vga                                                                                                                                         ; pll_vga            ; work         ;
;       |altpll:altpll_component|                 ; 0 (0)       ; 0 (0)                     ; 0 (0)         ; 0           ; 0    ; 0            ; 0       ; 0         ; 0    ; 0            ; 0 (0)        ; 0 (0)             ; 0 (0)            ; |top|pll_vga:inst_pll_vga|altpll:altpll_component                                                                                                                 ; altpll             ; work         ;
;          |pll_vga_altpll:auto_generated|        ; 0 (0)       ; 0 (0)                     ; 0 (0)         ; 0           ; 0    ; 0            ; 0       ; 0         ; 0    ; 0            ; 0 (0)        ; 0 (0)             ; 0 (0)            ; |top|pll_vga:inst_pll_vga|altpll:altpll_component|pll_vga_altpll:auto_generated                                                                                   ; pll_vga_altpll     ; work         ;
;    |vga_subsystem_top:inst_vga_subsystem|       ; 530 (121)   ; 377 (93)                  ; 0 (0)         ; 26624       ; 4    ; 0            ; 0       ; 0         ; 0    ; 0            ; 153 (29)     ; 148 (71)          ; 229 (20)         ; |top|vga_subsystem_top:inst_vga_subsystem                                                                                                                         ; vga_subsystem_top  ; work         ;
;       |ram2:read_buffer|                        ; 0 (0)       ; 0 (0)                     ; 0 (0)         ; 16384       ; 2    ; 0            ; 0       ; 0         ; 0    ; 0            ; 0 (0)        ; 0 (0)             ; 0 (0)            ; |top|vga_subsystem_top:inst_vga_subsystem|ram2:read_buffer                                                                                                        ; ram2               ; work         ;
;          |altsyncram:altsyncram_component|      ; 0 (0)       ; 0 (0)                     ; 0 (0)         ; 16384       ; 2    ; 0            ; 0       ; 0         ; 0    ; 0            ; 0 (0)        ; 0 (0)             ; 0 (0)            ; |top|vga_subsystem_top:inst_vga_subsystem|ram2:read_buffer|altsyncram:altsyncram_component                                                                        ; altsyncram         ; work         ;
;             |altsyncram_mno3:auto_generated|    ; 0 (0)       ; 0 (0)                     ; 0 (0)         ; 16384       ; 2    ; 0            ; 0       ; 0         ; 0    ; 0            ; 0 (0)        ; 0 (0)             ; 0 (0)            ; |top|vga_subsystem_top:inst_vga_subsystem|ram2:read_buffer|altsyncram:altsyncram_component|altsyncram_mno3:auto_generated                                         ; altsyncram_mno3    ; work         ;
;       |sdram:sdram_ctrl|                        ; 219 (219)   ; 122 (122)                 ; 0 (0)         ; 0           ; 0    ; 0            ; 0       ; 0         ; 0    ; 0            ; 94 (94)      ; 28 (28)           ; 97 (97)          ; |top|vga_subsystem_top:inst_vga_subsystem|sdram:sdram_ctrl                                                                                                        ; sdram              ; work         ;
;       |vga_fifo:pixel_fifo|                     ; 111 (0)     ; 97 (0)                    ; 0 (0)         ; 10240       ; 2    ; 0            ; 0       ; 0         ; 0    ; 0            ; 14 (0)       ; 43 (0)            ; 54 (0)           ; |top|vga_subsystem_top:inst_vga_subsystem|vga_fifo:pixel_fifo                                                                                                     ; vga_fifo           ; work         ;
;          |dcfifo:dcfifo_component|              ; 111 (0)     ; 97 (0)                    ; 0 (0)         ; 10240       ; 2    ; 0            ; 0       ; 0         ; 0    ; 0            ; 14 (0)       ; 43 (0)            ; 54 (0)           ; |top|vga_subsystem_top:inst_vga_subsystem|vga_fifo:pixel_fifo|dcfifo:dcfifo_component                                                                             ; dcfifo             ; work         ;
;             |dcfifo_eok1:auto_generated|        ; 111 (29)    ; 97 (31)                   ; 0 (0)         ; 10240       ; 2    ; 0            ; 0       ; 0         ; 0    ; 0            ; 14 (1)       ; 43 (14)           ; 54 (6)           ; |top|vga_subsystem_top:inst_vga_subsystem|vga_fifo:pixel_fifo|dcfifo:dcfifo_component|dcfifo_eok1:auto_generated                                                  ; dcfifo_eok1        ; work         ;
;                |a_graycounter_pjc:wrptr_g1p|    ; 17 (17)     ; 13 (13)                   ; 0 (0)         ; 0           ; 0    ; 0            ; 0       ; 0         ; 0    ; 0            ; 4 (4)        ; 1 (1)             ; 12 (12)          ; |top|vga_subsystem_top:inst_vga_subsystem|vga_fifo:pixel_fifo|dcfifo:dcfifo_component|dcfifo_eok1:auto_generated|a_graycounter_pjc:wrptr_g1p                      ; a_graycounter_pjc  ; work         ;
;                |a_graycounter_t57:rdptr_g1p|    ; 18 (18)     ; 13 (13)                   ; 0 (0)         ; 0           ; 0    ; 0            ; 0       ; 0         ; 0    ; 0            ; 4 (4)        ; 1 (1)             ; 13 (13)          ; |top|vga_subsystem_top:inst_vga_subsystem|vga_fifo:pixel_fifo|dcfifo:dcfifo_component|dcfifo_eok1:auto_generated|a_graycounter_t57:rdptr_g1p                      ; a_graycounter_t57  ; work         ;
;                |alt_synch_pipe_0ol:rs_dgwp|     ; 18 (0)      ; 18 (0)                    ; 0 (0)         ; 0           ; 0    ; 0            ; 0       ; 0         ; 0    ; 0            ; 0 (0)        ; 10 (0)            ; 8 (0)            ; |top|vga_subsystem_top:inst_vga_subsystem|vga_fifo:pixel_fifo|dcfifo:dcfifo_component|dcfifo_eok1:auto_generated|alt_synch_pipe_0ol:rs_dgwp                       ; alt_synch_pipe_0ol ; work         ;
;                   |dffpipe_hd9:dffpipe14|       ; 18 (18)     ; 18 (18)                   ; 0 (0)         ; 0           ; 0    ; 0            ; 0       ; 0         ; 0    ; 0            ; 0 (0)        ; 10 (10)           ; 8 (8)            ; |top|vga_subsystem_top:inst_vga_subsystem|vga_fifo:pixel_fifo|dcfifo:dcfifo_component|dcfifo_eok1:auto_generated|alt_synch_pipe_0ol:rs_dgwp|dffpipe_hd9:dffpipe14 ; dffpipe_hd9        ; work         ;
;                |alt_synch_pipe_1ol:ws_dgrp|     ; 18 (0)      ; 18 (0)                    ; 0 (0)         ; 0           ; 0    ; 0            ; 0       ; 0         ; 0    ; 0            ; 0 (0)        ; 17 (0)            ; 1 (0)            ; |top|vga_subsystem_top:inst_vga_subsystem|vga_fifo:pixel_fifo|dcfifo:dcfifo_component|dcfifo_eok1:auto_generated|alt_synch_pipe_1ol:ws_dgrp                       ; alt_synch_pipe_1ol ; work         ;
;                   |dffpipe_id9:dffpipe18|       ; 18 (18)     ; 18 (18)                   ; 0 (0)         ; 0           ; 0    ; 0            ; 0       ; 0         ; 0    ; 0            ; 0 (0)        ; 17 (17)           ; 1 (1)            ; |top|vga_subsystem_top:inst_vga_subsystem|vga_fifo:pixel_fifo|dcfifo:dcfifo_component|dcfifo_eok1:auto_generated|alt_synch_pipe_1ol:ws_dgrp|dffpipe_id9:dffpipe18 ; dffpipe_id9        ; work         ;
;                |altsyncram_7o41:fifo_ram|       ; 0 (0)       ; 0 (0)                     ; 0 (0)         ; 10240       ; 2    ; 0            ; 0       ; 0         ; 0    ; 0            ; 0 (0)        ; 0 (0)             ; 0 (0)            ; |top|vga_subsystem_top:inst_vga_subsystem|vga_fifo:pixel_fifo|dcfifo:dcfifo_component|dcfifo_eok1:auto_generated|altsyncram_7o41:fifo_ram                         ; altsyncram_7o41    ; work         ;
;                |dffpipe_3dc:rdaclr|             ; 2 (2)       ; 2 (2)                     ; 0 (0)         ; 0           ; 0    ; 0            ; 0       ; 0         ; 0    ; 0            ; 0 (0)        ; 0 (0)             ; 2 (2)            ; |top|vga_subsystem_top:inst_vga_subsystem|vga_fifo:pixel_fifo|dcfifo:dcfifo_component|dcfifo_eok1:auto_generated|dffpipe_3dc:rdaclr                               ; dffpipe_3dc        ; work         ;
;                |dffpipe_3dc:wraclr|             ; 2 (2)       ; 2 (2)                     ; 0 (0)         ; 0           ; 0    ; 0            ; 0       ; 0         ; 0    ; 0            ; 0 (0)        ; 0 (0)             ; 2 (2)            ; |top|vga_subsystem_top:inst_vga_subsystem|vga_fifo:pixel_fifo|dcfifo:dcfifo_component|dcfifo_eok1:auto_generated|dffpipe_3dc:wraclr                               ; dffpipe_3dc        ; work         ;
;                |mux_j28:rdemp_eq_comp_lsb_mux|  ; 7 (7)       ; 0 (0)                     ; 0 (0)         ; 0           ; 0    ; 0            ; 0       ; 0         ; 0    ; 0            ; 1 (1)        ; 0 (0)             ; 6 (6)            ; |top|vga_subsystem_top:inst_vga_subsystem|vga_fifo:pixel_fifo|dcfifo:dcfifo_component|dcfifo_eok1:auto_generated|mux_j28:rdemp_eq_comp_lsb_mux                    ; mux_j28            ; work         ;
;                |mux_j28:rdemp_eq_comp_msb_mux|  ; 6 (6)       ; 0 (0)                     ; 0 (0)         ; 0           ; 0    ; 0            ; 0       ; 0         ; 0    ; 0            ; 0 (0)        ; 0 (0)             ; 6 (6)            ; |top|vga_subsystem_top:inst_vga_subsystem|vga_fifo:pixel_fifo|dcfifo:dcfifo_component|dcfifo_eok1:auto_generated|mux_j28:rdemp_eq_comp_msb_mux                    ; mux_j28            ; work         ;
;                |mux_j28:wrfull_eq_comp_lsb_mux| ; 7 (7)       ; 0 (0)                     ; 0 (0)         ; 0           ; 0    ; 0            ; 0       ; 0         ; 0    ; 0            ; 3 (3)        ; 0 (0)             ; 4 (4)            ; |top|vga_subsystem_top:inst_vga_subsystem|vga_fifo:pixel_fifo|dcfifo:dcfifo_component|dcfifo_eok1:auto_generated|mux_j28:wrfull_eq_comp_lsb_mux                   ; mux_j28            ; work         ;
;                |mux_j28:wrfull_eq_comp_msb_mux| ; 6 (6)       ; 0 (0)                     ; 0 (0)         ; 0           ; 0    ; 0            ; 0       ; 0         ; 0    ; 0            ; 1 (1)        ; 0 (0)             ; 5 (5)            ; |top|vga_subsystem_top:inst_vga_subsystem|vga_fifo:pixel_fifo|dcfifo:dcfifo_component|dcfifo_eok1:auto_generated|mux_j28:wrfull_eq_comp_msb_mux                   ; mux_j28            ; work         ;
;       |vgaout:vga_engine|                       ; 81 (81)     ; 65 (65)                   ; 0 (0)         ; 0           ; 0    ; 0            ; 0       ; 0         ; 0    ; 0            ; 16 (16)      ; 6 (6)             ; 59 (59)          ; |top|vga_subsystem_top:inst_vga_subsystem|vgaout:vga_engine                                                                                                       ; vgaout             ; work         ;
+-------------------------------------------------+-------------+---------------------------+---------------+-------------+------+--------------+---------+-----------+------+--------------+--------------+-------------------+------------------+-------------------------------------------------------------------------------------------------------------------------------------------------------------------+--------------------+--------------+
Note: For table entries with two numbers listed, the numbers in parentheses indicate the number of resources of the given type used by the specific entity alone. The numbers listed outside of parentheses indicate the total resources of the given type used by the specific entity and all of its sub-entities in the hierarchy.


+-----------------------------------------------------------------------------------------------------+
; Delay Chain Summary                                                                                 ;
+----------------+----------+---------------+---------------+-----------------------+----------+------+
; Name           ; Pin Type ; Pad to Core 0 ; Pad to Core 1 ; Pad to Input Register ; TCO      ; TCOE ;
+----------------+----------+---------------+---------------+-----------------------+----------+------+
; nTRST_i        ; Input    ; --            ; --            ; --                    ; --       ; --   ;
; TCK_i          ; Input    ; --            ; --            ; --                    ; --       ; --   ;
; TDI_i          ; Input    ; --            ; --            ; --                    ; --       ; --   ;
; TDO_o          ; Output   ; --            ; --            ; --                    ; --       ; --   ;
; TMS_i          ; Input    ; --            ; --            ; --                    ; --       ; --   ;
; busy           ; Output   ; --            ; --            ; --                    ; --       ; --   ;
; SDRAM_CLK      ; Output   ; --            ; --            ; --                    ; (0) 0 ps ; --   ;
; SDRAM_CKE      ; Output   ; --            ; --            ; --                    ; --       ; --   ;
; SDRAM_CS_N     ; Output   ; --            ; --            ; --                    ; --       ; --   ;
; SDRAM_RAS_N    ; Output   ; --            ; --            ; --                    ; (0) 0 ps ; --   ;
; SDRAM_CAS_N    ; Output   ; --            ; --            ; --                    ; (0) 0 ps ; --   ;
; SDRAM_WE_N     ; Output   ; --            ; --            ; --                    ; (0) 0 ps ; --   ;
; SDRAM_DQML     ; Output   ; --            ; --            ; --                    ; --       ; --   ;
; SDRAM_DQMU     ; Output   ; --            ; --            ; --                    ; --       ; --   ;
; SDRAM_ADDR[0]  ; Output   ; --            ; --            ; --                    ; (0) 0 ps ; --   ;
; SDRAM_ADDR[1]  ; Output   ; --            ; --            ; --                    ; (0) 0 ps ; --   ;
; SDRAM_ADDR[2]  ; Output   ; --            ; --            ; --                    ; (0) 0 ps ; --   ;
; SDRAM_ADDR[3]  ; Output   ; --            ; --            ; --                    ; (0) 0 ps ; --   ;
; SDRAM_ADDR[4]  ; Output   ; --            ; --            ; --                    ; (0) 0 ps ; --   ;
; SDRAM_ADDR[5]  ; Output   ; --            ; --            ; --                    ; (0) 0 ps ; --   ;
; SDRAM_ADDR[6]  ; Output   ; --            ; --            ; --                    ; (0) 0 ps ; --   ;
; SDRAM_ADDR[7]  ; Output   ; --            ; --            ; --                    ; (0) 0 ps ; --   ;
; SDRAM_ADDR[8]  ; Output   ; --            ; --            ; --                    ; (0) 0 ps ; --   ;
; SDRAM_ADDR[9]  ; Output   ; --            ; --            ; --                    ; (0) 0 ps ; --   ;
; SDRAM_ADDR[10] ; Output   ; --            ; --            ; --                    ; (0) 0 ps ; --   ;
; SDRAM_ADDR[11] ; Output   ; --            ; --            ; --                    ; (0) 0 ps ; --   ;
; SDRAM_ADDR[12] ; Output   ; --            ; --            ; --                    ; (0) 0 ps ; --   ;
; SDRAM_BA_0     ; Output   ; --            ; --            ; --                    ; --       ; --   ;
; SDRAM_BA_1     ; Output   ; --            ; --            ; --                    ; --       ; --   ;
; VGA_R[0]       ; Output   ; --            ; --            ; --                    ; --       ; --   ;
; VGA_R[1]       ; Output   ; --            ; --            ; --                    ; --       ; --   ;
; VGA_R[2]       ; Output   ; --            ; --            ; --                    ; --       ; --   ;
; VGA_R[3]       ; Output   ; --            ; --            ; --                    ; --       ; --   ;
; VGA_R[4]       ; Output   ; --            ; --            ; --                    ; --       ; --   ;
; VGA_G[0]       ; Output   ; --            ; --            ; --                    ; --       ; --   ;
; VGA_G[1]       ; Output   ; --            ; --            ; --                    ; --       ; --   ;
; VGA_G[2]       ; Output   ; --            ; --            ; --                    ; --       ; --   ;
; VGA_G[3]       ; Output   ; --            ; --            ; --                    ; --       ; --   ;
; VGA_G[4]       ; Output   ; --            ; --            ; --                    ; --       ; --   ;
; VGA_G[5]       ; Output   ; --            ; --            ; --                    ; --       ; --   ;
; VGA_B[0]       ; Output   ; --            ; --            ; --                    ; --       ; --   ;
; VGA_B[1]       ; Output   ; --            ; --            ; --                    ; --       ; --   ;
; VGA_B[2]       ; Output   ; --            ; --            ; --                    ; --       ; --   ;
; VGA_B[3]       ; Output   ; --            ; --            ; --                    ; --       ; --   ;
; VGA_B[4]       ; Output   ; --            ; --            ; --                    ; --       ; --   ;
; VGA_HSYNC      ; Output   ; --            ; --            ; --                    ; --       ; --   ;
; VGA_VSYNC      ; Output   ; --            ; --            ; --                    ; --       ; --   ;
; SDRAM_DQ[0]    ; Bidir    ; --            ; --            ; (0) 0 ps              ; --       ; --   ;
; SDRAM_DQ[1]    ; Bidir    ; --            ; --            ; (0) 0 ps              ; --       ; --   ;
; SDRAM_DQ[2]    ; Bidir    ; --            ; --            ; (0) 0 ps              ; --       ; --   ;
; SDRAM_DQ[3]    ; Bidir    ; --            ; --            ; (0) 0 ps              ; --       ; --   ;
; SDRAM_DQ[4]    ; Bidir    ; --            ; --            ; (0) 0 ps              ; --       ; --   ;
; SDRAM_DQ[5]    ; Bidir    ; --            ; --            ; (0) 0 ps              ; --       ; --   ;
; SDRAM_DQ[6]    ; Bidir    ; --            ; --            ; (0) 0 ps              ; --       ; --   ;
; SDRAM_DQ[7]    ; Bidir    ; --            ; --            ; (0) 0 ps              ; --       ; --   ;
; SDRAM_DQ[8]    ; Bidir    ; --            ; --            ; (0) 0 ps              ; --       ; --   ;
; SDRAM_DQ[9]    ; Bidir    ; --            ; --            ; (0) 0 ps              ; --       ; --   ;
; SDRAM_DQ[10]   ; Bidir    ; --            ; --            ; (0) 0 ps              ; --       ; --   ;
; SDRAM_DQ[11]   ; Bidir    ; --            ; --            ; (0) 0 ps              ; --       ; --   ;
; SDRAM_DQ[12]   ; Bidir    ; --            ; --            ; (0) 0 ps              ; --       ; --   ;
; SDRAM_DQ[13]   ; Bidir    ; --            ; --            ; (0) 0 ps              ; --       ; --   ;
; SDRAM_DQ[14]   ; Bidir    ; --            ; --            ; (0) 0 ps              ; --       ; --   ;
; SDRAM_DQ[15]   ; Bidir    ; --            ; --            ; (0) 0 ps              ; --       ; --   ;
; KEY[0]         ; Input    ; (6) 1314 ps   ; --            ; --                    ; --       ; --   ;
; KEY[1]         ; Input    ; (0) 0 ps      ; --            ; --                    ; --       ; --   ;
; CLOCK_50       ; Input    ; --            ; --            ; --                    ; --       ; --   ;
; data_bus[1]    ; Input    ; (6) 1314 ps   ; --            ; --                    ; --       ; --   ;
; addr_bus[0]    ; Input    ; --            ; (6) 1314 ps   ; --                    ; --       ; --   ;
; addr_bus[2]    ; Input    ; (6) 1314 ps   ; --            ; --                    ; --       ; --   ;
; addr_bus[1]    ; Input    ; (6) 1314 ps   ; --            ; --                    ; --       ; --   ;
; data_bus[2]    ; Input    ; (6) 1314 ps   ; --            ; --                    ; --       ; --   ;
; data_bus[3]    ; Input    ; --            ; (6) 1314 ps   ; --                    ; --       ; --   ;
; data_bus[4]    ; Input    ; (6) 1314 ps   ; --            ; --                    ; --       ; --   ;
; data_bus[0]    ; Input    ; (6) 1314 ps   ; --            ; --                    ; --       ; --   ;
; pixel_stb      ; Input    ; (6) 1314 ps   ; --            ; --                    ; --       ; --   ;
; cmd_stb        ; Input    ; --            ; (6) 1314 ps   ; --                    ; --       ; --   ;
; data_bus[5]    ; Input    ; --            ; (6) 1314 ps   ; --                    ; --       ; --   ;
; data_bus[7]    ; Input    ; --            ; (6) 1314 ps   ; --                    ; --       ; --   ;
; data_bus[9]    ; Input    ; --            ; (6) 1314 ps   ; --                    ; --       ; --   ;
; data_bus[8]    ; Input    ; --            ; (6) 1314 ps   ; --                    ; --       ; --   ;
; data_bus[6]    ; Input    ; (6) 1314 ps   ; --            ; --                    ; --       ; --   ;
; data_bus[10]   ; Input    ; --            ; (6) 1314 ps   ; --                    ; --       ; --   ;
; data_bus[11]   ; Input    ; (6) 1314 ps   ; --            ; --                    ; --       ; --   ;
; data_bus[12]   ; Input    ; (6) 1314 ps   ; --            ; --                    ; --       ; --   ;
; data_bus[13]   ; Input    ; (6) 1314 ps   ; --            ; --                    ; --       ; --   ;
; data_bus[14]   ; Input    ; (6) 1314 ps   ; --            ; --                    ; --       ; --   ;
; data_bus[15]   ; Input    ; (6) 1314 ps   ; --            ; --                    ; --       ; --   ;
+----------------+----------+---------------+---------------+-----------------------+----------+------+


+----------------------------------------------------------------------------------------------------+
; Pad To Core Delay Chain Fanout                                                                     ;
+----------------------------------------------------------------------+-------------------+---------+
; Source Pin / Fanout                                                  ; Pad To Core Index ; Setting ;
+----------------------------------------------------------------------+-------------------+---------+
; nTRST_i                                                              ;                   ;         ;
; TCK_i                                                                ;                   ;         ;
; TDI_i                                                                ;                   ;         ;
; TMS_i                                                                ;                   ;         ;
; SDRAM_DQ[0]                                                          ;                   ;         ;
; SDRAM_DQ[1]                                                          ;                   ;         ;
; SDRAM_DQ[2]                                                          ;                   ;         ;
; SDRAM_DQ[3]                                                          ;                   ;         ;
; SDRAM_DQ[4]                                                          ;                   ;         ;
; SDRAM_DQ[5]                                                          ;                   ;         ;
; SDRAM_DQ[6]                                                          ;                   ;         ;
; SDRAM_DQ[7]                                                          ;                   ;         ;
; SDRAM_DQ[8]                                                          ;                   ;         ;
; SDRAM_DQ[9]                                                          ;                   ;         ;
; SDRAM_DQ[10]                                                         ;                   ;         ;
; SDRAM_DQ[11]                                                         ;                   ;         ;
; SDRAM_DQ[12]                                                         ;                   ;         ;
; SDRAM_DQ[13]                                                         ;                   ;         ;
; SDRAM_DQ[14]                                                         ;                   ;         ;
; SDRAM_DQ[15]                                                         ;                   ;         ;
; KEY[0]                                                               ;                   ;         ;
;      - rstn_i~0                                                      ; 0                 ; 6       ;
; KEY[1]                                                               ;                   ;         ;
; CLOCK_50                                                             ;                   ;         ;
; data_bus[1]                                                          ;                   ;         ;
;      - vga_subsystem_top:inst_vga_subsystem|reg_read_page[1]         ; 0                 ; 6       ;
;      - vga_subsystem_top:inst_vga_subsystem|reg_x[1]~1               ; 0                 ; 6       ;
;      - vga_subsystem_top:inst_vga_subsystem|reg_y[1]~feeder          ; 0                 ; 6       ;
;      - vga_subsystem_top:inst_vga_subsystem|reg_write_page[1]~feeder ; 0                 ; 6       ;
;      - vga_subsystem_top:inst_vga_subsystem|reg_color[1]~feeder      ; 0                 ; 6       ;
; addr_bus[0]                                                          ;                   ;         ;
;      - vga_subsystem_top:inst_vga_subsystem|reg_color[15]~0          ; 1                 ; 6       ;
;      - vga_subsystem_top:inst_vga_subsystem|reg_y[8]~0               ; 1                 ; 6       ;
; addr_bus[2]                                                          ;                   ;         ;
;      - vga_subsystem_top:inst_vga_subsystem|reg_read_page[4]~0       ; 0                 ; 6       ;
;      - vga_subsystem_top:inst_vga_subsystem|reg_x~11                 ; 0                 ; 6       ;
;      - vga_subsystem_top:inst_vga_subsystem|reg_y[8]~1               ; 0                 ; 6       ;
;      - vga_subsystem_top:inst_vga_subsystem|reg_write_page[4]~0      ; 0                 ; 6       ;
;      - vga_subsystem_top:inst_vga_subsystem|reg_mode[0]~0            ; 0                 ; 6       ;
;      - vga_subsystem_top:inst_vga_subsystem|reg_color[15]~1          ; 0                 ; 6       ;
; addr_bus[1]                                                          ;                   ;         ;
;      - vga_subsystem_top:inst_vga_subsystem|reg_read_page[4]~0       ; 0                 ; 6       ;
;      - vga_subsystem_top:inst_vga_subsystem|reg_x~11                 ; 0                 ; 6       ;
;      - vga_subsystem_top:inst_vga_subsystem|reg_y[8]~1               ; 0                 ; 6       ;
;      - vga_subsystem_top:inst_vga_subsystem|reg_write_page[4]~0      ; 0                 ; 6       ;
;      - vga_subsystem_top:inst_vga_subsystem|reg_mode[0]~0            ; 0                 ; 6       ;
;      - vga_subsystem_top:inst_vga_subsystem|reg_color[15]~1          ; 0                 ; 6       ;
; data_bus[2]                                                          ;                   ;         ;
;      - vga_subsystem_top:inst_vga_subsystem|reg_read_page[2]         ; 0                 ; 6       ;
;      - vga_subsystem_top:inst_vga_subsystem|reg_x[2]~2               ; 0                 ; 6       ;
;      - vga_subsystem_top:inst_vga_subsystem|reg_write_page[2]        ; 0                 ; 6       ;
;      - vga_subsystem_top:inst_vga_subsystem|reg_y[2]~feeder          ; 0                 ; 6       ;
;      - vga_subsystem_top:inst_vga_subsystem|reg_color[2]~feeder      ; 0                 ; 6       ;
; data_bus[3]                                                          ;                   ;         ;
;      - vga_subsystem_top:inst_vga_subsystem|reg_x[3]~3               ; 1                 ; 6       ;
;      - vga_subsystem_top:inst_vga_subsystem|reg_color[3]             ; 1                 ; 6       ;
;      - vga_subsystem_top:inst_vga_subsystem|reg_read_page[3]~feeder  ; 1                 ; 6       ;
;      - vga_subsystem_top:inst_vga_subsystem|reg_write_page[3]~feeder ; 1                 ; 6       ;
;      - vga_subsystem_top:inst_vga_subsystem|reg_y[3]~feeder          ; 1                 ; 6       ;
; data_bus[4]                                                          ;                   ;         ;
;      - vga_subsystem_top:inst_vga_subsystem|reg_x[4]~4               ; 0                 ; 6       ;
;      - vga_subsystem_top:inst_vga_subsystem|reg_y[4]                 ; 0                 ; 6       ;
;      - vga_subsystem_top:inst_vga_subsystem|reg_write_page[4]        ; 0                 ; 6       ;
;      - vga_subsystem_top:inst_vga_subsystem|reg_read_page[4]~feeder  ; 0                 ; 6       ;
;      - vga_subsystem_top:inst_vga_subsystem|reg_color[4]~feeder      ; 0                 ; 6       ;
; data_bus[0]                                                          ;                   ;         ;
;      - vga_subsystem_top:inst_vga_subsystem|reg_read_page[0]         ; 0                 ; 6       ;
;      - vga_subsystem_top:inst_vga_subsystem|reg_x[0]~0               ; 0                 ; 6       ;
;      - vga_subsystem_top:inst_vga_subsystem|reg_write_page[0]        ; 0                 ; 6       ;
;      - vga_subsystem_top:inst_vga_subsystem|reg_mode[0]~1            ; 0                 ; 6       ;
;      - vga_subsystem_top:inst_vga_subsystem|reg_y[0]~feeder          ; 0                 ; 6       ;
;      - vga_subsystem_top:inst_vga_subsystem|reg_color[0]~feeder      ; 0                 ; 6       ;
; pixel_stb                                                            ;                   ;         ;
;      - vga_subsystem_top:inst_vga_subsystem|sync_st_pix[0]           ; 0                 ; 6       ;
; cmd_stb                                                              ;                   ;         ;
;      - vga_subsystem_top:inst_vga_subsystem|sync_st_cmd[0]~feeder    ; 1                 ; 6       ;
; data_bus[5]                                                          ;                   ;         ;
;      - vga_subsystem_top:inst_vga_subsystem|reg_y[5]                 ; 1                 ; 6       ;
;      - vga_subsystem_top:inst_vga_subsystem|reg_x[5]~5               ; 1                 ; 6       ;
;      - vga_subsystem_top:inst_vga_subsystem|reg_color[5]~feeder      ; 1                 ; 6       ;
; data_bus[7]                                                          ;                   ;         ;
;      - vga_subsystem_top:inst_vga_subsystem|reg_y[7]                 ; 1                 ; 6       ;
;      - vga_subsystem_top:inst_vga_subsystem|reg_x[7]~9               ; 1                 ; 6       ;
;      - vga_subsystem_top:inst_vga_subsystem|reg_color[7]~feeder      ; 1                 ; 6       ;
; data_bus[9]                                                          ;                   ;         ;
;      - vga_subsystem_top:inst_vga_subsystem|reg_x[9]~7               ; 1                 ; 6       ;
;      - vga_subsystem_top:inst_vga_subsystem|reg_color[9]             ; 1                 ; 6       ;
; data_bus[8]                                                          ;                   ;         ;
;      - vga_subsystem_top:inst_vga_subsystem|reg_x[8]~8               ; 1                 ; 6       ;
;      - vga_subsystem_top:inst_vga_subsystem|reg_color[8]~feeder      ; 1                 ; 6       ;
;      - vga_subsystem_top:inst_vga_subsystem|reg_y[8]~feeder          ; 1                 ; 6       ;
; data_bus[6]                                                          ;                   ;         ;
;      - vga_subsystem_top:inst_vga_subsystem|reg_y[6]                 ; 0                 ; 6       ;
;      - vga_subsystem_top:inst_vga_subsystem|reg_x[6]~6               ; 0                 ; 6       ;
;      - vga_subsystem_top:inst_vga_subsystem|reg_color[6]             ; 0                 ; 6       ;
; data_bus[10]                                                         ;                   ;         ;
;      - vga_subsystem_top:inst_vga_subsystem|reg_color[10]            ; 1                 ; 6       ;
; data_bus[11]                                                         ;                   ;         ;
;      - vga_subsystem_top:inst_vga_subsystem|reg_color[11]~feeder     ; 0                 ; 6       ;
; data_bus[12]                                                         ;                   ;         ;
;      - vga_subsystem_top:inst_vga_subsystem|reg_color[12]~feeder     ; 0                 ; 6       ;
; data_bus[13]                                                         ;                   ;         ;
;      - vga_subsystem_top:inst_vga_subsystem|reg_color[13]            ; 0                 ; 6       ;
; data_bus[14]                                                         ;                   ;         ;
;      - vga_subsystem_top:inst_vga_subsystem|reg_color[14]~feeder     ; 0                 ; 6       ;
; data_bus[15]                                                         ;                   ;         ;
;      - vga_subsystem_top:inst_vga_subsystem|reg_color[15]            ; 0                 ; 6       ;
+----------------------------------------------------------------------+-------------------+---------+


+--------------------------------------------------------------------------------------------------------------------------------------------------------------------------------------------------------------------------------------------------------------------------------------+
; Control Signals                                                                                                                                                                                                                                                                      ;
+-------------------------------------------------------------------------------------------------------------------------------------------+--------------------+---------+----------------------------+--------+----------------------+------------------+---------------------------+
; Name                                                                                                                                      ; Location           ; Fan-Out ; Usage                      ; Global ; Global Resource Used ; Global Line Name ; Enable Signal Source Name ;
+-------------------------------------------------------------------------------------------------------------------------------------------+--------------------+---------+----------------------------+--------+----------------------+------------------+---------------------------+
; CLOCK_50                                                                                                                                  ; PIN_R8             ; 1       ; Clock                      ; no     ; --                   ; --               ; --                        ;
; pll_vga:inst_pll_vga|altpll:altpll_component|pll_vga_altpll:auto_generated|wire_pll1_clk[0]                                               ; PLL_4              ; 148     ; Clock                      ; yes    ; Global Clock         ; GCLK18           ; --                        ;
; pll_vga:inst_pll_vga|altpll:altpll_component|pll_vga_altpll:auto_generated|wire_pll1_clk[1]                                               ; PLL_4              ; 66      ; Clock                      ; yes    ; Global Clock         ; GCLK17           ; --                        ;
; pll_vga:inst_pll_vga|altpll:altpll_component|pll_vga_altpll:auto_generated|wire_pll1_clk[2]                                               ; PLL_4              ; 204     ; Clock                      ; yes    ; Global Clock         ; GCLK19           ; --                        ;
; rstn_i~0                                                                                                                                  ; LCCOMB_X24_Y14_N16 ; 56      ; Async. clear               ; yes    ; Global Clock         ; GCLK4            ; --                        ;
; vga_subsystem_top:inst_vga_subsystem|fifo_wr_data[16]~0                                                                                   ; LCCOMB_X23_Y15_N12 ; 40      ; Clock enable               ; no     ; --                   ; --               ; --                        ;
; vga_subsystem_top:inst_vga_subsystem|reg_color[15]~1                                                                                      ; LCCOMB_X17_Y12_N2  ; 16      ; Clock enable               ; no     ; --                   ; --               ; --                        ;
; vga_subsystem_top:inst_vga_subsystem|reg_read_page[4]~0                                                                                   ; LCCOMB_X17_Y12_N6  ; 5       ; Clock enable               ; no     ; --                   ; --               ; --                        ;
; vga_subsystem_top:inst_vga_subsystem|reg_write_page[4]~0                                                                                  ; LCCOMB_X17_Y12_N18 ; 5       ; Clock enable               ; no     ; --                   ; --               ; --                        ;
; vga_subsystem_top:inst_vga_subsystem|reg_x~12                                                                                             ; LCCOMB_X23_Y15_N4  ; 10      ; Sync. load                 ; no     ; --                   ; --               ; --                        ;
; vga_subsystem_top:inst_vga_subsystem|reg_y[8]~1                                                                                           ; LCCOMB_X17_Y12_N14 ; 9       ; Clock enable               ; no     ; --                   ; --               ; --                        ;
; vga_subsystem_top:inst_vga_subsystem|sdram:sdram_ctrl|Equal8~0                                                                            ; LCCOMB_X17_Y11_N8  ; 36      ; Sync. clear                ; no     ; --                   ; --               ; --                        ;
; vga_subsystem_top:inst_vga_subsystem|sdram:sdram_ctrl|SdrRoutine.SdrRoutine_DirectWrite                                                   ; FF_X17_Y11_N25     ; 25      ; Sync. clear                ; no     ; --                   ; --               ; --                        ;
; vga_subsystem_top:inst_vga_subsystem|sdram:sdram_ctrl|SdrRoutine.SdrRoutine_Idle                                                          ; FF_X19_Y12_N7      ; 58      ; Sync. clear                ; no     ; --                   ; --               ; --                        ;
; vga_subsystem_top:inst_vga_subsystem|sdram:sdram_ctrl|Selector1~0                                                                         ; LCCOMB_X15_Y11_N28 ; 17      ; Clock enable               ; no     ; --                   ; --               ; --                        ;
; vga_subsystem_top:inst_vga_subsystem|sdram:sdram_ctrl|Selector20~0                                                                        ; LCCOMB_X19_Y12_N20 ; 10      ; Clock enable               ; no     ; --                   ; --               ; --                        ;
; vga_subsystem_top:inst_vga_subsystem|sdram:sdram_ctrl|Selector21~0                                                                        ; LCCOMB_X19_Y12_N30 ; 25      ; Clock enable               ; no     ; --                   ; --               ; --                        ;
; vga_subsystem_top:inst_vga_subsystem|sdram:sdram_ctrl|colLoadNr[0]~17                                                                     ; LCCOMB_X21_Y10_N30 ; 10      ; Clock enable               ; no     ; --                   ; --               ; --                        ;
; vga_subsystem_top:inst_vga_subsystem|sdram:sdram_ctrl|pixelOut[6]~0                                                                       ; LCCOMB_X21_Y10_N2  ; 17      ; Clock enable               ; no     ; --                   ; --               ; --                        ;
; vga_subsystem_top:inst_vga_subsystem|sdram:sdram_ctrl|rowLoadAck                                                                          ; FF_X19_Y12_N9      ; 1       ; Async. clear               ; no     ; --                   ; --               ; --                        ;
; vga_subsystem_top:inst_vga_subsystem|sdram:sdram_ctrl|sdr_write_active                                                                    ; FF_X15_Y12_N19     ; 16      ; Output enable              ; no     ; --                   ; --               ; --                        ;
; vga_subsystem_top:inst_vga_subsystem|sdram:sdram_ctrl|wren_sdr                                                                            ; FF_X21_Y10_N1      ; 2       ; Clock enable, Write enable ; no     ; --                   ; --               ; --                        ;
; vga_subsystem_top:inst_vga_subsystem|vga_fifo:pixel_fifo|dcfifo:dcfifo_component|dcfifo_eok1:auto_generated|dffpipe_3dc:rdaclr|dffe13a[0] ; FF_X23_Y12_N13     ; 45      ; Async. clear               ; no     ; --                   ; --               ; --                        ;
; vga_subsystem_top:inst_vga_subsystem|vga_fifo:pixel_fifo|dcfifo:dcfifo_component|dcfifo_eok1:auto_generated|dffpipe_3dc:wraclr|dffe13a[0] ; FF_X23_Y13_N5      ; 53      ; Async. clear               ; no     ; --                   ; --               ; --                        ;
; vga_subsystem_top:inst_vga_subsystem|vga_fifo:pixel_fifo|dcfifo:dcfifo_component|dcfifo_eok1:auto_generated|valid_rdreq~0                 ; LCCOMB_X23_Y12_N12 ; 24      ; Clock enable               ; no     ; --                   ; --               ; --                        ;
; vga_subsystem_top:inst_vga_subsystem|vga_fifo:pixel_fifo|dcfifo:dcfifo_component|dcfifo_eok1:auto_generated|valid_wrreq~0                 ; LCCOMB_X23_Y13_N4  ; 24      ; Clock enable, Write enable ; no     ; --                   ; --               ; --                        ;
; vga_subsystem_top:inst_vga_subsystem|vgaout:vga_engine|Equal0~3                                                                           ; LCCOMB_X21_Y11_N14 ; 13      ; Clock enable               ; no     ; --                   ; --               ; --                        ;
+-------------------------------------------------------------------------------------------------------------------------------------------+--------------------+---------+----------------------------+--------+----------------------+------------------+---------------------------+


+-----------------------------------------------------------------------------------------------------------------------------------------------------------------------------------------------------------------------------------------+
; Global & Other Fast Signals                                                                                                                                                                                                             ;
+---------------------------------------------------------------------------------------------+--------------------+---------+--------------------------------------+----------------------+------------------+---------------------------+
; Name                                                                                        ; Location           ; Fan-Out ; Fan-Out Using Intentional Clock Skew ; Global Resource Used ; Global Line Name ; Enable Signal Source Name ;
+---------------------------------------------------------------------------------------------+--------------------+---------+--------------------------------------+----------------------+------------------+---------------------------+
; pll_vga:inst_pll_vga|altpll:altpll_component|pll_vga_altpll:auto_generated|wire_pll1_clk[0] ; PLL_4              ; 148     ; 3                                    ; Global Clock         ; GCLK18           ; --                        ;
; pll_vga:inst_pll_vga|altpll:altpll_component|pll_vga_altpll:auto_generated|wire_pll1_clk[1] ; PLL_4              ; 66      ; 0                                    ; Global Clock         ; GCLK17           ; --                        ;
; pll_vga:inst_pll_vga|altpll:altpll_component|pll_vga_altpll:auto_generated|wire_pll1_clk[2] ; PLL_4              ; 204     ; 3                                    ; Global Clock         ; GCLK19           ; --                        ;
; rstn_i~0                                                                                    ; LCCOMB_X24_Y14_N16 ; 56      ; 0                                    ; Global Clock         ; GCLK4            ; --                        ;
+---------------------------------------------------------------------------------------------+--------------------+---------+--------------------------------------+----------------------+------------------+---------------------------+


+---------------------------------------------------------------------------------------------------------------------------------------------------------------------------------------------------------------------------------------------------------------------------------------------------------------------------------------------------------------------------------------------------------------------------------------------------------------------------------------------------------------------------------------------------------------------------------------------------------------------------------------------------------------------------------------------+
; Fitter RAM Summary                                                                                                                                                                                                                                                                                                                                                                                                                                                                                                                                                                                                                                                                          ;
+-------------------------------------------------------------------------------------------------------------------------------------------------+------+------------------+-------------+--------------+--------------+--------------+--------------+------------------------+-------------------------+------------------------+-------------------------+-------+-----------------------------+-----------------------------+-----------------------------+-----------------------------+---------------------+------+------+--------------------------------+----------------------+------------------------+------------------------+----------+------------------------+---------------+
; Name                                                                                                                                            ; Type ; Mode             ; Clock Mode  ; Port A Depth ; Port A Width ; Port B Depth ; Port B Width ; Port A Input Registers ; Port A Output Registers ; Port B Input Registers ; Port B Output Registers ; Size  ; Implementation Port A Depth ; Implementation Port A Width ; Implementation Port B Depth ; Implementation Port B Width ; Implementation Bits ; M9Ks ; MIF  ; Location                       ; Mixed Width RDW Mode ; Port A RDW Mode        ; Port B RDW Mode        ; ECC Mode ; ECC Pipeline Registers ; Fits in MLABs ;
+-------------------------------------------------------------------------------------------------------------------------------------------------+------+------------------+-------------+--------------+--------------+--------------+--------------+------------------------+-------------------------+------------------------+-------------------------+-------+-----------------------------+-----------------------------+-----------------------------+-----------------------------+---------------------+------+------+--------------------------------+----------------------+------------------------+------------------------+----------+------------------------+---------------+
; vga_subsystem_top:inst_vga_subsystem|ram2:read_buffer|altsyncram:altsyncram_component|altsyncram_mno3:auto_generated|ALTSYNCRAM                 ; AUTO ; Simple Dual Port ; Dual Clocks ; 1024         ; 16           ; 1024         ; 16           ; yes                    ; no                      ; yes                    ; yes                     ; 16384 ; 1024                        ; 16                          ; 1024                        ; 16                          ; 16384               ; 2    ; None ; M9K_X22_Y10_N0, M9K_X22_Y11_N0 ; Don't care           ; New data with NBE Read ; New data with NBE Read ; Off      ; No                     ; No - Unknown  ;
; vga_subsystem_top:inst_vga_subsystem|vga_fifo:pixel_fifo|dcfifo:dcfifo_component|dcfifo_eok1:auto_generated|altsyncram_7o41:fifo_ram|ALTSYNCRAM ; AUTO ; Simple Dual Port ; Dual Clocks ; 256          ; 40           ; 256          ; 40           ; yes                    ; no                      ; yes                    ; no                      ; 10240 ; 256                         ; 40                          ; 256                         ; 40                          ; 10240               ; 2    ; None ; M9K_X22_Y15_N0, M9K_X22_Y13_N0 ; Don't care           ; New data with NBE Read ; New data with NBE Read ; Off      ; No                     ; No - Unknown  ;
+-------------------------------------------------------------------------------------------------------------------------------------------------+------+------------------+-------------+--------------+--------------+--------------+--------------+------------------------+-------------------------+------------------------+-------------------------+-------+-----------------------------+-----------------------------+-----------------------------+-----------------------------+---------------------+------+------+--------------------------------+----------------------+------------------------+------------------------+----------+------------------------+---------------+
Note: Fitter may spread logical memories into multiple blocks to improve timing. The actual required RAM blocks can be found in the Fitter Resource Usage section.


+------------------------------------------------+
; Routing Usage Summary                          ;
+-----------------------+------------------------+
; Routing Resource Type ; Usage                  ;
+-----------------------+------------------------+
; Block interconnects   ; 815 / 71,559 ( 1 % )   ;
; C16 interconnects     ; 87 / 2,597 ( 3 % )     ;
; C4 interconnects      ; 383 / 46,848 ( < 1 % ) ;
; Direct links          ; 152 / 71,559 ( < 1 % ) ;
; Global clocks         ; 4 / 20 ( 20 % )        ;
; Local interconnects   ; 298 / 24,624 ( 1 % )   ;
; R24 interconnects     ; 77 / 2,496 ( 3 % )     ;
; R4 interconnects      ; 556 / 62,424 ( < 1 % ) ;
+-----------------------+------------------------+


+----------------------------------------------------------------------------+
; LAB Logic Elements                                                         ;
+---------------------------------------------+------------------------------+
; Number of Logic Elements  (Average = 12.95) ; Number of LABs  (Total = 41) ;
+---------------------------------------------+------------------------------+
; 1                                           ; 2                            ;
; 2                                           ; 1                            ;
; 3                                           ; 1                            ;
; 4                                           ; 0                            ;
; 5                                           ; 0                            ;
; 6                                           ; 1                            ;
; 7                                           ; 0                            ;
; 8                                           ; 1                            ;
; 9                                           ; 4                            ;
; 10                                          ; 1                            ;
; 11                                          ; 0                            ;
; 12                                          ; 1                            ;
; 13                                          ; 1                            ;
; 14                                          ; 1                            ;
; 15                                          ; 7                            ;
; 16                                          ; 20                           ;
+---------------------------------------------+------------------------------+


+-------------------------------------------------------------------+
; LAB-wide Signals                                                  ;
+------------------------------------+------------------------------+
; LAB-wide Signals  (Average = 2.17) ; Number of LABs  (Total = 41) ;
+------------------------------------+------------------------------+
; 1 Async. clear                     ; 16                           ;
; 1 Clock                            ; 32                           ;
; 1 Clock enable                     ; 20                           ;
; 1 Sync. clear                      ; 6                            ;
; 1 Sync. load                       ; 2                            ;
; 2 Async. clears                    ; 2                            ;
; 2 Clock enables                    ; 4                            ;
; 2 Clocks                           ; 7                            ;
+------------------------------------+------------------------------+


+-----------------------------------------------------------------------------+
; LAB Signals Sourced                                                         ;
+----------------------------------------------+------------------------------+
; Number of Signals Sourced  (Average = 21.00) ; Number of LABs  (Total = 41) ;
+----------------------------------------------+------------------------------+
; 0                                            ; 0                            ;
; 1                                            ; 1                            ;
; 2                                            ; 1                            ;
; 3                                            ; 1                            ;
; 4                                            ; 0                            ;
; 5                                            ; 0                            ;
; 6                                            ; 1                            ;
; 7                                            ; 0                            ;
; 8                                            ; 0                            ;
; 9                                            ; 0                            ;
; 10                                           ; 0                            ;
; 11                                           ; 0                            ;
; 12                                           ; 2                            ;
; 13                                           ; 0                            ;
; 14                                           ; 1                            ;
; 15                                           ; 1                            ;
; 16                                           ; 2                            ;
; 17                                           ; 1                            ;
; 18                                           ; 1                            ;
; 19                                           ; 1                            ;
; 20                                           ; 1                            ;
; 21                                           ; 4                            ;
; 22                                           ; 2                            ;
; 23                                           ; 3                            ;
; 24                                           ; 1                            ;
; 25                                           ; 1                            ;
; 26                                           ; 3                            ;
; 27                                           ; 4                            ;
; 28                                           ; 6                            ;
; 29                                           ; 0                            ;
; 30                                           ; 3                            ;
+----------------------------------------------+------------------------------+


+--------------------------------------------------------------------------------+
; LAB Signals Sourced Out                                                        ;
+-------------------------------------------------+------------------------------+
; Number of Signals Sourced Out  (Average = 9.07) ; Number of LABs  (Total = 41) ;
+-------------------------------------------------+------------------------------+
; 0                                               ; 0                            ;
; 1                                               ; 2                            ;
; 2                                               ; 1                            ;
; 3                                               ; 2                            ;
; 4                                               ; 1                            ;
; 5                                               ; 1                            ;
; 6                                               ; 4                            ;
; 7                                               ; 1                            ;
; 8                                               ; 6                            ;
; 9                                               ; 5                            ;
; 10                                              ; 4                            ;
; 11                                              ; 3                            ;
; 12                                              ; 3                            ;
; 13                                              ; 3                            ;
; 14                                              ; 1                            ;
; 15                                              ; 1                            ;
; 16                                              ; 1                            ;
; 17                                              ; 1                            ;
; 18                                              ; 0                            ;
; 19                                              ; 1                            ;
+-------------------------------------------------+------------------------------+


+-----------------------------------------------------------------------------+
; LAB Distinct Inputs                                                         ;
+----------------------------------------------+------------------------------+
; Number of Distinct Inputs  (Average = 14.22) ; Number of LABs  (Total = 41) ;
+----------------------------------------------+------------------------------+
; 0                                            ; 0                            ;
; 1                                            ; 0                            ;
; 2                                            ; 1                            ;
; 3                                            ; 1                            ;
; 4                                            ; 2                            ;
; 5                                            ; 2                            ;
; 6                                            ; 1                            ;
; 7                                            ; 1                            ;
; 8                                            ; 0                            ;
; 9                                            ; 1                            ;
; 10                                           ; 3                            ;
; 11                                           ; 2                            ;
; 12                                           ; 2                            ;
; 13                                           ; 3                            ;
; 14                                           ; 1                            ;
; 15                                           ; 1                            ;
; 16                                           ; 3                            ;
; 17                                           ; 2                            ;
; 18                                           ; 4                            ;
; 19                                           ; 3                            ;
; 20                                           ; 1                            ;
; 21                                           ; 1                            ;
; 22                                           ; 2                            ;
; 23                                           ; 2                            ;
; 24                                           ; 0                            ;
; 25                                           ; 1                            ;
; 26                                           ; 0                            ;
; 27                                           ; 1                            ;
+----------------------------------------------+------------------------------+


+------------------------------------------+
; I/O Rules Summary                        ;
+----------------------------------+-------+
; I/O Rules Statistic              ; Total ;
+----------------------------------+-------+
; Total I/O Rules                  ; 30    ;
; Number of I/O Rules Passed       ; 16    ;
; Number of I/O Rules Failed       ; 0     ;
; Number of I/O Rules Unchecked    ; 0     ;
; Number of I/O Rules Inapplicable ; 14    ;
+----------------------------------+-------+


+-----------------------------------------------------------------------------------------------------------------------------------------------------------------------------------------------------------------------------------------------------------------------------------------------------+
; I/O Rules Details                                                                                                                                                                                                                                                                                   ;
+--------------+-----------+-----------------------------------+------------------------------------------------------------------------------------------------------+----------+--------------------------------------------------------------------------+---------------------+-------------------+
; Status       ; ID        ; Category                          ; Rule Description                                                                                     ; Severity ; Information                                                              ; Area                ; Extra Information ;
+--------------+-----------+-----------------------------------+------------------------------------------------------------------------------------------------------+----------+--------------------------------------------------------------------------+---------------------+-------------------+
; Pass         ; IO_000001 ; Capacity Checks                   ; Number of pins in an I/O bank should not exceed the number of locations available.                   ; Critical ; 0 such failures found.                                                   ; I/O                 ;                   ;
; Pass         ; IO_000002 ; Capacity Checks                   ; Number of clocks in an I/O bank should not exceed the number of clocks available.                    ; Critical ; 0 such failures found.                                                   ; I/O                 ;                   ;
; Pass         ; IO_000003 ; Capacity Checks                   ; Number of pins in a Vrefgroup should not exceed the number of locations available.                   ; Critical ; 0 such failures found.                                                   ; I/O                 ;                   ;
; Inapplicable ; IO_000004 ; Voltage Compatibility Checks      ; The I/O bank should support the requested VCCIO.                                                     ; Critical ; No IOBANK_VCCIO assignments found.                                       ; I/O                 ;                   ;
; Inapplicable ; IO_000005 ; Voltage Compatibility Checks      ; The I/O bank should not have competing VREF values.                                                  ; Critical ; No VREF I/O Standard assignments found.                                  ; I/O                 ;                   ;
; Pass         ; IO_000006 ; Voltage Compatibility Checks      ; The I/O bank should not have competing VCCIO values.                                                 ; Critical ; 0 such failures found.                                                   ; I/O                 ;                   ;
; Pass         ; IO_000007 ; Valid Location Checks             ; Checks for unavailable locations.                                                                    ; Critical ; 0 such failures found.                                                   ; I/O                 ;                   ;
; Inapplicable ; IO_000008 ; Valid Location Checks             ; Checks for reserved locations.                                                                       ; Critical ; No reserved LogicLock region found.                                      ; I/O                 ;                   ;
; Pass         ; IO_000009 ; I/O Properties Checks for One I/O ; The location should support the requested I/O standard.                                              ; Critical ; 0 such failures found.                                                   ; I/O                 ;                   ;
; Pass         ; IO_000010 ; I/O Properties Checks for One I/O ; The location should support the requested I/O direction.                                             ; Critical ; 0 such failures found.                                                   ; I/O                 ;                   ;
; Pass         ; IO_000011 ; I/O Properties Checks for One I/O ; The location should support the requested Current Strength.                                          ; Critical ; 0 such failures found.                                                   ; I/O                 ;                   ;
; Pass         ; IO_000012 ; I/O Properties Checks for One I/O ; The location should support the requested On Chip Termination value.                                 ; Critical ; 0 such failures found.                                                   ; I/O                 ;                   ;
; Inapplicable ; IO_000013 ; I/O Properties Checks for One I/O ; The location should support the requested Bus Hold value.                                            ; Critical ; No Enable Bus-Hold Circuitry assignments found.                          ; I/O                 ;                   ;
; Inapplicable ; IO_000014 ; I/O Properties Checks for One I/O ; The location should support the requested Weak Pull Up value.                                        ; Critical ; No Weak Pull-Up Resistor assignments found.                              ; I/O                 ;                   ;
; Pass         ; IO_000015 ; I/O Properties Checks for One I/O ; The location should support the requested PCI Clamp Diode.                                           ; Critical ; 0 such failures found.                                                   ; I/O                 ;                   ;
; Pass         ; IO_000018 ; I/O Properties Checks for One I/O ; The I/O standard should support the requested Current Strength.                                      ; Critical ; 0 such failures found.                                                   ; I/O                 ;                   ;
; Pass         ; IO_000019 ; I/O Properties Checks for One I/O ; The I/O standard should support the requested On Chip Termination value.                             ; Critical ; 0 such failures found.                                                   ; I/O                 ;                   ;
; Pass         ; IO_000020 ; I/O Properties Checks for One I/O ; The I/O standard should support the requested PCI Clamp Diode.                                       ; Critical ; 0 such failures found.                                                   ; I/O                 ;                   ;
; Inapplicable ; IO_000021 ; I/O Properties Checks for One I/O ; The I/O standard should support the requested Weak Pull Up value.                                    ; Critical ; No Weak Pull-Up Resistor assignments found.                              ; I/O                 ;                   ;
; Inapplicable ; IO_000022 ; I/O Properties Checks for One I/O ; The I/O standard should support the requested Bus Hold value.                                        ; Critical ; No Enable Bus-Hold Circuitry assignments found.                          ; I/O                 ;                   ;
; Inapplicable ; IO_000023 ; I/O Properties Checks for One I/O ; The I/O standard should support the Open Drain value.                                                ; Critical ; No open drain assignments found.                                         ; I/O                 ;                   ;
; Pass         ; IO_000024 ; I/O Properties Checks for One I/O ; The I/O direction should support the On Chip Termination value.                                      ; Critical ; 0 such failures found.                                                   ; I/O                 ;                   ;
; Pass         ; IO_000026 ; I/O Properties Checks for One I/O ; On Chip Termination and Current Strength should not be used at the same time.                        ; Critical ; 0 such failures found.                                                   ; I/O                 ;                   ;
; Inapplicable ; IO_000027 ; I/O Properties Checks for One I/O ; Weak Pull Up and Bus Hold should not be used at the same time.                                       ; Critical ; No Enable Bus-Hold Circuitry or Weak Pull-Up Resistor assignments found. ; I/O                 ;                   ;
; Inapplicable ; IO_000045 ; I/O Properties Checks for One I/O ; The I/O standard should support the requested Slew Rate value.                                       ; Critical ; No Slew Rate assignments found.                                          ; I/O                 ;                   ;
; Inapplicable ; IO_000046 ; I/O Properties Checks for One I/O ; The location should support the requested Slew Rate value.                                           ; Critical ; No Slew Rate assignments found.                                          ; I/O                 ;                   ;
; Inapplicable ; IO_000047 ; I/O Properties Checks for One I/O ; On Chip Termination and Slew Rate should not be used at the same time.                               ; Critical ; No Slew Rate assignments found.                                          ; I/O                 ;                   ;
; Pass         ; IO_000033 ; Electromigration Checks           ; Current density for consecutive I/Os should not exceed 240mA for row I/Os and 240mA for column I/Os. ; Critical ; 0 such failures found.                                                   ; I/O                 ;                   ;
; Inapplicable ; IO_000034 ; SI Related Distance Checks        ; Single-ended outputs should be 5 LAB row(s) away from a differential I/O.                            ; High     ; No Differential I/O Standard assignments found.                          ; I/O                 ;                   ;
; Inapplicable ; IO_000042 ; SI Related SSO Limit Checks       ; No more than 20 outputs are allowed in a VREF group when VREF is being read from.                    ; High     ; No VREF I/O Standard assignments found.                                  ; I/O                 ;                   ;
; ----         ; ----      ; Disclaimer                        ; OCT rules are checked but not reported.                                                              ; None     ; ----                                                                     ; On Chip Termination ;                   ;
+--------------+-----------+-----------------------------------+------------------------------------------------------------------------------------------------------+----------+--------------------------------------------------------------------------+---------------------+-------------------+


+--------------------------------------------------------------------------------------------------------------------------------------------------------------------------------------------------------------------------------------------------------------------------------------------------------------------------------------------------------------------------------------------------------------------------------------------------------------------------+
; I/O Rules Matrix                                                                                                                                                                                                                                                                                                                                                                                                                                                         ;
+--------------------+--------------+--------------+--------------+--------------+--------------+-----------+--------------+--------------+-----------+-----------+--------------+--------------+--------------+--------------+--------------+--------------+--------------+--------------+--------------+--------------+--------------+--------------+--------------+--------------+--------------+--------------+--------------+-----------+--------------+--------------+
; Pin/Rules          ; IO_000001    ; IO_000002    ; IO_000003    ; IO_000004    ; IO_000005    ; IO_000006 ; IO_000007    ; IO_000008    ; IO_000009 ; IO_000010 ; IO_000011    ; IO_000012    ; IO_000013    ; IO_000014    ; IO_000015    ; IO_000018    ; IO_000019    ; IO_000020    ; IO_000021    ; IO_000022    ; IO_000023    ; IO_000024    ; IO_000026    ; IO_000027    ; IO_000045    ; IO_000046    ; IO_000047    ; IO_000033 ; IO_000034    ; IO_000042    ;
+--------------------+--------------+--------------+--------------+--------------+--------------+-----------+--------------+--------------+-----------+-----------+--------------+--------------+--------------+--------------+--------------+--------------+--------------+--------------+--------------+--------------+--------------+--------------+--------------+--------------+--------------+--------------+--------------+-----------+--------------+--------------+
; Total Pass         ; 77           ; 33           ; 77           ; 0            ; 0            ; 87        ; 77           ; 0            ; 87        ; 87        ; 44           ; 1            ; 0            ; 0            ; 44           ; 44           ; 1            ; 44           ; 0            ; 0            ; 0            ; 1            ; 45           ; 0            ; 0            ; 0            ; 0            ; 87        ; 0            ; 0            ;
; Total Unchecked    ; 0            ; 0            ; 0            ; 0            ; 0            ; 0         ; 0            ; 0            ; 0         ; 0         ; 0            ; 0            ; 0            ; 0            ; 0            ; 0            ; 0            ; 0            ; 0            ; 0            ; 0            ; 0            ; 0            ; 0            ; 0            ; 0            ; 0            ; 0         ; 0            ; 0            ;
; Total Inapplicable ; 10           ; 54           ; 10           ; 87           ; 87           ; 0         ; 10           ; 87           ; 0         ; 0         ; 43           ; 86           ; 87           ; 87           ; 43           ; 43           ; 86           ; 43           ; 87           ; 87           ; 87           ; 86           ; 42           ; 87           ; 87           ; 87           ; 87           ; 0         ; 87           ; 87           ;
; Total Fail         ; 0            ; 0            ; 0            ; 0            ; 0            ; 0         ; 0            ; 0            ; 0         ; 0         ; 0            ; 0            ; 0            ; 0            ; 0            ; 0            ; 0            ; 0            ; 0            ; 0            ; 0            ; 0            ; 0            ; 0            ; 0            ; 0            ; 0            ; 0         ; 0            ; 0            ;
; nTRST_i            ; Inapplicable ; Inapplicable ; Inapplicable ; Inapplicable ; Inapplicable ; Pass      ; Inapplicable ; Inapplicable ; Pass      ; Pass      ; Inapplicable ; Inapplicable ; Inapplicable ; Inapplicable ; Pass         ; Inapplicable ; Inapplicable ; Pass         ; Inapplicable ; Inapplicable ; Inapplicable ; Inapplicable ; Inapplicable ; Inapplicable ; Inapplicable ; Inapplicable ; Inapplicable ; Pass      ; Inapplicable ; Inapplicable ;
; TCK_i              ; Inapplicable ; Inapplicable ; Inapplicable ; Inapplicable ; Inapplicable ; Pass      ; Inapplicable ; Inapplicable ; Pass      ; Pass      ; Inapplicable ; Inapplicable ; Inapplicable ; Inapplicable ; Pass         ; Inapplicable ; Inapplicable ; Pass         ; Inapplicable ; Inapplicable ; Inapplicable ; Inapplicable ; Inapplicable ; Inapplicable ; Inapplicable ; Inapplicable ; Inapplicable ; Pass      ; Inapplicable ; Inapplicable ;
; TDI_i              ; Inapplicable ; Inapplicable ; Inapplicable ; Inapplicable ; Inapplicable ; Pass      ; Inapplicable ; Inapplicable ; Pass      ; Pass      ; Inapplicable ; Inapplicable ; Inapplicable ; Inapplicable ; Pass         ; Inapplicable ; Inapplicable ; Pass         ; Inapplicable ; Inapplicable ; Inapplicable ; Inapplicable ; Inapplicable ; Inapplicable ; Inapplicable ; Inapplicable ; Inapplicable ; Pass      ; Inapplicable ; Inapplicable ;
; TDO_o              ; Inapplicable ; Inapplicable ; Inapplicable ; Inapplicable ; Inapplicable ; Pass      ; Inapplicable ; Inapplicable ; Pass      ; Pass      ; Inapplicable ; Pass         ; Inapplicable ; Inapplicable ; Inapplicable ; Inapplicable ; Pass         ; Inapplicable ; Inapplicable ; Inapplicable ; Inapplicable ; Pass         ; Pass         ; Inapplicable ; Inapplicable ; Inapplicable ; Inapplicable ; Pass      ; Inapplicable ; Inapplicable ;
; TMS_i              ; Inapplicable ; Inapplicable ; Inapplicable ; Inapplicable ; Inapplicable ; Pass      ; Inapplicable ; Inapplicable ; Pass      ; Pass      ; Inapplicable ; Inapplicable ; Inapplicable ; Inapplicable ; Pass         ; Inapplicable ; Inapplicable ; Pass         ; Inapplicable ; Inapplicable ; Inapplicable ; Inapplicable ; Inapplicable ; Inapplicable ; Inapplicable ; Inapplicable ; Inapplicable ; Pass      ; Inapplicable ; Inapplicable ;
; busy               ; Pass         ; Inapplicable ; Pass         ; Inapplicable ; Inapplicable ; Pass      ; Pass         ; Inapplicable ; Pass      ; Pass      ; Inapplicable ; Inapplicable ; Inapplicable ; Inapplicable ; Inapplicable ; Inapplicable ; Inapplicable ; Inapplicable ; Inapplicable ; Inapplicable ; Inapplicable ; Inapplicable ; Inapplicable ; Inapplicable ; Inapplicable ; Inapplicable ; Inapplicable ; Pass      ; Inapplicable ; Inapplicable ;
; SDRAM_CLK          ; Pass         ; Pass         ; Pass         ; Inapplicable ; Inapplicable ; Pass      ; Pass         ; Inapplicable ; Pass      ; Pass      ; Pass         ; Inapplicable ; Inapplicable ; Inapplicable ; Inapplicable ; Pass         ; Inapplicable ; Inapplicable ; Inapplicable ; Inapplicable ; Inapplicable ; Inapplicable ; Pass         ; Inapplicable ; Inapplicable ; Inapplicable ; Inapplicable ; Pass      ; Inapplicable ; Inapplicable ;
; SDRAM_CKE          ; Pass         ; Inapplicable ; Pass         ; Inapplicable ; Inapplicable ; Pass      ; Pass         ; Inapplicable ; Pass      ; Pass      ; Pass         ; Inapplicable ; Inapplicable ; Inapplicable ; Inapplicable ; Pass         ; Inapplicable ; Inapplicable ; Inapplicable ; Inapplicable ; Inapplicable ; Inapplicable ; Pass         ; Inapplicable ; Inapplicable ; Inapplicable ; Inapplicable ; Pass      ; Inapplicable ; Inapplicable ;
; SDRAM_CS_N         ; Pass         ; Inapplicable ; Pass         ; Inapplicable ; Inapplicable ; Pass      ; Pass         ; Inapplicable ; Pass      ; Pass      ; Pass         ; Inapplicable ; Inapplicable ; Inapplicable ; Inapplicable ; Pass         ; Inapplicable ; Inapplicable ; Inapplicable ; Inapplicable ; Inapplicable ; Inapplicable ; Pass         ; Inapplicable ; Inapplicable ; Inapplicable ; Inapplicable ; Pass      ; Inapplicable ; Inapplicable ;
; SDRAM_RAS_N        ; Pass         ; Pass         ; Pass         ; Inapplicable ; Inapplicable ; Pass      ; Pass         ; Inapplicable ; Pass      ; Pass      ; Pass         ; Inapplicable ; Inapplicable ; Inapplicable ; Inapplicable ; Pass         ; Inapplicable ; Inapplicable ; Inapplicable ; Inapplicable ; Inapplicable ; Inapplicable ; Pass         ; Inapplicable ; Inapplicable ; Inapplicable ; Inapplicable ; Pass      ; Inapplicable ; Inapplicable ;
; SDRAM_CAS_N        ; Pass         ; Pass         ; Pass         ; Inapplicable ; Inapplicable ; Pass      ; Pass         ; Inapplicable ; Pass      ; Pass      ; Pass         ; Inapplicable ; Inapplicable ; Inapplicable ; Inapplicable ; Pass         ; Inapplicable ; Inapplicable ; Inapplicable ; Inapplicable ; Inapplicable ; Inapplicable ; Pass         ; Inapplicable ; Inapplicable ; Inapplicable ; Inapplicable ; Pass      ; Inapplicable ; Inapplicable ;
; SDRAM_WE_N         ; Pass         ; Pass         ; Pass         ; Inapplicable ; Inapplicable ; Pass      ; Pass         ; Inapplicable ; Pass      ; Pass      ; Pass         ; Inapplicable ; Inapplicable ; Inapplicable ; Inapplicable ; Pass         ; Inapplicable ; Inapplicable ; Inapplicable ; Inapplicable ; Inapplicable ; Inapplicable ; Pass         ; Inapplicable ; Inapplicable ; Inapplicable ; Inapplicable ; Pass      ; Inapplicable ; Inapplicable ;
; SDRAM_DQML         ; Pass         ; Inapplicable ; Pass         ; Inapplicable ; Inapplicable ; Pass      ; Pass         ; Inapplicable ; Pass      ; Pass      ; Pass         ; Inapplicable ; Inapplicable ; Inapplicable ; Inapplicable ; Pass         ; Inapplicable ; Inapplicable ; Inapplicable ; Inapplicable ; Inapplicable ; Inapplicable ; Pass         ; Inapplicable ; Inapplicable ; Inapplicable ; Inapplicable ; Pass      ; Inapplicable ; Inapplicable ;
; SDRAM_DQMU         ; Pass         ; Inapplicable ; Pass         ; Inapplicable ; Inapplicable ; Pass      ; Pass         ; Inapplicable ; Pass      ; Pass      ; Pass         ; Inapplicable ; Inapplicable ; Inapplicable ; Inapplicable ; Pass         ; Inapplicable ; Inapplicable ; Inapplicable ; Inapplicable ; Inapplicable ; Inapplicable ; Pass         ; Inapplicable ; Inapplicable ; Inapplicable ; Inapplicable ; Pass      ; Inapplicable ; Inapplicable ;
; SDRAM_ADDR[0]      ; Pass         ; Pass         ; Pass         ; Inapplicable ; Inapplicable ; Pass      ; Pass         ; Inapplicable ; Pass      ; Pass      ; Pass         ; Inapplicable ; Inapplicable ; Inapplicable ; Inapplicable ; Pass         ; Inapplicable ; Inapplicable ; Inapplicable ; Inapplicable ; Inapplicable ; Inapplicable ; Pass         ; Inapplicable ; Inapplicable ; Inapplicable ; Inapplicable ; Pass      ; Inapplicable ; Inapplicable ;
; SDRAM_ADDR[1]      ; Pass         ; Pass         ; Pass         ; Inapplicable ; Inapplicable ; Pass      ; Pass         ; Inapplicable ; Pass      ; Pass      ; Pass         ; Inapplicable ; Inapplicable ; Inapplicable ; Inapplicable ; Pass         ; Inapplicable ; Inapplicable ; Inapplicable ; Inapplicable ; Inapplicable ; Inapplicable ; Pass         ; Inapplicable ; Inapplicable ; Inapplicable ; Inapplicable ; Pass      ; Inapplicable ; Inapplicable ;
; SDRAM_ADDR[2]      ; Pass         ; Pass         ; Pass         ; Inapplicable ; Inapplicable ; Pass      ; Pass         ; Inapplicable ; Pass      ; Pass      ; Pass         ; Inapplicable ; Inapplicable ; Inapplicable ; Inapplicable ; Pass         ; Inapplicable ; Inapplicable ; Inapplicable ; Inapplicable ; Inapplicable ; Inapplicable ; Pass         ; Inapplicable ; Inapplicable ; Inapplicable ; Inapplicable ; Pass      ; Inapplicable ; Inapplicable ;
; SDRAM_ADDR[3]      ; Pass         ; Pass         ; Pass         ; Inapplicable ; Inapplicable ; Pass      ; Pass         ; Inapplicable ; Pass      ; Pass      ; Pass         ; Inapplicable ; Inapplicable ; Inapplicable ; Inapplicable ; Pass         ; Inapplicable ; Inapplicable ; Inapplicable ; Inapplicable ; Inapplicable ; Inapplicable ; Pass         ; Inapplicable ; Inapplicable ; Inapplicable ; Inapplicable ; Pass      ; Inapplicable ; Inapplicable ;
; SDRAM_ADDR[4]      ; Pass         ; Pass         ; Pass         ; Inapplicable ; Inapplicable ; Pass      ; Pass         ; Inapplicable ; Pass      ; Pass      ; Pass         ; Inapplicable ; Inapplicable ; Inapplicable ; Inapplicable ; Pass         ; Inapplicable ; Inapplicable ; Inapplicable ; Inapplicable ; Inapplicable ; Inapplicable ; Pass         ; Inapplicable ; Inapplicable ; Inapplicable ; Inapplicable ; Pass      ; Inapplicable ; Inapplicable ;
; SDRAM_ADDR[5]      ; Pass         ; Pass         ; Pass         ; Inapplicable ; Inapplicable ; Pass      ; Pass         ; Inapplicable ; Pass      ; Pass      ; Pass         ; Inapplicable ; Inapplicable ; Inapplicable ; Inapplicable ; Pass         ; Inapplicable ; Inapplicable ; Inapplicable ; Inapplicable ; Inapplicable ; Inapplicable ; Pass         ; Inapplicable ; Inapplicable ; Inapplicable ; Inapplicable ; Pass      ; Inapplicable ; Inapplicable ;
; SDRAM_ADDR[6]      ; Pass         ; Pass         ; Pass         ; Inapplicable ; Inapplicable ; Pass      ; Pass         ; Inapplicable ; Pass      ; Pass      ; Pass         ; Inapplicable ; Inapplicable ; Inapplicable ; Inapplicable ; Pass         ; Inapplicable ; Inapplicable ; Inapplicable ; Inapplicable ; Inapplicable ; Inapplicable ; Pass         ; Inapplicable ; Inapplicable ; Inapplicable ; Inapplicable ; Pass      ; Inapplicable ; Inapplicable ;
; SDRAM_ADDR[7]      ; Pass         ; Pass         ; Pass         ; Inapplicable ; Inapplicable ; Pass      ; Pass         ; Inapplicable ; Pass      ; Pass      ; Pass         ; Inapplicable ; Inapplicable ; Inapplicable ; Inapplicable ; Pass         ; Inapplicable ; Inapplicable ; Inapplicable ; Inapplicable ; Inapplicable ; Inapplicable ; Pass         ; Inapplicable ; Inapplicable ; Inapplicable ; Inapplicable ; Pass      ; Inapplicable ; Inapplicable ;
; SDRAM_ADDR[8]      ; Pass         ; Pass         ; Pass         ; Inapplicable ; Inapplicable ; Pass      ; Pass         ; Inapplicable ; Pass      ; Pass      ; Pass         ; Inapplicable ; Inapplicable ; Inapplicable ; Inapplicable ; Pass         ; Inapplicable ; Inapplicable ; Inapplicable ; Inapplicable ; Inapplicable ; Inapplicable ; Pass         ; Inapplicable ; Inapplicable ; Inapplicable ; Inapplicable ; Pass      ; Inapplicable ; Inapplicable ;
; SDRAM_ADDR[9]      ; Pass         ; Pass         ; Pass         ; Inapplicable ; Inapplicable ; Pass      ; Pass         ; Inapplicable ; Pass      ; Pass      ; Pass         ; Inapplicable ; Inapplicable ; Inapplicable ; Inapplicable ; Pass         ; Inapplicable ; Inapplicable ; Inapplicable ; Inapplicable ; Inapplicable ; Inapplicable ; Pass         ; Inapplicable ; Inapplicable ; Inapplicable ; Inapplicable ; Pass      ; Inapplicable ; Inapplicable ;
; SDRAM_ADDR[10]     ; Pass         ; Pass         ; Pass         ; Inapplicable ; Inapplicable ; Pass      ; Pass         ; Inapplicable ; Pass      ; Pass      ; Pass         ; Inapplicable ; Inapplicable ; Inapplicable ; Inapplicable ; Pass         ; Inapplicable ; Inapplicable ; Inapplicable ; Inapplicable ; Inapplicable ; Inapplicable ; Pass         ; Inapplicable ; Inapplicable ; Inapplicable ; Inapplicable ; Pass      ; Inapplicable ; Inapplicable ;
; SDRAM_ADDR[11]     ; Pass         ; Pass         ; Pass         ; Inapplicable ; Inapplicable ; Pass      ; Pass         ; Inapplicable ; Pass      ; Pass      ; Pass         ; Inapplicable ; Inapplicable ; Inapplicable ; Inapplicable ; Pass         ; Inapplicable ; Inapplicable ; Inapplicable ; Inapplicable ; Inapplicable ; Inapplicable ; Pass         ; Inapplicable ; Inapplicable ; Inapplicable ; Inapplicable ; Pass      ; Inapplicable ; Inapplicable ;
; SDRAM_ADDR[12]     ; Pass         ; Pass         ; Pass         ; Inapplicable ; Inapplicable ; Pass      ; Pass         ; Inapplicable ; Pass      ; Pass      ; Pass         ; Inapplicable ; Inapplicable ; Inapplicable ; Inapplicable ; Pass         ; Inapplicable ; Inapplicable ; Inapplicable ; Inapplicable ; Inapplicable ; Inapplicable ; Pass         ; Inapplicable ; Inapplicable ; Inapplicable ; Inapplicable ; Pass      ; Inapplicable ; Inapplicable ;
; SDRAM_BA_0         ; Pass         ; Inapplicable ; Pass         ; Inapplicable ; Inapplicable ; Pass      ; Pass         ; Inapplicable ; Pass      ; Pass      ; Pass         ; Inapplicable ; Inapplicable ; Inapplicable ; Inapplicable ; Pass         ; Inapplicable ; Inapplicable ; Inapplicable ; Inapplicable ; Inapplicable ; Inapplicable ; Pass         ; Inapplicable ; Inapplicable ; Inapplicable ; Inapplicable ; Pass      ; Inapplicable ; Inapplicable ;
; SDRAM_BA_1         ; Pass         ; Inapplicable ; Pass         ; Inapplicable ; Inapplicable ; Pass      ; Pass         ; Inapplicable ; Pass      ; Pass      ; Pass         ; Inapplicable ; Inapplicable ; Inapplicable ; Inapplicable ; Pass         ; Inapplicable ; Inapplicable ; Inapplicable ; Inapplicable ; Inapplicable ; Inapplicable ; Pass         ; Inapplicable ; Inapplicable ; Inapplicable ; Inapplicable ; Pass      ; Inapplicable ; Inapplicable ;
; VGA_R[0]           ; Pass         ; Inapplicable ; Pass         ; Inapplicable ; Inapplicable ; Pass      ; Pass         ; Inapplicable ; Pass      ; Pass      ; Pass         ; Inapplicable ; Inapplicable ; Inapplicable ; Inapplicable ; Pass         ; Inapplicable ; Inapplicable ; Inapplicable ; Inapplicable ; Inapplicable ; Inapplicable ; Pass         ; Inapplicable ; Inapplicable ; Inapplicable ; Inapplicable ; Pass      ; Inapplicable ; Inapplicable ;
; VGA_R[1]           ; Pass         ; Inapplicable ; Pass         ; Inapplicable ; Inapplicable ; Pass      ; Pass         ; Inapplicable ; Pass      ; Pass      ; Pass         ; Inapplicable ; Inapplicable ; Inapplicable ; Inapplicable ; Pass         ; Inapplicable ; Inapplicable ; Inapplicable ; Inapplicable ; Inapplicable ; Inapplicable ; Pass         ; Inapplicable ; Inapplicable ; Inapplicable ; Inapplicable ; Pass      ; Inapplicable ; Inapplicable ;
; VGA_R[2]           ; Pass         ; Inapplicable ; Pass         ; Inapplicable ; Inapplicable ; Pass      ; Pass         ; Inapplicable ; Pass      ; Pass      ; Pass         ; Inapplicable ; Inapplicable ; Inapplicable ; Inapplicable ; Pass         ; Inapplicable ; Inapplicable ; Inapplicable ; Inapplicable ; Inapplicable ; Inapplicable ; Pass         ; Inapplicable ; Inapplicable ; Inapplicable ; Inapplicable ; Pass      ; Inapplicable ; Inapplicable ;
; VGA_R[3]           ; Pass         ; Inapplicable ; Pass         ; Inapplicable ; Inapplicable ; Pass      ; Pass         ; Inapplicable ; Pass      ; Pass      ; Pass         ; Inapplicable ; Inapplicable ; Inapplicable ; Inapplicable ; Pass         ; Inapplicable ; Inapplicable ; Inapplicable ; Inapplicable ; Inapplicable ; Inapplicable ; Pass         ; Inapplicable ; Inapplicable ; Inapplicable ; Inapplicable ; Pass      ; Inapplicable ; Inapplicable ;
; VGA_R[4]           ; Pass         ; Inapplicable ; Pass         ; Inapplicable ; Inapplicable ; Pass      ; Pass         ; Inapplicable ; Pass      ; Pass      ; Pass         ; Inapplicable ; Inapplicable ; Inapplicable ; Inapplicable ; Pass         ; Inapplicable ; Inapplicable ; Inapplicable ; Inapplicable ; Inapplicable ; Inapplicable ; Pass         ; Inapplicable ; Inapplicable ; Inapplicable ; Inapplicable ; Pass      ; Inapplicable ; Inapplicable ;
; VGA_G[0]           ; Inapplicable ; Inapplicable ; Inapplicable ; Inapplicable ; Inapplicable ; Pass      ; Inapplicable ; Inapplicable ; Pass      ; Pass      ; Inapplicable ; Inapplicable ; Inapplicable ; Inapplicable ; Inapplicable ; Inapplicable ; Inapplicable ; Inapplicable ; Inapplicable ; Inapplicable ; Inapplicable ; Inapplicable ; Inapplicable ; Inapplicable ; Inapplicable ; Inapplicable ; Inapplicable ; Pass      ; Inapplicable ; Inapplicable ;
; VGA_G[1]           ; Inapplicable ; Inapplicable ; Inapplicable ; Inapplicable ; Inapplicable ; Pass      ; Inapplicable ; Inapplicable ; Pass      ; Pass      ; Inapplicable ; Inapplicable ; Inapplicable ; Inapplicable ; Inapplicable ; Inapplicable ; Inapplicable ; Inapplicable ; Inapplicable ; Inapplicable ; Inapplicable ; Inapplicable ; Inapplicable ; Inapplicable ; Inapplicable ; Inapplicable ; Inapplicable ; Pass      ; Inapplicable ; Inapplicable ;
; VGA_G[2]           ; Inapplicable ; Inapplicable ; Inapplicable ; Inapplicable ; Inapplicable ; Pass      ; Inapplicable ; Inapplicable ; Pass      ; Pass      ; Inapplicable ; Inapplicable ; Inapplicable ; Inapplicable ; Inapplicable ; Inapplicable ; Inapplicable ; Inapplicable ; Inapplicable ; Inapplicable ; Inapplicable ; Inapplicable ; Inapplicable ; Inapplicable ; Inapplicable ; Inapplicable ; Inapplicable ; Pass      ; Inapplicable ; Inapplicable ;
; VGA_G[3]           ; Pass         ; Inapplicable ; Pass         ; Inapplicable ; Inapplicable ; Pass      ; Pass         ; Inapplicable ; Pass      ; Pass      ; Inapplicable ; Inapplicable ; Inapplicable ; Inapplicable ; Inapplicable ; Inapplicable ; Inapplicable ; Inapplicable ; Inapplicable ; Inapplicable ; Inapplicable ; Inapplicable ; Inapplicable ; Inapplicable ; Inapplicable ; Inapplicable ; Inapplicable ; Pass      ; Inapplicable ; Inapplicable ;
; VGA_G[4]           ; Pass         ; Inapplicable ; Pass         ; Inapplicable ; Inapplicable ; Pass      ; Pass         ; Inapplicable ; Pass      ; Pass      ; Inapplicable ; Inapplicable ; Inapplicable ; Inapplicable ; Inapplicable ; Inapplicable ; Inapplicable ; Inapplicable ; Inapplicable ; Inapplicable ; Inapplicable ; Inapplicable ; Inapplicable ; Inapplicable ; Inapplicable ; Inapplicable ; Inapplicable ; Pass      ; Inapplicable ; Inapplicable ;
; VGA_G[5]           ; Pass         ; Inapplicable ; Pass         ; Inapplicable ; Inapplicable ; Pass      ; Pass         ; Inapplicable ; Pass      ; Pass      ; Inapplicable ; Inapplicable ; Inapplicable ; Inapplicable ; Inapplicable ; Inapplicable ; Inapplicable ; Inapplicable ; Inapplicable ; Inapplicable ; Inapplicable ; Inapplicable ; Inapplicable ; Inapplicable ; Inapplicable ; Inapplicable ; Inapplicable ; Pass      ; Inapplicable ; Inapplicable ;
; VGA_B[0]           ; Inapplicable ; Inapplicable ; Inapplicable ; Inapplicable ; Inapplicable ; Pass      ; Inapplicable ; Inapplicable ; Pass      ; Pass      ; Inapplicable ; Inapplicable ; Inapplicable ; Inapplicable ; Inapplicable ; Inapplicable ; Inapplicable ; Inapplicable ; Inapplicable ; Inapplicable ; Inapplicable ; Inapplicable ; Inapplicable ; Inapplicable ; Inapplicable ; Inapplicable ; Inapplicable ; Pass      ; Inapplicable ; Inapplicable ;
; VGA_B[1]           ; Inapplicable ; Inapplicable ; Inapplicable ; Inapplicable ; Inapplicable ; Pass      ; Inapplicable ; Inapplicable ; Pass      ; Pass      ; Inapplicable ; Inapplicable ; Inapplicable ; Inapplicable ; Inapplicable ; Inapplicable ; Inapplicable ; Inapplicable ; Inapplicable ; Inapplicable ; Inapplicable ; Inapplicable ; Inapplicable ; Inapplicable ; Inapplicable ; Inapplicable ; Inapplicable ; Pass      ; Inapplicable ; Inapplicable ;
; VGA_B[2]           ; Pass         ; Inapplicable ; Pass         ; Inapplicable ; Inapplicable ; Pass      ; Pass         ; Inapplicable ; Pass      ; Pass      ; Inapplicable ; Inapplicable ; Inapplicable ; Inapplicable ; Inapplicable ; Inapplicable ; Inapplicable ; Inapplicable ; Inapplicable ; Inapplicable ; Inapplicable ; Inapplicable ; Inapplicable ; Inapplicable ; Inapplicable ; Inapplicable ; Inapplicable ; Pass      ; Inapplicable ; Inapplicable ;
; VGA_B[3]           ; Pass         ; Inapplicable ; Pass         ; Inapplicable ; Inapplicable ; Pass      ; Pass         ; Inapplicable ; Pass      ; Pass      ; Inapplicable ; Inapplicable ; Inapplicable ; Inapplicable ; Inapplicable ; Inapplicable ; Inapplicable ; Inapplicable ; Inapplicable ; Inapplicable ; Inapplicable ; Inapplicable ; Inapplicable ; Inapplicable ; Inapplicable ; Inapplicable ; Inapplicable ; Pass      ; Inapplicable ; Inapplicable ;
; VGA_B[4]           ; Pass         ; Inapplicable ; Pass         ; Inapplicable ; Inapplicable ; Pass      ; Pass         ; Inapplicable ; Pass      ; Pass      ; Inapplicable ; Inapplicable ; Inapplicable ; Inapplicable ; Inapplicable ; Inapplicable ; Inapplicable ; Inapplicable ; Inapplicable ; Inapplicable ; Inapplicable ; Inapplicable ; Inapplicable ; Inapplicable ; Inapplicable ; Inapplicable ; Inapplicable ; Pass      ; Inapplicable ; Inapplicable ;
; VGA_HSYNC          ; Pass         ; Inapplicable ; Pass         ; Inapplicable ; Inapplicable ; Pass      ; Pass         ; Inapplicable ; Pass      ; Pass      ; Inapplicable ; Inapplicable ; Inapplicable ; Inapplicable ; Inapplicable ; Inapplicable ; Inapplicable ; Inapplicable ; Inapplicable ; Inapplicable ; Inapplicable ; Inapplicable ; Inapplicable ; Inapplicable ; Inapplicable ; Inapplicable ; Inapplicable ; Pass      ; Inapplicable ; Inapplicable ;
; VGA_VSYNC          ; Pass         ; Inapplicable ; Pass         ; Inapplicable ; Inapplicable ; Pass      ; Pass         ; Inapplicable ; Pass      ; Pass      ; Inapplicable ; Inapplicable ; Inapplicable ; Inapplicable ; Inapplicable ; Inapplicable ; Inapplicable ; Inapplicable ; Inapplicable ; Inapplicable ; Inapplicable ; Inapplicable ; Inapplicable ; Inapplicable ; Inapplicable ; Inapplicable ; Inapplicable ; Pass      ; Inapplicable ; Inapplicable ;
; SDRAM_DQ[0]        ; Pass         ; Pass         ; Pass         ; Inapplicable ; Inapplicable ; Pass      ; Pass         ; Inapplicable ; Pass      ; Pass      ; Pass         ; Inapplicable ; Inapplicable ; Inapplicable ; Pass         ; Pass         ; Inapplicable ; Pass         ; Inapplicable ; Inapplicable ; Inapplicable ; Inapplicable ; Pass         ; Inapplicable ; Inapplicable ; Inapplicable ; Inapplicable ; Pass      ; Inapplicable ; Inapplicable ;
; SDRAM_DQ[1]        ; Pass         ; Pass         ; Pass         ; Inapplicable ; Inapplicable ; Pass      ; Pass         ; Inapplicable ; Pass      ; Pass      ; Pass         ; Inapplicable ; Inapplicable ; Inapplicable ; Pass         ; Pass         ; Inapplicable ; Pass         ; Inapplicable ; Inapplicable ; Inapplicable ; Inapplicable ; Pass         ; Inapplicable ; Inapplicable ; Inapplicable ; Inapplicable ; Pass      ; Inapplicable ; Inapplicable ;
; SDRAM_DQ[2]        ; Pass         ; Pass         ; Pass         ; Inapplicable ; Inapplicable ; Pass      ; Pass         ; Inapplicable ; Pass      ; Pass      ; Pass         ; Inapplicable ; Inapplicable ; Inapplicable ; Pass         ; Pass         ; Inapplicable ; Pass         ; Inapplicable ; Inapplicable ; Inapplicable ; Inapplicable ; Pass         ; Inapplicable ; Inapplicable ; Inapplicable ; Inapplicable ; Pass      ; Inapplicable ; Inapplicable ;
; SDRAM_DQ[3]        ; Pass         ; Pass         ; Pass         ; Inapplicable ; Inapplicable ; Pass      ; Pass         ; Inapplicable ; Pass      ; Pass      ; Pass         ; Inapplicable ; Inapplicable ; Inapplicable ; Pass         ; Pass         ; Inapplicable ; Pass         ; Inapplicable ; Inapplicable ; Inapplicable ; Inapplicable ; Pass         ; Inapplicable ; Inapplicable ; Inapplicable ; Inapplicable ; Pass      ; Inapplicable ; Inapplicable ;
; SDRAM_DQ[4]        ; Pass         ; Pass         ; Pass         ; Inapplicable ; Inapplicable ; Pass      ; Pass         ; Inapplicable ; Pass      ; Pass      ; Pass         ; Inapplicable ; Inapplicable ; Inapplicable ; Pass         ; Pass         ; Inapplicable ; Pass         ; Inapplicable ; Inapplicable ; Inapplicable ; Inapplicable ; Pass         ; Inapplicable ; Inapplicable ; Inapplicable ; Inapplicable ; Pass      ; Inapplicable ; Inapplicable ;
; SDRAM_DQ[5]        ; Pass         ; Pass         ; Pass         ; Inapplicable ; Inapplicable ; Pass      ; Pass         ; Inapplicable ; Pass      ; Pass      ; Pass         ; Inapplicable ; Inapplicable ; Inapplicable ; Pass         ; Pass         ; Inapplicable ; Pass         ; Inapplicable ; Inapplicable ; Inapplicable ; Inapplicable ; Pass         ; Inapplicable ; Inapplicable ; Inapplicable ; Inapplicable ; Pass      ; Inapplicable ; Inapplicable ;
; SDRAM_DQ[6]        ; Pass         ; Pass         ; Pass         ; Inapplicable ; Inapplicable ; Pass      ; Pass         ; Inapplicable ; Pass      ; Pass      ; Pass         ; Inapplicable ; Inapplicable ; Inapplicable ; Pass         ; Pass         ; Inapplicable ; Pass         ; Inapplicable ; Inapplicable ; Inapplicable ; Inapplicable ; Pass         ; Inapplicable ; Inapplicable ; Inapplicable ; Inapplicable ; Pass      ; Inapplicable ; Inapplicable ;
; SDRAM_DQ[7]        ; Pass         ; Pass         ; Pass         ; Inapplicable ; Inapplicable ; Pass      ; Pass         ; Inapplicable ; Pass      ; Pass      ; Pass         ; Inapplicable ; Inapplicable ; Inapplicable ; Pass         ; Pass         ; Inapplicable ; Pass         ; Inapplicable ; Inapplicable ; Inapplicable ; Inapplicable ; Pass         ; Inapplicable ; Inapplicable ; Inapplicable ; Inapplicable ; Pass      ; Inapplicable ; Inapplicable ;
; SDRAM_DQ[8]        ; Pass         ; Pass         ; Pass         ; Inapplicable ; Inapplicable ; Pass      ; Pass         ; Inapplicable ; Pass      ; Pass      ; Pass         ; Inapplicable ; Inapplicable ; Inapplicable ; Pass         ; Pass         ; Inapplicable ; Pass         ; Inapplicable ; Inapplicable ; Inapplicable ; Inapplicable ; Pass         ; Inapplicable ; Inapplicable ; Inapplicable ; Inapplicable ; Pass      ; Inapplicable ; Inapplicable ;
; SDRAM_DQ[9]        ; Pass         ; Pass         ; Pass         ; Inapplicable ; Inapplicable ; Pass      ; Pass         ; Inapplicable ; Pass      ; Pass      ; Pass         ; Inapplicable ; Inapplicable ; Inapplicable ; Pass         ; Pass         ; Inapplicable ; Pass         ; Inapplicable ; Inapplicable ; Inapplicable ; Inapplicable ; Pass         ; Inapplicable ; Inapplicable ; Inapplicable ; Inapplicable ; Pass      ; Inapplicable ; Inapplicable ;
; SDRAM_DQ[10]       ; Pass         ; Pass         ; Pass         ; Inapplicable ; Inapplicable ; Pass      ; Pass         ; Inapplicable ; Pass      ; Pass      ; Pass         ; Inapplicable ; Inapplicable ; Inapplicable ; Pass         ; Pass         ; Inapplicable ; Pass         ; Inapplicable ; Inapplicable ; Inapplicable ; Inapplicable ; Pass         ; Inapplicable ; Inapplicable ; Inapplicable ; Inapplicable ; Pass      ; Inapplicable ; Inapplicable ;
; SDRAM_DQ[11]       ; Pass         ; Pass         ; Pass         ; Inapplicable ; Inapplicable ; Pass      ; Pass         ; Inapplicable ; Pass      ; Pass      ; Pass         ; Inapplicable ; Inapplicable ; Inapplicable ; Pass         ; Pass         ; Inapplicable ; Pass         ; Inapplicable ; Inapplicable ; Inapplicable ; Inapplicable ; Pass         ; Inapplicable ; Inapplicable ; Inapplicable ; Inapplicable ; Pass      ; Inapplicable ; Inapplicable ;
; SDRAM_DQ[12]       ; Pass         ; Pass         ; Pass         ; Inapplicable ; Inapplicable ; Pass      ; Pass         ; Inapplicable ; Pass      ; Pass      ; Pass         ; Inapplicable ; Inapplicable ; Inapplicable ; Pass         ; Pass         ; Inapplicable ; Pass         ; Inapplicable ; Inapplicable ; Inapplicable ; Inapplicable ; Pass         ; Inapplicable ; Inapplicable ; Inapplicable ; Inapplicable ; Pass      ; Inapplicable ; Inapplicable ;
; SDRAM_DQ[13]       ; Pass         ; Pass         ; Pass         ; Inapplicable ; Inapplicable ; Pass      ; Pass         ; Inapplicable ; Pass      ; Pass      ; Pass         ; Inapplicable ; Inapplicable ; Inapplicable ; Pass         ; Pass         ; Inapplicable ; Pass         ; Inapplicable ; Inapplicable ; Inapplicable ; Inapplicable ; Pass         ; Inapplicable ; Inapplicable ; Inapplicable ; Inapplicable ; Pass      ; Inapplicable ; Inapplicable ;
; SDRAM_DQ[14]       ; Pass         ; Pass         ; Pass         ; Inapplicable ; Inapplicable ; Pass      ; Pass         ; Inapplicable ; Pass      ; Pass      ; Pass         ; Inapplicable ; Inapplicable ; Inapplicable ; Pass         ; Pass         ; Inapplicable ; Pass         ; Inapplicable ; Inapplicable ; Inapplicable ; Inapplicable ; Pass         ; Inapplicable ; Inapplicable ; Inapplicable ; Inapplicable ; Pass      ; Inapplicable ; Inapplicable ;
; SDRAM_DQ[15]       ; Pass         ; Pass         ; Pass         ; Inapplicable ; Inapplicable ; Pass      ; Pass         ; Inapplicable ; Pass      ; Pass      ; Pass         ; Inapplicable ; Inapplicable ; Inapplicable ; Pass         ; Pass         ; Inapplicable ; Pass         ; Inapplicable ; Inapplicable ; Inapplicable ; Inapplicable ; Pass         ; Inapplicable ; Inapplicable ; Inapplicable ; Inapplicable ; Pass      ; Inapplicable ; Inapplicable ;
; KEY[0]             ; Pass         ; Inapplicable ; Pass         ; Inapplicable ; Inapplicable ; Pass      ; Pass         ; Inapplicable ; Pass      ; Pass      ; Inapplicable ; Inapplicable ; Inapplicable ; Inapplicable ; Pass         ; Inapplicable ; Inapplicable ; Pass         ; Inapplicable ; Inapplicable ; Inapplicable ; Inapplicable ; Inapplicable ; Inapplicable ; Inapplicable ; Inapplicable ; Inapplicable ; Pass      ; Inapplicable ; Inapplicable ;
; KEY[1]             ; Pass         ; Inapplicable ; Pass         ; Inapplicable ; Inapplicable ; Pass      ; Pass         ; Inapplicable ; Pass      ; Pass      ; Inapplicable ; Inapplicable ; Inapplicable ; Inapplicable ; Pass         ; Inapplicable ; Inapplicable ; Pass         ; Inapplicable ; Inapplicable ; Inapplicable ; Inapplicable ; Inapplicable ; Inapplicable ; Inapplicable ; Inapplicable ; Inapplicable ; Pass      ; Inapplicable ; Inapplicable ;
; CLOCK_50           ; Pass         ; Inapplicable ; Pass         ; Inapplicable ; Inapplicable ; Pass      ; Pass         ; Inapplicable ; Pass      ; Pass      ; Inapplicable ; Inapplicable ; Inapplicable ; Inapplicable ; Pass         ; Inapplicable ; Inapplicable ; Pass         ; Inapplicable ; Inapplicable ; Inapplicable ; Inapplicable ; Inapplicable ; Inapplicable ; Inapplicable ; Inapplicable ; Inapplicable ; Pass      ; Inapplicable ; Inapplicable ;
; data_bus[1]        ; Pass         ; Inapplicable ; Pass         ; Inapplicable ; Inapplicable ; Pass      ; Pass         ; Inapplicable ; Pass      ; Pass      ; Inapplicable ; Inapplicable ; Inapplicable ; Inapplicable ; Pass         ; Inapplicable ; Inapplicable ; Pass         ; Inapplicable ; Inapplicable ; Inapplicable ; Inapplicable ; Inapplicable ; Inapplicable ; Inapplicable ; Inapplicable ; Inapplicable ; Pass      ; Inapplicable ; Inapplicable ;
; addr_bus[0]        ; Pass         ; Inapplicable ; Pass         ; Inapplicable ; Inapplicable ; Pass      ; Pass         ; Inapplicable ; Pass      ; Pass      ; Inapplicable ; Inapplicable ; Inapplicable ; Inapplicable ; Pass         ; Inapplicable ; Inapplicable ; Pass         ; Inapplicable ; Inapplicable ; Inapplicable ; Inapplicable ; Inapplicable ; Inapplicable ; Inapplicable ; Inapplicable ; Inapplicable ; Pass      ; Inapplicable ; Inapplicable ;
; addr_bus[2]        ; Pass         ; Inapplicable ; Pass         ; Inapplicable ; Inapplicable ; Pass      ; Pass         ; Inapplicable ; Pass      ; Pass      ; Inapplicable ; Inapplicable ; Inapplicable ; Inapplicable ; Pass         ; Inapplicable ; Inapplicable ; Pass         ; Inapplicable ; Inapplicable ; Inapplicable ; Inapplicable ; Inapplicable ; Inapplicable ; Inapplicable ; Inapplicable ; Inapplicable ; Pass      ; Inapplicable ; Inapplicable ;
; addr_bus[1]        ; Pass         ; Inapplicable ; Pass         ; Inapplicable ; Inapplicable ; Pass      ; Pass         ; Inapplicable ; Pass      ; Pass      ; Inapplicable ; Inapplicable ; Inapplicable ; Inapplicable ; Pass         ; Inapplicable ; Inapplicable ; Pass         ; Inapplicable ; Inapplicable ; Inapplicable ; Inapplicable ; Inapplicable ; Inapplicable ; Inapplicable ; Inapplicable ; Inapplicable ; Pass      ; Inapplicable ; Inapplicable ;
; data_bus[2]        ; Pass         ; Inapplicable ; Pass         ; Inapplicable ; Inapplicable ; Pass      ; Pass         ; Inapplicable ; Pass      ; Pass      ; Inapplicable ; Inapplicable ; Inapplicable ; Inapplicable ; Pass         ; Inapplicable ; Inapplicable ; Pass         ; Inapplicable ; Inapplicable ; Inapplicable ; Inapplicable ; Inapplicable ; Inapplicable ; Inapplicable ; Inapplicable ; Inapplicable ; Pass      ; Inapplicable ; Inapplicable ;
; data_bus[3]        ; Pass         ; Inapplicable ; Pass         ; Inapplicable ; Inapplicable ; Pass      ; Pass         ; Inapplicable ; Pass      ; Pass      ; Inapplicable ; Inapplicable ; Inapplicable ; Inapplicable ; Pass         ; Inapplicable ; Inapplicable ; Pass         ; Inapplicable ; Inapplicable ; Inapplicable ; Inapplicable ; Inapplicable ; Inapplicable ; Inapplicable ; Inapplicable ; Inapplicable ; Pass      ; Inapplicable ; Inapplicable ;
; data_bus[4]        ; Pass         ; Inapplicable ; Pass         ; Inapplicable ; Inapplicable ; Pass      ; Pass         ; Inapplicable ; Pass      ; Pass      ; Inapplicable ; Inapplicable ; Inapplicable ; Inapplicable ; Pass         ; Inapplicable ; Inapplicable ; Pass         ; Inapplicable ; Inapplicable ; Inapplicable ; Inapplicable ; Inapplicable ; Inapplicable ; Inapplicable ; Inapplicable ; Inapplicable ; Pass      ; Inapplicable ; Inapplicable ;
; data_bus[0]        ; Pass         ; Inapplicable ; Pass         ; Inapplicable ; Inapplicable ; Pass      ; Pass         ; Inapplicable ; Pass      ; Pass      ; Inapplicable ; Inapplicable ; Inapplicable ; Inapplicable ; Pass         ; Inapplicable ; Inapplicable ; Pass         ; Inapplicable ; Inapplicable ; Inapplicable ; Inapplicable ; Inapplicable ; Inapplicable ; Inapplicable ; Inapplicable ; Inapplicable ; Pass      ; Inapplicable ; Inapplicable ;
; pixel_stb          ; Pass         ; Inapplicable ; Pass         ; Inapplicable ; Inapplicable ; Pass      ; Pass         ; Inapplicable ; Pass      ; Pass      ; Inapplicable ; Inapplicable ; Inapplicable ; Inapplicable ; Pass         ; Inapplicable ; Inapplicable ; Pass         ; Inapplicable ; Inapplicable ; Inapplicable ; Inapplicable ; Inapplicable ; Inapplicable ; Inapplicable ; Inapplicable ; Inapplicable ; Pass      ; Inapplicable ; Inapplicable ;
; cmd_stb            ; Pass         ; Inapplicable ; Pass         ; Inapplicable ; Inapplicable ; Pass      ; Pass         ; Inapplicable ; Pass      ; Pass      ; Inapplicable ; Inapplicable ; Inapplicable ; Inapplicable ; Pass         ; Inapplicable ; Inapplicable ; Pass         ; Inapplicable ; Inapplicable ; Inapplicable ; Inapplicable ; Inapplicable ; Inapplicable ; Inapplicable ; Inapplicable ; Inapplicable ; Pass      ; Inapplicable ; Inapplicable ;
; data_bus[5]        ; Pass         ; Inapplicable ; Pass         ; Inapplicable ; Inapplicable ; Pass      ; Pass         ; Inapplicable ; Pass      ; Pass      ; Inapplicable ; Inapplicable ; Inapplicable ; Inapplicable ; Pass         ; Inapplicable ; Inapplicable ; Pass         ; Inapplicable ; Inapplicable ; Inapplicable ; Inapplicable ; Inapplicable ; Inapplicable ; Inapplicable ; Inapplicable ; Inapplicable ; Pass      ; Inapplicable ; Inapplicable ;
; data_bus[7]        ; Pass         ; Inapplicable ; Pass         ; Inapplicable ; Inapplicable ; Pass      ; Pass         ; Inapplicable ; Pass      ; Pass      ; Inapplicable ; Inapplicable ; Inapplicable ; Inapplicable ; Pass         ; Inapplicable ; Inapplicable ; Pass         ; Inapplicable ; Inapplicable ; Inapplicable ; Inapplicable ; Inapplicable ; Inapplicable ; Inapplicable ; Inapplicable ; Inapplicable ; Pass      ; Inapplicable ; Inapplicable ;
; data_bus[9]        ; Pass         ; Inapplicable ; Pass         ; Inapplicable ; Inapplicable ; Pass      ; Pass         ; Inapplicable ; Pass      ; Pass      ; Inapplicable ; Inapplicable ; Inapplicable ; Inapplicable ; Pass         ; Inapplicable ; Inapplicable ; Pass         ; Inapplicable ; Inapplicable ; Inapplicable ; Inapplicable ; Inapplicable ; Inapplicable ; Inapplicable ; Inapplicable ; Inapplicable ; Pass      ; Inapplicable ; Inapplicable ;
; data_bus[8]        ; Pass         ; Inapplicable ; Pass         ; Inapplicable ; Inapplicable ; Pass      ; Pass         ; Inapplicable ; Pass      ; Pass      ; Inapplicable ; Inapplicable ; Inapplicable ; Inapplicable ; Pass         ; Inapplicable ; Inapplicable ; Pass         ; Inapplicable ; Inapplicable ; Inapplicable ; Inapplicable ; Inapplicable ; Inapplicable ; Inapplicable ; Inapplicable ; Inapplicable ; Pass      ; Inapplicable ; Inapplicable ;
; data_bus[6]        ; Pass         ; Inapplicable ; Pass         ; Inapplicable ; Inapplicable ; Pass      ; Pass         ; Inapplicable ; Pass      ; Pass      ; Inapplicable ; Inapplicable ; Inapplicable ; Inapplicable ; Pass         ; Inapplicable ; Inapplicable ; Pass         ; Inapplicable ; Inapplicable ; Inapplicable ; Inapplicable ; Inapplicable ; Inapplicable ; Inapplicable ; Inapplicable ; Inapplicable ; Pass      ; Inapplicable ; Inapplicable ;
; data_bus[10]       ; Pass         ; Inapplicable ; Pass         ; Inapplicable ; Inapplicable ; Pass      ; Pass         ; Inapplicable ; Pass      ; Pass      ; Inapplicable ; Inapplicable ; Inapplicable ; Inapplicable ; Pass         ; Inapplicable ; Inapplicable ; Pass         ; Inapplicable ; Inapplicable ; Inapplicable ; Inapplicable ; Inapplicable ; Inapplicable ; Inapplicable ; Inapplicable ; Inapplicable ; Pass      ; Inapplicable ; Inapplicable ;
; data_bus[11]       ; Pass         ; Inapplicable ; Pass         ; Inapplicable ; Inapplicable ; Pass      ; Pass         ; Inapplicable ; Pass      ; Pass      ; Inapplicable ; Inapplicable ; Inapplicable ; Inapplicable ; Pass         ; Inapplicable ; Inapplicable ; Pass         ; Inapplicable ; Inapplicable ; Inapplicable ; Inapplicable ; Inapplicable ; Inapplicable ; Inapplicable ; Inapplicable ; Inapplicable ; Pass      ; Inapplicable ; Inapplicable ;
; data_bus[12]       ; Pass         ; Inapplicable ; Pass         ; Inapplicable ; Inapplicable ; Pass      ; Pass         ; Inapplicable ; Pass      ; Pass      ; Inapplicable ; Inapplicable ; Inapplicable ; Inapplicable ; Pass         ; Inapplicable ; Inapplicable ; Pass         ; Inapplicable ; Inapplicable ; Inapplicable ; Inapplicable ; Inapplicable ; Inapplicable ; Inapplicable ; Inapplicable ; Inapplicable ; Pass      ; Inapplicable ; Inapplicable ;
; data_bus[13]       ; Pass         ; Inapplicable ; Pass         ; Inapplicable ; Inapplicable ; Pass      ; Pass         ; Inapplicable ; Pass      ; Pass      ; Inapplicable ; Inapplicable ; Inapplicable ; Inapplicable ; Pass         ; Inapplicable ; Inapplicable ; Pass         ; Inapplicable ; Inapplicable ; Inapplicable ; Inapplicable ; Inapplicable ; Inapplicable ; Inapplicable ; Inapplicable ; Inapplicable ; Pass      ; Inapplicable ; Inapplicable ;
; data_bus[14]       ; Pass         ; Inapplicable ; Pass         ; Inapplicable ; Inapplicable ; Pass      ; Pass         ; Inapplicable ; Pass      ; Pass      ; Inapplicable ; Inapplicable ; Inapplicable ; Inapplicable ; Pass         ; Inapplicable ; Inapplicable ; Pass         ; Inapplicable ; Inapplicable ; Inapplicable ; Inapplicable ; Inapplicable ; Inapplicable ; Inapplicable ; Inapplicable ; Inapplicable ; Pass      ; Inapplicable ; Inapplicable ;
; data_bus[15]       ; Pass         ; Inapplicable ; Pass         ; Inapplicable ; Inapplicable ; Pass      ; Pass         ; Inapplicable ; Pass      ; Pass      ; Inapplicable ; Inapplicable ; Inapplicable ; Inapplicable ; Pass         ; Inapplicable ; Inapplicable ; Pass         ; Inapplicable ; Inapplicable ; Inapplicable ; Inapplicable ; Inapplicable ; Inapplicable ; Inapplicable ; Inapplicable ; Inapplicable ; Pass      ; Inapplicable ; Inapplicable ;
+--------------------+--------------+--------------+--------------+--------------+--------------+-----------+--------------+--------------+-----------+-----------+--------------+--------------+--------------+--------------+--------------+--------------+--------------+--------------+--------------+--------------+--------------+--------------+--------------+--------------+--------------+--------------+--------------+-----------+--------------+--------------+


+---------------------------------------------------------------------------------------------+
; Fitter Device Options                                                                       ;
+------------------------------------------------------------------+--------------------------+
; Option                                                           ; Setting                  ;
+------------------------------------------------------------------+--------------------------+
; Enable user-supplied start-up clock (CLKUSR)                     ; Off                      ;
; Enable device-wide reset (DEV_CLRn)                              ; Off                      ;
; Enable device-wide output enable (DEV_OE)                        ; Off                      ;
; Enable INIT_DONE output                                          ; Off                      ;
; Configuration scheme                                             ; Active Serial            ;
; Error detection CRC                                              ; Off                      ;
; Enable open drain on CRC_ERROR pin                               ; Off                      ;
; Enable input tri-state on active configuration pins in user mode ; Off                      ;
; Configuration Voltage Level                                      ; Auto                     ;
; Force Configuration Voltage Level                                ; Off                      ;
; nCEO                                                             ; Unreserved               ;
; Data[0]                                                          ; As input tri-stated      ;
; Data[1]/ASDO                                                     ; As input tri-stated      ;
; Data[7..2]                                                       ; Unreserved               ;
; FLASH_nCE/nCSO                                                   ; As input tri-stated      ;
; Other Active Parallel pins                                       ; Unreserved               ;
; DCLK                                                             ; As output driving ground ;
+------------------------------------------------------------------+--------------------------+


+------------------------------------+
; Operating Settings and Conditions  ;
+---------------------------+--------+
; Setting                   ; Value  ;
+---------------------------+--------+
; Nominal Core Voltage      ; 1.20 V ;
; Low Junction Temperature  ; 0 °C   ;
; High Junction Temperature ; 85 °C  ;
+---------------------------+--------+


+-----------------------------------------------------------------------------------------------------------------------------------------+
; Estimated Delay Added for Hold Timing Summary                                                                                           ;
+----------------------------------------------------------+----------------------------------------------------------+-------------------+
; Source Clock(s)                                          ; Destination Clock(s)                                     ; Delay Added in ns ;
+----------------------------------------------------------+----------------------------------------------------------+-------------------+
; inst_pll_vga|altpll_component|auto_generated|pll1|clk[0] ; inst_pll_vga|altpll_component|auto_generated|pll1|clk[0] ; 2.9               ;
+----------------------------------------------------------+----------------------------------------------------------+-------------------+
Note: For more information on problematic transfers, consider running the Fitter again with the Optimize hold timing option (Settings Menu) turned off.
This will disable optimization of problematic paths and expose them for further analysis using the Timing Analyzer.


+-------------------------------------------------------------------------------------------------------------------------------------------------------------------------------------------------------------------------------------------------------------------------------------------------------------------------------------------------+
; Estimated Delay Added for Hold Timing Details                                                                                                                                                                                                                                                                                                   ;
+----------------------------------------------------------------------------------------------------------------------------------------------------+------------------------------------------------------------------------------------------------------------------------------------------------------------------------+-------------------+
; Source Register                                                                                                                                    ; Destination Register                                                                                                                                                   ; Delay Added in ns ;
+----------------------------------------------------------------------------------------------------------------------------------------------------+------------------------------------------------------------------------------------------------------------------------------------------------------------------------+-------------------+
; vga_subsystem_top:inst_vga_subsystem|sdram:sdram_ctrl|colLoadNr[1]                                                                                 ; vga_subsystem_top:inst_vga_subsystem|ram2:read_buffer|altsyncram:altsyncram_component|altsyncram_mno3:auto_generated|ram_block1a11~porta_address_reg0                  ; 0.281             ;
; vga_subsystem_top:inst_vga_subsystem|vga_fifo:pixel_fifo|dcfifo:dcfifo_component|dcfifo_eok1:auto_generated|wrptr_g[1]                             ; vga_subsystem_top:inst_vga_subsystem|vga_fifo:pixel_fifo|dcfifo:dcfifo_component|dcfifo_eok1:auto_generated|altsyncram_7o41:fifo_ram|ram_block11a12~porta_address_reg0 ; 0.277             ;
; vga_subsystem_top:inst_vga_subsystem|vga_fifo:pixel_fifo|dcfifo:dcfifo_component|dcfifo_eok1:auto_generated|wrptr_g[2]                             ; vga_subsystem_top:inst_vga_subsystem|vga_fifo:pixel_fifo|dcfifo:dcfifo_component|dcfifo_eok1:auto_generated|altsyncram_7o41:fifo_ram|ram_block11a12~porta_address_reg0 ; 0.277             ;
; vga_subsystem_top:inst_vga_subsystem|vga_fifo:pixel_fifo|dcfifo:dcfifo_component|dcfifo_eok1:auto_generated|wrptr_g[4]                             ; vga_subsystem_top:inst_vga_subsystem|vga_fifo:pixel_fifo|dcfifo:dcfifo_component|dcfifo_eok1:auto_generated|altsyncram_7o41:fifo_ram|ram_block11a12~porta_address_reg0 ; 0.277             ;
; vga_subsystem_top:inst_vga_subsystem|fifo_wr_data[39]                                                                                              ; vga_subsystem_top:inst_vga_subsystem|vga_fifo:pixel_fifo|dcfifo:dcfifo_component|dcfifo_eok1:auto_generated|altsyncram_7o41:fifo_ram|ram_block11a39~porta_datain_reg0  ; 0.232             ;
; vga_subsystem_top:inst_vga_subsystem|fifo_wr_data[38]                                                                                              ; vga_subsystem_top:inst_vga_subsystem|vga_fifo:pixel_fifo|dcfifo:dcfifo_component|dcfifo_eok1:auto_generated|altsyncram_7o41:fifo_ram|ram_block11a38~porta_datain_reg0  ; 0.232             ;
; vga_subsystem_top:inst_vga_subsystem|fifo_wr_data[37]                                                                                              ; vga_subsystem_top:inst_vga_subsystem|vga_fifo:pixel_fifo|dcfifo:dcfifo_component|dcfifo_eok1:auto_generated|altsyncram_7o41:fifo_ram|ram_block11a37~porta_datain_reg0  ; 0.222             ;
; vga_subsystem_top:inst_vga_subsystem|fifo_wr_data[36]                                                                                              ; vga_subsystem_top:inst_vga_subsystem|vga_fifo:pixel_fifo|dcfifo:dcfifo_component|dcfifo_eok1:auto_generated|altsyncram_7o41:fifo_ram|ram_block11a36~porta_datain_reg0  ; 0.222             ;
; vga_subsystem_top:inst_vga_subsystem|fifo_wr_data[19]                                                                                              ; vga_subsystem_top:inst_vga_subsystem|vga_fifo:pixel_fifo|dcfifo:dcfifo_component|dcfifo_eok1:auto_generated|altsyncram_7o41:fifo_ram|ram_block11a19~porta_datain_reg0  ; 0.222             ;
; vga_subsystem_top:inst_vga_subsystem|fifo_wr_data[17]                                                                                              ; vga_subsystem_top:inst_vga_subsystem|vga_fifo:pixel_fifo|dcfifo:dcfifo_component|dcfifo_eok1:auto_generated|altsyncram_7o41:fifo_ram|ram_block11a17~porta_datain_reg0  ; 0.222             ;
; vga_subsystem_top:inst_vga_subsystem|fifo_wr_data[16]                                                                                              ; vga_subsystem_top:inst_vga_subsystem|vga_fifo:pixel_fifo|dcfifo:dcfifo_component|dcfifo_eok1:auto_generated|altsyncram_7o41:fifo_ram|ram_block11a16~porta_datain_reg0  ; 0.222             ;
; vga_subsystem_top:inst_vga_subsystem|vgaout:vga_engine|row_number[8]                                                                               ; vga_subsystem_top:inst_vga_subsystem|sdram:sdram_ctrl|curRow[8]                                                                                                        ; 0.200             ;
; vga_subsystem_top:inst_vga_subsystem|vgaout:vga_engine|row_number[5]                                                                               ; vga_subsystem_top:inst_vga_subsystem|sdram:sdram_ctrl|curRow[5]                                                                                                        ; 0.200             ;
; vga_subsystem_top:inst_vga_subsystem|vgaout:vga_engine|row_number[2]                                                                               ; vga_subsystem_top:inst_vga_subsystem|sdram:sdram_ctrl|curRow[2]                                                                                                        ; 0.200             ;
; vga_subsystem_top:inst_vga_subsystem|vgaout:vga_engine|col_number[0]                                                                               ; vga_subsystem_top:inst_vga_subsystem|ram2:read_buffer|altsyncram:altsyncram_component|altsyncram_mno3:auto_generated|ram_block1a9~portb_address_reg0                   ; 0.116             ;
; vga_subsystem_top:inst_vga_subsystem|vgaout:vga_engine|col_number[2]                                                                               ; vga_subsystem_top:inst_vga_subsystem|ram2:read_buffer|altsyncram:altsyncram_component|altsyncram_mno3:auto_generated|ram_block1a9~portb_address_reg0                   ; 0.105             ;
; vga_subsystem_top:inst_vga_subsystem|vgaout:vga_engine|col_number[3]                                                                               ; vga_subsystem_top:inst_vga_subsystem|ram2:read_buffer|altsyncram:altsyncram_component|altsyncram_mno3:auto_generated|ram_block1a9~portb_address_reg0                   ; 0.105             ;
; vga_subsystem_top:inst_vga_subsystem|vgaout:vga_engine|col_number[4]                                                                               ; vga_subsystem_top:inst_vga_subsystem|ram2:read_buffer|altsyncram:altsyncram_component|altsyncram_mno3:auto_generated|ram_block1a9~portb_address_reg0                   ; 0.105             ;
; vga_subsystem_top:inst_vga_subsystem|vgaout:vga_engine|col_number[6]                                                                               ; vga_subsystem_top:inst_vga_subsystem|ram2:read_buffer|altsyncram:altsyncram_component|altsyncram_mno3:auto_generated|ram_block1a9~portb_address_reg0                   ; 0.105             ;
; vga_subsystem_top:inst_vga_subsystem|sdram:sdram_ctrl|colLoadNr[0]                                                                                 ; vga_subsystem_top:inst_vga_subsystem|ram2:read_buffer|altsyncram:altsyncram_component|altsyncram_mno3:auto_generated|ram_block1a11~porta_address_reg0                  ; 0.059             ;
; vga_subsystem_top:inst_vga_subsystem|vgaout:vga_engine|row_number[7]                                                                               ; vga_subsystem_top:inst_vga_subsystem|sdram:sdram_ctrl|curRow[7]                                                                                                        ; 0.058             ;
; vga_subsystem_top:inst_vga_subsystem|vgaout:vga_engine|row_number[0]                                                                               ; vga_subsystem_top:inst_vga_subsystem|sdram:sdram_ctrl|curRow[0]                                                                                                        ; 0.058             ;
; vga_subsystem_top:inst_vga_subsystem|sdram:sdram_ctrl|colLoadNr[5]                                                                                 ; vga_subsystem_top:inst_vga_subsystem|ram2:read_buffer|altsyncram:altsyncram_component|altsyncram_mno3:auto_generated|ram_block1a11~porta_address_reg0                  ; 0.053             ;
; vga_subsystem_top:inst_vga_subsystem|sdram:sdram_ctrl|colLoadNr[4]                                                                                 ; vga_subsystem_top:inst_vga_subsystem|ram2:read_buffer|altsyncram:altsyncram_component|altsyncram_mno3:auto_generated|ram_block1a11~porta_address_reg0                  ; 0.053             ;
; vga_subsystem_top:inst_vga_subsystem|sdram:sdram_ctrl|colLoadNr[3]                                                                                 ; vga_subsystem_top:inst_vga_subsystem|ram2:read_buffer|altsyncram:altsyncram_component|altsyncram_mno3:auto_generated|ram_block1a11~porta_address_reg0                  ; 0.052             ;
; vga_subsystem_top:inst_vga_subsystem|sdram:sdram_ctrl|colLoadNr[6]                                                                                 ; vga_subsystem_top:inst_vga_subsystem|ram2:read_buffer|altsyncram:altsyncram_component|altsyncram_mno3:auto_generated|ram_block1a11~porta_address_reg0                  ; 0.051             ;
; vga_subsystem_top:inst_vga_subsystem|sdram:sdram_ctrl|colLoadNr[2]                                                                                 ; vga_subsystem_top:inst_vga_subsystem|ram2:read_buffer|altsyncram:altsyncram_component|altsyncram_mno3:auto_generated|ram_block1a11~porta_address_reg0                  ; 0.049             ;
; vga_subsystem_top:inst_vga_subsystem|sdram:sdram_ctrl|colLoadNr[7]                                                                                 ; vga_subsystem_top:inst_vga_subsystem|ram2:read_buffer|altsyncram:altsyncram_component|altsyncram_mno3:auto_generated|ram_block1a11~porta_address_reg0                  ; 0.049             ;
; vga_subsystem_top:inst_vga_subsystem|fifo_wr_data[33]                                                                                              ; vga_subsystem_top:inst_vga_subsystem|vga_fifo:pixel_fifo|dcfifo:dcfifo_component|dcfifo_eok1:auto_generated|altsyncram_7o41:fifo_ram|ram_block11a33~porta_datain_reg0  ; 0.035             ;
; vga_subsystem_top:inst_vga_subsystem|fifo_wr_data[24]                                                                                              ; vga_subsystem_top:inst_vga_subsystem|vga_fifo:pixel_fifo|dcfifo:dcfifo_component|dcfifo_eok1:auto_generated|altsyncram_7o41:fifo_ram|ram_block11a24~porta_datain_reg0  ; 0.035             ;
; vga_subsystem_top:inst_vga_subsystem|fifo_wr_data[32]                                                                                              ; vga_subsystem_top:inst_vga_subsystem|vga_fifo:pixel_fifo|dcfifo:dcfifo_component|dcfifo_eok1:auto_generated|altsyncram_7o41:fifo_ram|ram_block11a32~porta_datain_reg0  ; 0.035             ;
; vga_subsystem_top:inst_vga_subsystem|fifo_wr_data[23]                                                                                              ; vga_subsystem_top:inst_vga_subsystem|vga_fifo:pixel_fifo|dcfifo:dcfifo_component|dcfifo_eok1:auto_generated|altsyncram_7o41:fifo_ram|ram_block11a23~porta_datain_reg0  ; 0.035             ;
; vga_subsystem_top:inst_vga_subsystem|fifo_wr_data[22]                                                                                              ; vga_subsystem_top:inst_vga_subsystem|vga_fifo:pixel_fifo|dcfifo:dcfifo_component|dcfifo_eok1:auto_generated|altsyncram_7o41:fifo_ram|ram_block11a22~porta_datain_reg0  ; 0.035             ;
; vga_subsystem_top:inst_vga_subsystem|fifo_wr_data[30]                                                                                              ; vga_subsystem_top:inst_vga_subsystem|vga_fifo:pixel_fifo|dcfifo:dcfifo_component|dcfifo_eok1:auto_generated|altsyncram_7o41:fifo_ram|ram_block11a30~porta_datain_reg0  ; 0.035             ;
; vga_subsystem_top:inst_vga_subsystem|fifo_wr_data[25]                                                                                              ; vga_subsystem_top:inst_vga_subsystem|vga_fifo:pixel_fifo|dcfifo:dcfifo_component|dcfifo_eok1:auto_generated|altsyncram_7o41:fifo_ram|ram_block11a25~porta_datain_reg0  ; 0.035             ;
; vga_subsystem_top:inst_vga_subsystem|vga_fifo:pixel_fifo|dcfifo:dcfifo_component|dcfifo_eok1:auto_generated|wrptr_g[6]                             ; vga_subsystem_top:inst_vga_subsystem|vga_fifo:pixel_fifo|dcfifo:dcfifo_component|dcfifo_eok1:auto_generated|altsyncram_7o41:fifo_ram|ram_block11a12~porta_address_reg0 ; 0.033             ;
; vga_subsystem_top:inst_vga_subsystem|vga_fifo:pixel_fifo|dcfifo:dcfifo_component|dcfifo_eok1:auto_generated|wrptr_g[3]                             ; vga_subsystem_top:inst_vga_subsystem|vga_fifo:pixel_fifo|dcfifo:dcfifo_component|dcfifo_eok1:auto_generated|altsyncram_7o41:fifo_ram|ram_block11a12~porta_address_reg0 ; 0.033             ;
; vga_subsystem_top:inst_vga_subsystem|vga_fifo:pixel_fifo|dcfifo:dcfifo_component|dcfifo_eok1:auto_generated|a_graycounter_pjc:wrptr_g1p|counter8a0 ; vga_subsystem_top:inst_vga_subsystem|vga_fifo:pixel_fifo|dcfifo:dcfifo_component|dcfifo_eok1:auto_generated|a_graycounter_pjc:wrptr_g1p|counter8a1                     ; 0.030             ;
; vga_subsystem_top:inst_vga_subsystem|sdram:sdram_ctrl|colLoadNr[9]                                                                                 ; vga_subsystem_top:inst_vga_subsystem|ram2:read_buffer|altsyncram:altsyncram_component|altsyncram_mno3:auto_generated|ram_block1a11~porta_address_reg0                  ; 0.027             ;
; vga_subsystem_top:inst_vga_subsystem|vga_fifo:pixel_fifo|dcfifo:dcfifo_component|dcfifo_eok1:auto_generated|wrptr_g[0]                             ; vga_subsystem_top:inst_vga_subsystem|vga_fifo:pixel_fifo|dcfifo:dcfifo_component|dcfifo_eok1:auto_generated|altsyncram_7o41:fifo_ram|ram_block11a12~porta_address_reg0 ; 0.025             ;
; vga_subsystem_top:inst_vga_subsystem|vga_fifo:pixel_fifo|dcfifo:dcfifo_component|dcfifo_eok1:auto_generated|wrptr_g[5]                             ; vga_subsystem_top:inst_vga_subsystem|vga_fifo:pixel_fifo|dcfifo:dcfifo_component|dcfifo_eok1:auto_generated|altsyncram_7o41:fifo_ram|ram_block11a12~porta_address_reg0 ; 0.025             ;
; vga_subsystem_top:inst_vga_subsystem|fifo_wr_data[35]                                                                                              ; vga_subsystem_top:inst_vga_subsystem|vga_fifo:pixel_fifo|dcfifo:dcfifo_component|dcfifo_eok1:auto_generated|altsyncram_7o41:fifo_ram|ram_block11a35~porta_datain_reg0  ; 0.025             ;
; vga_subsystem_top:inst_vga_subsystem|fifo_wr_data[34]                                                                                              ; vga_subsystem_top:inst_vga_subsystem|vga_fifo:pixel_fifo|dcfifo:dcfifo_component|dcfifo_eok1:auto_generated|altsyncram_7o41:fifo_ram|ram_block11a34~porta_datain_reg0  ; 0.025             ;
; vga_subsystem_top:inst_vga_subsystem|fifo_wr_data[28]                                                                                              ; vga_subsystem_top:inst_vga_subsystem|vga_fifo:pixel_fifo|dcfifo:dcfifo_component|dcfifo_eok1:auto_generated|altsyncram_7o41:fifo_ram|ram_block11a28~porta_datain_reg0  ; 0.025             ;
; vga_subsystem_top:inst_vga_subsystem|fifo_wr_data[18]                                                                                              ; vga_subsystem_top:inst_vga_subsystem|vga_fifo:pixel_fifo|dcfifo:dcfifo_component|dcfifo_eok1:auto_generated|altsyncram_7o41:fifo_ram|ram_block11a18~porta_datain_reg0  ; 0.025             ;
; vga_subsystem_top:inst_vga_subsystem|sdram:sdram_ctrl|colLoadNr[8]                                                                                 ; vga_subsystem_top:inst_vga_subsystem|ram2:read_buffer|altsyncram:altsyncram_component|altsyncram_mno3:auto_generated|ram_block1a11~porta_address_reg0                  ; 0.024             ;
; vga_subsystem_top:inst_vga_subsystem|vga_fifo:pixel_fifo|dcfifo:dcfifo_component|dcfifo_eok1:auto_generated|a_graycounter_t57:rdptr_g1p|counter5a7 ; vga_subsystem_top:inst_vga_subsystem|vga_fifo:pixel_fifo|dcfifo:dcfifo_component|dcfifo_eok1:auto_generated|a_graycounter_t57:rdptr_g1p|sub_parity7a[1]                ; 0.023             ;
; vga_subsystem_top:inst_vga_subsystem|vga_fifo:pixel_fifo|dcfifo:dcfifo_component|dcfifo_eok1:auto_generated|a_graycounter_t57:rdptr_g1p|counter5a1 ; vga_subsystem_top:inst_vga_subsystem|vga_fifo:pixel_fifo|dcfifo:dcfifo_component|dcfifo_eok1:auto_generated|a_graycounter_t57:rdptr_g1p|sub_parity7a[0]                ; 0.022             ;
; vga_subsystem_top:inst_vga_subsystem|vga_fifo:pixel_fifo|dcfifo:dcfifo_component|dcfifo_eok1:auto_generated|a_graycounter_t57:rdptr_g1p|counter5a4 ; vga_subsystem_top:inst_vga_subsystem|vga_fifo:pixel_fifo|dcfifo:dcfifo_component|dcfifo_eok1:auto_generated|a_graycounter_t57:rdptr_g1p|sub_parity7a[1]                ; 0.021             ;
+----------------------------------------------------------------------------------------------------------------------------------------------------+------------------------------------------------------------------------------------------------------------------------------------------------------------------------+-------------------+
Note: This table only shows the top 49 path(s) that have the largest delay added for hold.


+-----------------+
; Fitter Messages ;
+-----------------+
Info (16303): Aggressive Performance optimization mode selected -- timing performance will be prioritized at the potential cost of increased logic area and compilation time
Info (20032): Parallel compilation is enabled and will use up to 4 processors
Info (119006): Selected device EP4CE22F17C6 for design "VGA_Subsystem"
Info (21077): Low junction temperature is 0 degrees C
Info (21077): High junction temperature is 85 degrees C
Info (15535): Implemented PLL "pll_vga:inst_pll_vga|altpll:altpll_component|pll_vga_altpll:auto_generated|pll1" as Cyclone IV E PLL type File: D:/LAVORI/VGA_SUBSYSTEM_V3/db/pll_vga_altpll.v Line: 46
    Info (15099): Implementing clock multiplication of 14, clock division of 5, and phase shift of 0 degrees (0 ps) for pll_vga:inst_pll_vga|altpll:altpll_component|pll_vga_altpll:auto_generated|wire_pll1_clk[0] port File: D:/LAVORI/VGA_SUBSYSTEM_V3/db/pll_vga_altpll.v Line: 46
    Info (15099): Implementing clock multiplication of 63, clock division of 125, and phase shift of 0 degrees (0 ps) for pll_vga:inst_pll_vga|altpll:altpll_component|pll_vga_altpll:auto_generated|wire_pll1_clk[1] port File: D:/LAVORI/VGA_SUBSYSTEM_V3/db/pll_vga_altpll.v Line: 46
    Info (15099): Implementing clock multiplication of 14, clock division of 5, and phase shift of 40 degrees (794 ps) for pll_vga:inst_pll_vga|altpll:altpll_component|pll_vga_altpll:auto_generated|wire_pll1_clk[2] port File: D:/LAVORI/VGA_SUBSYSTEM_V3/db/pll_vga_altpll.v Line: 46
Info (171004): Fitter is performing a Standard Fit compilation using maximum Fitter effort to optimize design performance
Info (176444): Device migration not selected. If you intend to use device migration later, you may need to change the pin assignments as they may be incompatible with other devices
    Info (176445): Device EP4CE10F17C6 is compatible
    Info (176445): Device EP4CE6F17C6 is compatible
    Info (176445): Device EP4CE15F17C6 is compatible
Info (169124): Fitter converted 4 user pins into dedicated programming pins
    Info (169125): Pin ~ALTERA_ASDO_DATA1~ is reserved at location C1
    Info (169125): Pin ~ALTERA_FLASH_nCE_nCSO~ is reserved at location D2
    Info (169125): Pin ~ALTERA_DCLK~ is reserved at location H1
    Info (169125): Pin ~ALTERA_DATA0~ is reserved at location H2
Warning (15714): Some pins have incomplete I/O assignments. Refer to the I/O Assignment Warnings report for details
Info (176045): Design uses memory blocks. Violating setup or hold times of memory block address registers for either read or write operations could cause memory contents to be corrupted. Make sure that all memory block address registers meet the setup and hold time requirements.
Critical Warning (169085): No exact pin location assignment(s) for 10 pins of 87 total pins. For the list of pins please refer to the I/O Assignment Warnings table in the fitter report.
Info (332164): Evaluating HDL-embedded SDC commands
    Info (332165): Entity dcfifo_eok1
        Info (332166): set_false_path -from *rdptr_g* -to *ws_dgrp|dffpipe_id9:dffpipe18|dffe19a* 
        Info (332166): set_false_path -from *delayed_wrptr_g* -to *rs_dgwp|dffpipe_hd9:dffpipe14|dffe15a* 
Info (332104): Reading SDC File: 'VGA_Subsystem.sdc'
Info (332110): Deriving PLL clocks
    Info (332110): create_generated_clock -source {inst_pll_vga|altpll_component|auto_generated|pll1|inclk[0]} -divide_by 5 -multiply_by 14 -duty_cycle 50.00 -name {inst_pll_vga|altpll_component|auto_generated|pll1|clk[0]} {inst_pll_vga|altpll_component|auto_generated|pll1|clk[0]}
    Info (332110): create_generated_clock -source {inst_pll_vga|altpll_component|auto_generated|pll1|inclk[0]} -divide_by 125 -multiply_by 63 -duty_cycle 50.00 -name {inst_pll_vga|altpll_component|auto_generated|pll1|clk[1]} {inst_pll_vga|altpll_component|auto_generated|pll1|clk[1]}
    Info (332110): create_generated_clock -source {inst_pll_vga|altpll_component|auto_generated|pll1|inclk[0]} -divide_by 5 -multiply_by 14 -phase 40.00 -duty_cycle 50.00 -name {inst_pll_vga|altpll_component|auto_generated|pll1|clk[2]} {inst_pll_vga|altpll_component|auto_generated|pll1|clk[2]}
Info (332151): Clock uncertainty is not calculated until you update the timing netlist.
Warning (332174): Ignored filter at VGA_Subsystem.sdc(74): altera_reserved_tck could not be matched with a port File: D:/LAVORI/VGA_SUBSYSTEM_V3/VGA_Subsystem.sdc Line: 74
Warning (332049): Ignored set_false_path at VGA_Subsystem.sdc(74): Argument <from> is an empty collection File: D:/LAVORI/VGA_SUBSYSTEM_V3/VGA_Subsystem.sdc Line: 74
    Info (332050): set_false_path -from [get_ports {altera_reserved_tck}] File: D:/LAVORI/VGA_SUBSYSTEM_V3/VGA_Subsystem.sdc Line: 74
Warning (332049): Ignored set_false_path at VGA_Subsystem.sdc(75): Argument <to> is an empty collection File: D:/LAVORI/VGA_SUBSYSTEM_V3/VGA_Subsystem.sdc Line: 75
    Info (332050): set_false_path -to [get_ports {altera_reserved_tck}] File: D:/LAVORI/VGA_SUBSYSTEM_V3/VGA_Subsystem.sdc Line: 75
Warning (332174): Ignored filter at VGA_Subsystem.sdc(77): DRAM_ADDR[*] could not be matched with a port File: D:/LAVORI/VGA_SUBSYSTEM_V3/VGA_Subsystem.sdc Line: 77
Warning (332049): Ignored set_false_path at VGA_Subsystem.sdc(77): Argument <to> is an empty collection File: D:/LAVORI/VGA_SUBSYSTEM_V3/VGA_Subsystem.sdc Line: 77
    Info (332050): set_false_path -to [get_ports {DRAM_ADDR[*]}] File: D:/LAVORI/VGA_SUBSYSTEM_V3/VGA_Subsystem.sdc Line: 77
Warning (332174): Ignored filter at VGA_Subsystem.sdc(78): DRAM_BA[*] could not be matched with a port File: D:/LAVORI/VGA_SUBSYSTEM_V3/VGA_Subsystem.sdc Line: 78
Warning (332049): Ignored set_false_path at VGA_Subsystem.sdc(78): Argument <to> is an empty collection File: D:/LAVORI/VGA_SUBSYSTEM_V3/VGA_Subsystem.sdc Line: 78
    Info (332050): set_false_path -to [get_ports {DRAM_BA[*]}] File: D:/LAVORI/VGA_SUBSYSTEM_V3/VGA_Subsystem.sdc Line: 78
Warning (332174): Ignored filter at VGA_Subsystem.sdc(79): DRAM_CAS_N could not be matched with a port File: D:/LAVORI/VGA_SUBSYSTEM_V3/VGA_Subsystem.sdc Line: 79
Warning (332049): Ignored set_false_path at VGA_Subsystem.sdc(79): Argument <to> is an empty collection File: D:/LAVORI/VGA_SUBSYSTEM_V3/VGA_Subsystem.sdc Line: 79
    Info (332050): set_false_path -to [get_ports {DRAM_CAS_N}] File: D:/LAVORI/VGA_SUBSYSTEM_V3/VGA_Subsystem.sdc Line: 79
Warning (332174): Ignored filter at VGA_Subsystem.sdc(80): DRAM_RAS_N could not be matched with a port File: D:/LAVORI/VGA_SUBSYSTEM_V3/VGA_Subsystem.sdc Line: 80
Warning (332049): Ignored set_false_path at VGA_Subsystem.sdc(80): Argument <to> is an empty collection File: D:/LAVORI/VGA_SUBSYSTEM_V3/VGA_Subsystem.sdc Line: 80
    Info (332050): set_false_path -to [get_ports {DRAM_RAS_N}] File: D:/LAVORI/VGA_SUBSYSTEM_V3/VGA_Subsystem.sdc Line: 80
Warning (332174): Ignored filter at VGA_Subsystem.sdc(81): DRAM_WE_N could not be matched with a port File: D:/LAVORI/VGA_SUBSYSTEM_V3/VGA_Subsystem.sdc Line: 81
Warning (332049): Ignored set_false_path at VGA_Subsystem.sdc(81): Argument <to> is an empty collection File: D:/LAVORI/VGA_SUBSYSTEM_V3/VGA_Subsystem.sdc Line: 81
    Info (332050): set_false_path -to [get_ports {DRAM_WE_N}] File: D:/LAVORI/VGA_SUBSYSTEM_V3/VGA_Subsystem.sdc Line: 81
Warning (332174): Ignored filter at VGA_Subsystem.sdc(82): DRAM_CS_N could not be matched with a port File: D:/LAVORI/VGA_SUBSYSTEM_V3/VGA_Subsystem.sdc Line: 82
Warning (332049): Ignored set_false_path at VGA_Subsystem.sdc(82): Argument <to> is an empty collection File: D:/LAVORI/VGA_SUBSYSTEM_V3/VGA_Subsystem.sdc Line: 82
    Info (332050): set_false_path -to [get_ports {DRAM_CS_N}] File: D:/LAVORI/VGA_SUBSYSTEM_V3/VGA_Subsystem.sdc Line: 82
Warning (332174): Ignored filter at VGA_Subsystem.sdc(83): DRAM_CKE could not be matched with a port File: D:/LAVORI/VGA_SUBSYSTEM_V3/VGA_Subsystem.sdc Line: 83
Warning (332049): Ignored set_false_path at VGA_Subsystem.sdc(83): Argument <to> is an empty collection File: D:/LAVORI/VGA_SUBSYSTEM_V3/VGA_Subsystem.sdc Line: 83
    Info (332050): set_false_path -to [get_ports {DRAM_CKE}] File: D:/LAVORI/VGA_SUBSYSTEM_V3/VGA_Subsystem.sdc Line: 83
Info (332154): The derive_clock_uncertainty command did not apply clock uncertainty to any clock-to-clock transfers.
Info (332129): Detected timing requirements -- optimizing circuit to achieve only the specified requirements
Info (332111): Found 4 clocks
    Info (332111):   Period   Clock Name
    Info (332111): ======== ============
    Info (332111):   20.000     CLOCK_50
    Info (332111):    7.142 inst_pll_vga|altpll_component|auto_generated|pll1|clk[0]
    Info (332111):   39.682 inst_pll_vga|altpll_component|auto_generated|pll1|clk[1]
    Info (332111):    7.142 inst_pll_vga|altpll_component|auto_generated|pll1|clk[2]
Info (176353): Automatically promoted node pll_vga:inst_pll_vga|altpll:altpll_component|pll_vga_altpll:auto_generated|wire_pll1_clk[0] (placed in counter C0 of PLL_4) File: D:/LAVORI/VGA_SUBSYSTEM_V3/db/pll_vga_altpll.v Line: 81
    Info (176355): Automatically promoted destinations to use location or clock signal Global Clock CLKCTRL_G18
Info (176353): Automatically promoted node pll_vga:inst_pll_vga|altpll:altpll_component|pll_vga_altpll:auto_generated|wire_pll1_clk[1] (placed in counter C2 of PLL_4) File: D:/LAVORI/VGA_SUBSYSTEM_V3/db/pll_vga_altpll.v Line: 81
    Info (176355): Automatically promoted destinations to use location or clock signal Global Clock CLKCTRL_G17
Info (176353): Automatically promoted node pll_vga:inst_pll_vga|altpll:altpll_component|pll_vga_altpll:auto_generated|wire_pll1_clk[2] (placed in counter C1 of PLL_4) File: D:/LAVORI/VGA_SUBSYSTEM_V3/db/pll_vga_altpll.v Line: 81
    Info (176355): Automatically promoted destinations to use location or clock signal Global Clock CLKCTRL_G19
Info (176353): Automatically promoted node rstn_i~0  File: D:/LAVORI/VGA_SUBSYSTEM_V3/src/top.vhd Line: 112
    Info (176355): Automatically promoted destinations to use location or clock signal Global Clock
    Info (176356): Following destination nodes may be non-global or may not use global or regional clocks
        Info (176357): Destination node vga_subsystem_top:inst_vga_subsystem|fifo_wr_data[16]~0 File: D:/LAVORI/VGA_SUBSYSTEM_V3/src/VGA/vga_subsystem_top.vhd Line: 84
        Info (176357): Destination node vga_subsystem_top:inst_vga_subsystem|reg_mode[0]~0 File: D:/LAVORI/VGA_SUBSYSTEM_V3/src/VGA/vga_subsystem_top.vhd Line: 84
Info (176233): Starting register packing
Warning (176250): Ignoring invalid fast I/O register assignments. See the Ignored Assignments panel in the Fitter Compilation Report for more information.
Info (176235): Finished register packing
    Extra Info (176218): Packed 16 registers into blocks of type I/O Input Buffer
    Extra Info (176218): Packed 16 registers into blocks of type I/O Output Buffer
    Extra Info (176220): Created 13 register duplicates
Info (176214): Statistics of I/O pins that need to be placed that use the same VCCIO and VREF, before I/O pin placement
    Info (176211): Number of I/O pins in group: 5 (unused VREF, 2.5V VCCIO, 4 input, 1 output, 0 bidirectional)
        Info (176212): I/O standards used: 2.5 V.
    Info (176211): Number of I/O pins in group: 5 (unused VREF, 3.3V VCCIO, 0 input, 5 output, 0 bidirectional)
        Info (176212): I/O standards used: 3.3-V LVTTL.
Info (176215): I/O bank details before I/O pin placement
    Info (176214): Statistics of I/O banks
        Info (176213): I/O bank number 1 does not use VREF pins and has 3.3V VCCIO pins. 8 total pin(s) used --  6 pins available
        Info (176213): I/O bank number 2 does not use VREF pins and has 3.3V VCCIO pins. 13 total pin(s) used --  3 pins available
        Info (176213): I/O bank number 3 does not use VREF pins and has 3.3V VCCIO pins. 24 total pin(s) used --  1 pins available
        Info (176213): I/O bank number 4 does not use VREF pins and has undetermined VCCIO pins. 0 total pin(s) used --  20 pins available
        Info (176213): I/O bank number 5 does not use VREF pins and has undetermined VCCIO pins. 1 total pin(s) used --  17 pins available
        Info (176213): I/O bank number 6 does not use VREF pins and has 3.3V VCCIO pins. 10 total pin(s) used --  3 pins available
        Info (176213): I/O bank number 7 does not use VREF pins and has 3.3V VCCIO pins. 13 total pin(s) used --  11 pins available
        Info (176213): I/O bank number 8 does not use VREF pins and has undetermined VCCIO pins. 12 total pin(s) used --  12 pins available
Info (128000): Starting physical synthesis optimizations for speed
Info (128001): Physical synthesis optimizations for speed complete: elapsed time is 00:00:00
Warning (15705): Ignored locations or region assignments to the following nodes
    Warning (15706): Node "LED[0]" is assigned to location or region, but does not exist in design
    Warning (15706): Node "LED[1]" is assigned to location or region, but does not exist in design
    Warning (15706): Node "LED[2]" is assigned to location or region, but does not exist in design
    Warning (15706): Node "LED[3]" is assigned to location or region, but does not exist in design
    Warning (15706): Node "LED[4]" is assigned to location or region, but does not exist in design
    Warning (15706): Node "LED[5]" is assigned to location or region, but does not exist in design
    Warning (15706): Node "LED[6]" is assigned to location or region, but does not exist in design
    Warning (15706): Node "LED[7]" is assigned to location or region, but does not exist in design
Info (171121): Fitter preparation operations ending: elapsed time is 00:00:04
Info (14896): Fitter has disabled Advanced Physical Optimization because it is not supported for the current family.
Info (170189): Fitter placement preparation operations beginning
Info (170190): Fitter placement preparation operations ending: elapsed time is 00:00:00
Info (170191): Fitter placement operations beginning
Info (170137): Fitter placement was successful
Info (170192): Fitter placement operations ending: elapsed time is 00:00:03
Info (170193): Fitter routing operations beginning
Info (170195): Router estimated average interconnect usage is 1% of the available device resources
    Info (170196): Router estimated peak interconnect usage is 4% of the available device resources in the region that extends from location X21_Y11 to location X31_Y22
Info (170194): Fitter routing operations ending: elapsed time is 00:00:02
Info (11888): Total time spent on timing analysis during the Fitter is 0.78 seconds.
Info (334003): Started post-fitting delay annotation
Info (334004): Delay annotation completed successfully
Info (334003): Started post-fitting delay annotation
Info (334004): Delay annotation completed successfully
Info (11218): Fitter post-fit operations ending: elapsed time is 00:00:01
Warning (171167): Found invalid Fitter assignments. See the Ignored Assignments panel in the Fitter Compilation Report for more information.
Warning (169177): 44 pins must meet Intel FPGA requirements for 3.3-, 3.0-, and 2.5-V interfaces. For more information, refer to AN 447: Interfacing Cyclone IV E Devices with 3.3/3.0/2.5-V LVTTL/LVCMOS I/O Systems.
    Info (169178): Pin nTRST_i uses I/O standard 2.5 V at R13 File: D:/LAVORI/VGA_SUBSYSTEM_V3/src/top.vhd Line: 34
    Info (169178): Pin TCK_i uses I/O standard 2.5 V at A12 File: D:/LAVORI/VGA_SUBSYSTEM_V3/src/top.vhd Line: 35
    Info (169178): Pin TDI_i uses I/O standard 2.5 V at T14 File: D:/LAVORI/VGA_SUBSYSTEM_V3/src/top.vhd Line: 36
    Info (169178): Pin TMS_i uses I/O standard 2.5 V at N12 File: D:/LAVORI/VGA_SUBSYSTEM_V3/src/top.vhd Line: 38
    Info (169178): Pin SDRAM_DQ[0] uses I/O standard 3.3-V LVTTL at G2 File: D:/LAVORI/VGA_SUBSYSTEM_V3/src/top.vhd Line: 57
    Info (169178): Pin SDRAM_DQ[1] uses I/O standard 3.3-V LVTTL at G1 File: D:/LAVORI/VGA_SUBSYSTEM_V3/src/top.vhd Line: 57
    Info (169178): Pin SDRAM_DQ[2] uses I/O standard 3.3-V LVTTL at L8 File: D:/LAVORI/VGA_SUBSYSTEM_V3/src/top.vhd Line: 57
    Info (169178): Pin SDRAM_DQ[3] uses I/O standard 3.3-V LVTTL at K5 File: D:/LAVORI/VGA_SUBSYSTEM_V3/src/top.vhd Line: 57
    Info (169178): Pin SDRAM_DQ[4] uses I/O standard 3.3-V LVTTL at K2 File: D:/LAVORI/VGA_SUBSYSTEM_V3/src/top.vhd Line: 57
    Info (169178): Pin SDRAM_DQ[5] uses I/O standard 3.3-V LVTTL at J2 File: D:/LAVORI/VGA_SUBSYSTEM_V3/src/top.vhd Line: 57
    Info (169178): Pin SDRAM_DQ[6] uses I/O standard 3.3-V LVTTL at J1 File: D:/LAVORI/VGA_SUBSYSTEM_V3/src/top.vhd Line: 57
    Info (169178): Pin SDRAM_DQ[7] uses I/O standard 3.3-V LVTTL at R7 File: D:/LAVORI/VGA_SUBSYSTEM_V3/src/top.vhd Line: 57
    Info (169178): Pin SDRAM_DQ[8] uses I/O standard 3.3-V LVTTL at T4 File: D:/LAVORI/VGA_SUBSYSTEM_V3/src/top.vhd Line: 57
    Info (169178): Pin SDRAM_DQ[9] uses I/O standard 3.3-V LVTTL at T2 File: D:/LAVORI/VGA_SUBSYSTEM_V3/src/top.vhd Line: 57
    Info (169178): Pin SDRAM_DQ[10] uses I/O standard 3.3-V LVTTL at T3 File: D:/LAVORI/VGA_SUBSYSTEM_V3/src/top.vhd Line: 57
    Info (169178): Pin SDRAM_DQ[11] uses I/O standard 3.3-V LVTTL at R3 File: D:/LAVORI/VGA_SUBSYSTEM_V3/src/top.vhd Line: 57
    Info (169178): Pin SDRAM_DQ[12] uses I/O standard 3.3-V LVTTL at R5 File: D:/LAVORI/VGA_SUBSYSTEM_V3/src/top.vhd Line: 57
    Info (169178): Pin SDRAM_DQ[13] uses I/O standard 3.3-V LVTTL at P3 File: D:/LAVORI/VGA_SUBSYSTEM_V3/src/top.vhd Line: 57
    Info (169178): Pin SDRAM_DQ[14] uses I/O standard 3.3-V LVTTL at N3 File: D:/LAVORI/VGA_SUBSYSTEM_V3/src/top.vhd Line: 57
    Info (169178): Pin SDRAM_DQ[15] uses I/O standard 3.3-V LVTTL at K1 File: D:/LAVORI/VGA_SUBSYSTEM_V3/src/top.vhd Line: 57
    Info (169178): Pin KEY[0] uses I/O standard 3.3-V LVTTL at J15 File: D:/LAVORI/VGA_SUBSYSTEM_V3/src/top.vhd Line: 29
    Info (169178): Pin KEY[1] uses I/O standard 3.3-V LVTTL at E1 File: D:/LAVORI/VGA_SUBSYSTEM_V3/src/top.vhd Line: 29
    Info (169178): Pin CLOCK_50 uses I/O standard 3.3-V LVTTL at R8 File: D:/LAVORI/VGA_SUBSYSTEM_V3/src/top.vhd Line: 24
    Info (169178): Pin data_bus[1] uses I/O standard 3.3-V LVTTL at C3 File: D:/LAVORI/VGA_SUBSYSTEM_V3/src/top.vhd Line: 44
    Info (169178): Pin addr_bus[0] uses I/O standard 3.3-V LVTTL at C9 File: D:/LAVORI/VGA_SUBSYSTEM_V3/src/top.vhd Line: 43
    Info (169178): Pin addr_bus[2] uses I/O standard 3.3-V LVTTL at C11 File: D:/LAVORI/VGA_SUBSYSTEM_V3/src/top.vhd Line: 43
    Info (169178): Pin addr_bus[1] uses I/O standard 3.3-V LVTTL at E11 File: D:/LAVORI/VGA_SUBSYSTEM_V3/src/top.vhd Line: 43
    Info (169178): Pin data_bus[2] uses I/O standard 3.3-V LVTTL at A3 File: D:/LAVORI/VGA_SUBSYSTEM_V3/src/top.vhd Line: 44
    Info (169178): Pin data_bus[3] uses I/O standard 3.3-V LVTTL at B4 File: D:/LAVORI/VGA_SUBSYSTEM_V3/src/top.vhd Line: 44
    Info (169178): Pin data_bus[4] uses I/O standard 3.3-V LVTTL at B5 File: D:/LAVORI/VGA_SUBSYSTEM_V3/src/top.vhd Line: 44
    Info (169178): Pin data_bus[0] uses I/O standard 3.3-V LVTTL at D3 File: D:/LAVORI/VGA_SUBSYSTEM_V3/src/top.vhd Line: 44
    Info (169178): Pin pixel_stb uses I/O standard 3.3-V LVTTL at D11 File: D:/LAVORI/VGA_SUBSYSTEM_V3/src/top.vhd Line: 45
    Info (169178): Pin cmd_stb uses I/O standard 3.3-V LVTTL at B12 File: D:/LAVORI/VGA_SUBSYSTEM_V3/src/top.vhd Line: 46
    Info (169178): Pin data_bus[5] uses I/O standard 3.3-V LVTTL at D5 File: D:/LAVORI/VGA_SUBSYSTEM_V3/src/top.vhd Line: 44
    Info (169178): Pin data_bus[7] uses I/O standard 3.3-V LVTTL at D6 File: D:/LAVORI/VGA_SUBSYSTEM_V3/src/top.vhd Line: 44
    Info (169178): Pin data_bus[9] uses I/O standard 3.3-V LVTTL at E6 File: D:/LAVORI/VGA_SUBSYSTEM_V3/src/top.vhd Line: 44
    Info (169178): Pin data_bus[8] uses I/O standard 3.3-V LVTTL at C6 File: D:/LAVORI/VGA_SUBSYSTEM_V3/src/top.vhd Line: 44
    Info (169178): Pin data_bus[6] uses I/O standard 3.3-V LVTTL at A6 File: D:/LAVORI/VGA_SUBSYSTEM_V3/src/top.vhd Line: 44
    Info (169178): Pin data_bus[10] uses I/O standard 3.3-V LVTTL at D8 File: D:/LAVORI/VGA_SUBSYSTEM_V3/src/top.vhd Line: 44
    Info (169178): Pin data_bus[11] uses I/O standard 3.3-V LVTTL at F8 File: D:/LAVORI/VGA_SUBSYSTEM_V3/src/top.vhd Line: 44
    Info (169178): Pin data_bus[12] uses I/O standard 3.3-V LVTTL at E9 File: D:/LAVORI/VGA_SUBSYSTEM_V3/src/top.vhd Line: 44
    Info (169178): Pin data_bus[13] uses I/O standard 3.3-V LVTTL at D9 File: D:/LAVORI/VGA_SUBSYSTEM_V3/src/top.vhd Line: 44
    Info (169178): Pin data_bus[14] uses I/O standard 3.3-V LVTTL at E10 File: D:/LAVORI/VGA_SUBSYSTEM_V3/src/top.vhd Line: 44
    Info (169178): Pin data_bus[15] uses I/O standard 3.3-V LVTTL at B11 File: D:/LAVORI/VGA_SUBSYSTEM_V3/src/top.vhd Line: 44
Info (144001): Generated suppressed messages file D:/LAVORI/VGA_SUBSYSTEM_V3/output_files/VGA_Subsystem.fit.smsg
Info: Quartus Prime Fitter was successful. 0 errors, 31 warnings
    Info: Peak virtual memory: 5602 megabytes
    Info: Processing ended: Sat May  9 14:58:40 2026
    Info: Elapsed time: 00:00:19
    Info: Total CPU time (on all processors): 00:00:16


+----------------------------+
; Fitter Suppressed Messages ;
+----------------------------+
The suppressed messages can be found in D:/LAVORI/VGA_SUBSYSTEM_V3/output_files/VGA_Subsystem.fit.smsg.


